Cadence Genus(TM) Synthesis Solution.
Copyright 2025 Cadence Design Systems, Inc. All rights reserved worldwide.
Cadence and the Cadence logo are registered trademarks and Genus is a trademark
of Cadence Design Systems, Inc. in the United States and other countries.

[15:49:30.171953] Configured Lic search path (25.01-s002): 5280@ec2-44-229-184-69.us-west-2.compute.amazonaws.com

Version: 25.12-s067_1, built Mon Nov 17 08:10:10 PST 2025
Options: -log synth_flow.log -files ./script.tcl 
Date:    Sat Jul 25 15:49:30 2026
Host:    localhost.localdomain (x86_64 w/Linux 5.14.0-687.29.1.el9_8.x86_64) (8cores*16cpus*1physical cpu*AMD Ryzen 7 5700G with Radeon Graphics 512KB) (31967232KB)
PID:     60978
OS:      Rocky Linux 9.8 (Blue Onyx)

Checking out license: Genus_Synthesis
[15:49:42.047624] Periodic Lic check successful
[15:49:42.047634] Feature usage summary:
[15:49:42.047635] Genus_Synthesis  
License checkout complete (12 seconds elapsed).


***********************************************************************************************************
***********************************************************************************************************



Finished executable startup (17 seconds elapsed).

Loading tool scripts...
Finished loading tool scripts (12 seconds elapsed).

#@ Processing -files option
@genus:root: 1> source ./script.tcl
#@ Begin verbose source ./script.tcl
@file(script.tcl) 1: read_libs { ../LIB/fast_vdd1v0_basicCells.lib ../LIB/slow_vdd1v0_basicCells.lib }

  Message Summary for Library both libraries:
  *******************************************
  Missing a function attribute in the output pin definition. [LBR-518]: 2
  *******************************************
 
Warning : Libraries have inconsistent nominal operating conditions. In the Liberty library, there are attributes called nom_voltage, nom_process and nom_temperature. Genus reports the message, if the respective values of the 2 given .libs differ. [LBR-38]
        : The libraries are 'fast_vdd1v0' and 'slow_vdd1v0'.
        : This is a common source of delay calculation confusion and should be avoided.
Info    : Library name multiply defined. [LBR-13]
        : The nominal PVT of library 'slow_vdd1v0', file '/home/cidigital/projects/aulas-ci-digital/aula_25_07/LAB02/LIB/slow_vdd1v0_basicCells.lib' does not match with the nominal PVT of same name library being read now.
        : Same library name with different PVT will be treated as voltage scaled library.
Info    : Created nominal operating condition. [LBR-412]
        : Operating condition '_nominal_' was created for the PVT values (1.000000, 1.100000, 0.000000) in library 'fast_vdd1v0_basicCells.lib'.
        : The nominal operating condition is represented, either by the nominal PVT values specified in the library source (via nom_process,nom_voltage and nom_temperature respectively), or by the default PVT values (1.0,1.0,1.0).
Info    : Created nominal operating condition. [LBR-412]
        : Operating condition '_nominal_' was created for the PVT values (1.000000, 0.900000, 125.000000) in library 'slow_vdd1v0_basicCells.lib'.
Warning : Library cell has no output pins defined. [LBR-9]
        : Library cell 'ANTENNA' must have an output pin.
        : Add the missing output pin(s), then reload the library. Else the library cell will be marked as timing model i.e. unusable. Timing_model means that the cell does not have any defined function. If there is no output pin, Genus will mark library cell as unusable i.e. the attribute 'usable' will be marked to 'false' on the libcell. Therefore, the cell is not used for mapping and it will not be picked up from the library for synthesis. If you query the attribute 'unusable_reason' on the libcell; result will be: 'Library cell has no output pins.'Note: The message LBR-9 is only for the logical pins and not for the power_ground pins. Genus will depend upon the output function defined in the pin group (output pin) of the cell, to use it for mapping. The pg_pin will not have any function defined.
Warning : Library cell has no output pins defined. [LBR-9]
        : Library cell 'ANTENNA' must have an output pin.
Warning : Library cell has no output pins defined. [LBR-9]
        : Library cell 'ANTENNA' must have an output pin.
Warning : Library cell has no output pins defined. [LBR-9]
        : Library cell 'ANTENNA' must have an output pin.
Warning : Multiply-defined library cell. [LBR-22]
        : Library-cell name collision (fast_vdd1v0/ACHCONX2 and slow_vdd1v0/ACHCONX2).  Deleting (slow_vdd1v0/ACHCONX2).
        : Library cell names must be unique.  Any duplicates will be deleted.  Only the first (as determined by the order of libraries) will be retained.
Warning : Multiply-defined library cell. [LBR-22]
        : Library-cell name collision (fast_vdd1v0/ADDFHX1 and slow_vdd1v0/ADDFHX1).  Deleting (slow_vdd1v0/ADDFHX1).
Warning : Multiply-defined library cell. [LBR-22]
        : Library-cell name collision (fast_vdd1v0/ADDFHX2 and slow_vdd1v0/ADDFHX2).  Deleting (slow_vdd1v0/ADDFHX2).
Warning : Multiply-defined library cell. [LBR-22]
        : Library-cell name collision (fast_vdd1v0/ADDFHX4 and slow_vdd1v0/ADDFHX4).  Deleting (slow_vdd1v0/ADDFHX4).
Warning : Multiply-defined library cell. [LBR-22]
        : Library-cell name collision (fast_vdd1v0/ADDFHXL and slow_vdd1v0/ADDFHXL).  Deleting (slow_vdd1v0/ADDFHXL).
Warning : Multiply-defined library cell. [LBR-22]
        : Library-cell name collision (fast_vdd1v0/ADDFX1 and slow_vdd1v0/ADDFX1).  Deleting (slow_vdd1v0/ADDFX1).
Warning : Multiply-defined library cell. [LBR-22]
        : Library-cell name collision (fast_vdd1v0/ADDFX2 and slow_vdd1v0/ADDFX2).  Deleting (slow_vdd1v0/ADDFX2).
Warning : Multiply-defined library cell. [LBR-22]
        : Library-cell name collision (fast_vdd1v0/ADDFX4 and slow_vdd1v0/ADDFX4).  Deleting (slow_vdd1v0/ADDFX4).
Warning : Multiply-defined library cell. [LBR-22]
        : Library-cell name collision (fast_vdd1v0/ADDFXL and slow_vdd1v0/ADDFXL).  Deleting (slow_vdd1v0/ADDFXL).
Warning : Multiply-defined library cell. [LBR-22]
        : Library-cell name collision (fast_vdd1v0/ADDHX1 and slow_vdd1v0/ADDHX1).  Deleting (slow_vdd1v0/ADDHX1).
Warning : Multiply-defined library cell. [LBR-22]
        : Library-cell name collision (fast_vdd1v0/ADDHX2 and slow_vdd1v0/ADDHX2).  Deleting (slow_vdd1v0/ADDHX2).
Warning : Multiply-defined library cell. [LBR-22]
        : Library-cell name collision (fast_vdd1v0/ADDHX4 and slow_vdd1v0/ADDHX4).  Deleting (slow_vdd1v0/ADDHX4).
Warning : Multiply-defined library cell. [LBR-22]
        : Library-cell name collision (fast_vdd1v0/ADDHXL and slow_vdd1v0/ADDHXL).  Deleting (slow_vdd1v0/ADDHXL).
Warning : Multiply-defined library cell. [LBR-22]
        : Library-cell name collision (fast_vdd1v0/AND2X1 and slow_vdd1v0/AND2X1).  Deleting (slow_vdd1v0/AND2X1).
Warning : Multiply-defined library cell. [LBR-22]
        : Library-cell name collision (fast_vdd1v0/AND2X2 and slow_vdd1v0/AND2X2).  Deleting (slow_vdd1v0/AND2X2).
Warning : Multiply-defined library cell. [LBR-22]
        : Library-cell name collision (fast_vdd1v0/AND2X4 and slow_vdd1v0/AND2X4).  Deleting (slow_vdd1v0/AND2X4).
Warning : Multiply-defined library cell. [LBR-22]
        : Library-cell name collision (fast_vdd1v0/AND2X6 and slow_vdd1v0/AND2X6).  Deleting (slow_vdd1v0/AND2X6).
Warning : Multiply-defined library cell. [LBR-22]
        : Library-cell name collision (fast_vdd1v0/AND2X8 and slow_vdd1v0/AND2X8).  Deleting (slow_vdd1v0/AND2X8).
Warning : Multiply-defined library cell. [LBR-22]
        : Library-cell name collision (fast_vdd1v0/AND2XL and slow_vdd1v0/AND2XL).  Deleting (slow_vdd1v0/AND2XL).
Warning : Multiply-defined library cell. [LBR-22]
        : Library-cell name collision (fast_vdd1v0/AND3X1 and slow_vdd1v0/AND3X1).  Deleting (slow_vdd1v0/AND3X1).
Warning : Maximum message print count reached. [MESG-11]
        : Maximum print count of '20' reached for message 'LBR-22'.
@file(script.tcl) 2: read_hdl "./mac_param.v"
@file(script.tcl) 3: elaborate
  Libraries have 324 usable logic and 128 usable sequential lib-cells.
Info    : Elaborating Design. [ELAB-1]
        : Elaborating top-level block 'mac_param' from file 'mac_param.v'.
Warning : Using default parameter value for module elaboration. [CDFG-818]
        : Elaborating block 'mac_param' with default parameters value.
Info    : Done Elaborating Design. [ELAB-3]
        : Done elaborating 'mac_param'.
Checking for source RTL...
Check completed for source RTL.
Running Unified Mux Engine Tricks...
Completed Unified Mux Engine Tricks

Stage: post_elab
-------------------------------------------------------
| Trick             | Accepts | Rejects | Runtime (s) | 
-------------------------------------------------------
| ume_constant_bmux |       0 |       0 |        0.00 | 
| ume_merge         |       0 |       0 |        0.00 | 
| ume_ssm           |       0 |       0 |        0.00 | 
| ume_cse           |       1 |       0 |        0.01 | 
| ume_shrink        |       0 |       0 |        0.00 | 
| ume_sweep         |       0 |       0 |        0.00 | 
| ume_constant_bmux |       0 |       0 |        0.00 | 
| ume_merge         |       0 |       0 |        0.00 | 
| ume_ssm           |       0 |       0 |        0.00 | 
| ume_cse           |       0 |       0 |        0.01 | 
| ume_shrink        |       0 |       0 |        0.00 | 
| ume_sweep         |       0 |       0 |        0.00 | 
-------------------------------------------------------
Starting optimize datapath shifters [v1.0] (stage: post_elab, startdef: mac_param, recur: true)
Completed optimize datapath shifters (accepts: 0, rejects: 0, runtime: 0.000s)
Starting clip mux common data inputs [v1.0] (stage: post_elab, startdef: mac_param, recur: true)
Completed clip mux common data inputs (accepts: 0, rejects: 0, runtime: 0.000s)
Starting clip the non-user hierarchies [v2.0] (stage: post_elab, startdef: mac_param, recur: true)
Completed clip the non-user hierarchies (accepts: 0, rejects: 0, runtime: 0.000s)
Starting basic netlist cleanup [v1.0] (stage: post_elab, startdef: mac_param, recur: true)
Completed basic netlist cleanup (accepts: 0, rejects: 0, runtime: 0.000s)

Stage: post_elab
--------------------------------------------------------------------
| Transform                      | Accepts | Rejects | Runtime (s) | 
--------------------------------------------------------------------
| hlo_optimize_datapath_shifters |       0 |       0 |        0.00 | 
| hlo_clip_mux_input             |       0 |       0 |        0.00 | 
| hlo_clip                       |       0 |       0 |        0.00 | 
| hlo_cleanup                    |       0 |       0 |        0.00 | 
--------------------------------------------------------------------
UM:   flow.cputime  flow.realtime  timing.setup.tns  timing.setup.wns  snapshot
UM:*                                                                   elaborate
@file(script.tcl) 4: check_design -unresolved


 	 Check Design Report (c)
	 ------------------- 

  Unresolved References & Empty Modules
  ------------------------------------- 
No unresolved references in design 'mac_param'

No empty modules in design 'mac_param'

  Done Checking the design.
@file(script.tcl) 5: read_sdc ./constrain.sdc
Statistics for commands executed by read_sdc:
 "create_clock"             - successful      1 , failed      0 (runtime  0.01)
 "get_ports"                - successful      2 , failed      0 (runtime  0.01)
 "set_load"                 - successful      1 , failed      0 (runtime  0.00)
read_sdc completed in 00:00:00 (hh:mm:ss)
@file(script.tcl) 6: set_db / .syn_generic_effort medium
  Setting attribute of root '/': 'syn_generic_effort' = medium
@file(script.tcl) 7: set_db / .syn_map_effort medium
  Setting attribute of root '/': 'syn_map_effort' = medium
@file(script.tcl) 8: set_db / .syn_opt_effort medium
  Setting attribute of root '/': 'syn_opt_effort' = medium
@file(script.tcl) 9: syn_generic
stamp 'PBS_Generic-Start' being created for table 'pbs_debug'

  Total Time (Wall) |  Stage Time (Wall)  |   % (Wall)   |    Date - Time     |  Memory   | Stage
--------------------+---------------------+--------------+--------------------+-----------+----------------------
 00:00:18(00:00:14) |  00:00:00(00:00:00) |   0.0(  0.0) |   15:49:56 (Jul25) |  926.0 MB | PBS_Generic-Start
--------------------+---------------------+--------------+--------------------+-----------+----------------------
Number of threads: 8 * 1   (id: pbs_debug, time_info v1.57)
Info: (*N*) indicates data that was populated from previously saved time_info database
Info: CPU time includes time of parent + longest thread

Stage: pre_early_cg
-----------------------------------------------
| Transform | Accepts | Rejects | Runtime (s) | 
-----------------------------------------------
-----------------------------------------------
Mapping ChipWare ICG instances in mac_param
Found 0 unmapped ChipWare ICG instances
Mapped 0 of 0 ChipWare ICG instances
##Generic Timing Info: typical gate delay   31.6 ps   std_slew:    4.4 ps   std_load:  0.7 fF  for library domain _default_
Starting mux data reorder optimization [v1.0] (stage: pre_to_gen_setup, startdef: mac_param, recur: true)
Completed mux data reorder optimization (accepts: 0, rejects: 0, runtime: 0.000s)

Stage: pre_to_gen_setup
-----------------------------------------------------
| Transform       | Accepts | Rejects | Runtime (s) | 
-----------------------------------------------------
| hlo_mux_reorder |       0 |       0 |        0.00 | 
-----------------------------------------------------
Running DP early constant propagation (netlist mac_param)...
Running DP early redundancy removal
Completed DP early redundancy removal on mac_param (runtime = 0.0s)
Multi-threaded constant propagation [4|0] ...
...done running DP early constant propagation (0 seconds CPU time, 1 seconds wall time, netlist mac_param).
Info    : Synthesizing. [SYNTH-1]
        : Synthesizing 'mac_param' to generic gates using 'medium' effort.
Running Synthesis Turbo Flow Version 4.
Info    : Partition Based Synthesis execution skipped. [PHYS-752]
        : Design size is less than the partition size '100000' for distributed generic optimization to kick in.
Starting mux data reorder optimization [v1.0] (stage: pre_to_gen_setup, startdef: mac_param, recur: true)
Completed mux data reorder optimization (accepts: 0, rejects: 0, runtime: 0.001s)

Stage: pre_to_gen_setup
-----------------------------------------------------
| Transform       | Accepts | Rejects | Runtime (s) | 
-----------------------------------------------------
| hlo_mux_reorder |       0 |       0 |        0.00 | 
-----------------------------------------------------
Starting mux data reorder optimization [v1.0] (stage: post_to_gen_setup, startdef: mac_param, recur: true)
Completed mux data reorder optimization (accepts: 0, rejects: 0, runtime: 0.000s)

Stage: post_to_gen_setup
-----------------------------------------------------
| Transform       | Accepts | Rejects | Runtime (s) | 
-----------------------------------------------------
| hlo_mux_reorder |       0 |       0 |        0.00 | 
-----------------------------------------------------
Running Unified Mux Engine Tricks...
Completed Unified Mux Engine Tricks

Stage: pre_hlo_rtlopt
-----------------------------------------------
| Trick     | Accepts | Rejects | Runtime (s) | 
-----------------------------------------------
| ume_ssm   |       0 |       0 |        0.00 | 
| ume_sweep |       0 |       0 |        0.00 | 
| ume_share |       0 |       0 |        0.00 | 
-----------------------------------------------
Begin SDR optimization CTX_region 
No special hier is found 
End SDR optimization CTX_region 
Begin SDR optimization UME_region 
No special hier is found 
End SDR optimization UME_region 
Begin SDR optimization IMPL_BASED_region 
No special hier is found 
End SDR optimization IMPL_BASED_region 
Starting timing based select reordering [v1.0] (stage: pre_rtlopt, startdef: mac_param, recur: true)
Completed timing based select reordering (accepts: 0, rejects: 0, runtime: 0.085s)
Starting recase case-box optimization [v1.0] (stage: pre_rtlopt, startdef: mac_param, recur: true)
Completed recase case-box optimization (accepts: 0, rejects: 0, runtime: 0.005s)
Starting infer macro optimization [v1.0] (stage: pre_rtlopt, startdef: mac_param, recur: true)
Completed infer macro optimization (accepts: 0, rejects: 0, runtime: 0.004s)
Starting decode mux sandwich optimization [v2.0] (stage: pre_rtlopt, startdef: mac_param, recur: true)
Completed decode mux sandwich optimization (accepts: 0, rejects: 0, runtime: 0.000s)
Starting decode mux optimization [v1.0] (stage: pre_rtlopt, startdef: mac_param, recur: true)
Completed decode mux optimization (accepts: 0, rejects: 0, runtime: 0.000s)
Starting chop wide muxes [v1.0] (stage: pre_rtlopt, startdef: mac_param, recur: true)
Completed chop wide muxes (accepts: 0, rejects: 0, runtime: 0.000s)
Starting common data mux cascade opt [v1.0] (stage: pre_rtlopt, startdef: mac_param, recur: true)
Completed common data mux cascade opt (accepts: 0, rejects: 0, runtime: 0.000s)
Starting mux input consolidation [v1.0] (stage: pre_rtlopt, startdef: mac_param, recur: true)
Completed mux input consolidation (accepts: 0, rejects: 0, runtime: 0.000s)
Starting constant-data mux optimization [v1.0] (stage: pre_rtlopt, startdef: mac_param, recur: true)
Completed constant-data mux optimization (accepts: 0, rejects: 0, runtime: 0.000s)
Starting chain-to-tree inequality transform [v2.0] (stage: pre_rtlopt, startdef: mac_param, recur: true)
Completed chain-to-tree inequality transform (accepts: 0, rejects: 0, runtime: 0.004s)
Starting reconvergence optimization [v1.0] (stage: pre_rtlopt, startdef: mac_param, recur: true)
Completed reconvergence optimization (accepts: 0, rejects: 0, runtime: 0.000s)
Starting logic restructure optimization [v1.0] (stage: pre_rtlopt, startdef: mac_param, recur: true)
Completed logic restructure optimization (accepts: 0, rejects: 0, runtime: 0.000s)
Starting identity transform [v3.0] (stage: pre_rtlopt, startdef: mac_param, recur: true)
Completed identity transform (accepts: 0, rejects: 0, runtime: 0.000s)
Starting reduce operator chain [v1.0] (stage: pre_rtlopt, startdef: mac_param, recur: true)
Completed reduce operator chain (accepts: 0, rejects: 0, runtime: 0.000s)
Starting common data mux cascade opt [v1.0] (stage: pre_rtlopt, startdef: mac_param, recur: true)
Completed common data mux cascade opt (accepts: 0, rejects: 0, runtime: 0.000s)
Starting mux input consolidation [v1.0] (stage: pre_rtlopt, startdef: mac_param, recur: true)
Completed mux input consolidation (accepts: 0, rejects: 0, runtime: 0.001s)
Starting optimize datapath elements [v1.0] (stage: pre_rtlopt, startdef: mac_param, recur: true)
Completed optimize datapath elements (accepts: 1, rejects: 0, runtime: 0.001s)
Starting datapath recasting [v1.0] (stage: pre_rtlopt, startdef: mac_param, recur: true)
Completed datapath recasting (accepts: 0, rejects: 0, runtime: 0.000s)
Starting word-level redundancy removal [v1.0] (stage: pre_rtlopt, startdef: mac_param, recur: true)
Word-level redundancy removal for def mac_param (round= 0, cands= 1, i/o= 6/1)
Word-level redundancy removal for def mac_param (round= 1, cands= 1, i/o= 6/1)
Completed word-level redundancy removal (accepts: 0, rejects: 0, runtime: 0.100s)
Starting clip mux common data inputs [v1.0] (stage: pre_rtlopt, startdef: mac_param, recur: true)
Completed clip mux common data inputs (accepts: 0, rejects: 0, runtime: 0.000s)
Starting clip the non-user hierarchies [v2.0] (stage: pre_rtlopt, startdef: mac_param, recur: true)
Completed clip the non-user hierarchies (accepts: 0, rejects: 0, runtime: 0.000s)
Starting basic netlist cleanup [v1.0] (stage: pre_rtlopt, startdef: mac_param, recur: true)
Completed basic netlist cleanup (accepts: 0, rejects: 0, runtime: 0.000s)

Stage: pre_rtlopt
-----------------------------------------------------------------
| Transform                   | Accepts | Rejects | Runtime (s) | 
-----------------------------------------------------------------
| hlo_timing_reorder          |       0 |       0 |        0.09 | 
| hlo_recase_casebox          |       0 |       0 |        0.00 | 
| hlo_infer_macro             |       0 |       0 |        0.00 | 
| hlo_decode_mux_sandwich     |       0 |       0 |        0.00 | 
| hlo_mux_decode              |       0 |       0 |        0.00 | 
| hlo_chop_mux                |       0 |       0 |        0.00 | 
| hlo_mux_cascade_opt         |       0 |       0 |        0.00 | 
| hlo_mux_consolidation       |       0 |       0 |        0.00 | 
| hlo_constant_mux_opt        |       0 |       0 |        0.00 | 
| hlo_inequality_transform    |       0 |       0 |        0.00 | 
| hlo_reconv_opt              |       0 |       0 |        0.00 | 
| hlo_restructure             |       0 |       0 |        0.00 | 
| hlo_identity_transform      |       0 |       0 |        0.00 | 
| hlo_reduce_operator_chain   |       0 |       0 |        0.00 | 
| hlo_mux_cascade_opt         |       0 |       0 |        0.00 | 
| hlo_mux_consolidation       |       0 |       0 |        0.00 | 
| hlo_optimize_datapath       |       1 |       0 |        0.00 | 
| hlo_datapath_recast         |       0 |       0 |        0.00 | 
| hlo_redundancy_removal_word |       0 |       0 |        0.10 | 
| hlo_clip_mux_input          |       0 |       0 |        0.00 | 
| hlo_clip                    |       0 |       0 |        0.00 | 
| hlo_cleanup                 |       0 |       0 |        0.00 | 
-----------------------------------------------------------------
Running Unified Mux Engine Tricks...
Completed Unified Mux Engine Tricks

Stage: post_hlo_rtlopt
----------------------------------------------------------
| Trick                | Accepts | Rejects | Runtime (s) | 
----------------------------------------------------------
| ume_sweep_aggressive |       0 |       0 |        0.00 | 
| ume_runtime          |       0 |       0 |        0.00 | 
----------------------------------------------------------
Number of big hc bmuxes before = 0

==========================
 Sanity Check for PRE-DATAPATH 
==========================
                Boundary check : PASS (TOTAL:    4, PASS:    4, BREAK:    0, SKIPPED:    0)
     Hw code and builder check : PASS (TOTAL:    0, PASS:    0, BREAK:    0, SKIPPED:    0)
 PhaseTable connectivity check : PASS (TOTAL:    4, PASS:    4, BREAK:    0, SKIPPED:    0)
          Rebuildability check : PASS (TOTAL:    4, PASS:    4, BREAK:    0, SKIPPED:    0)
==========================

Info    : Pre-processed datapath logic. [DPOPT-6]
        : No pre-processing optimizations applied to datapath logic in 'mac_param'.

==========================
 Sanity Check for POST-PREPARE-NETLIST 
==========================
 PhaseTable connectivity check : PASS
==========================

Info    : Optimizing datapath logic. [DPOPT-1]
        : Optimizing datapath logic in 'mac_param'.

==========================
 Sanity Check for POST-TIM-MODEL 
==========================
        Model conversion check : PASS (TOTAL:    4, PASS:    4, BREAK:    0, SKIPPED:    0)
==========================

Info    : Implementing datapath configurations. [DPOPT-3]
        : Implementing datapath configurations for 'CDN_DP_region_0_1'
  CSAGen Prep Share:0 Re-Write:0 Speculation: 0

($signed({1'b0,in_0}) * $signed({1'b0,in_1}))
CDN_DP_region_0_1 level = 0 loads = 0 drivers = 0
CDN_DP_region_0_1_c0 in mac_param: area: 19367106150 , DP = 2  sg = slow     
    wns: 0  norm_wns:  -1.0000 
    tns:  0
 skipped
CDN_DP_region_0_1_c1 in mac_param: area: 18376795850 , CSA = 1  sg = fast     
    wns: 0  norm_wns:  -1.0000 
    tns:  0
 is current best
CDN_DP_region_0_1_c2 in mac_param: area: 18376795850 , CSA = 1  sg = very_slow
    wns: 0  norm_wns:  -1.0000 
    tns:  0
 is current best
CDN_DP_region_0_1_c3 in mac_param: area: 18376795850 , CSA = 1  sg = very_fast
    wns: 0  norm_wns:  -1.0000 
    tns:  0
 is current best
CDN_DP_region_0_1_c4 in mac_param: area: 18376795850 , CSA = 1  sg = very_fast
    wns: 0  norm_wns:  -1.0000 
    tns:  0
 is current best
CDN_DP_region_0_1_c5 in mac_param: area: 18376795850 , CSA = 1  sg = very_fast
    wns: 0  norm_wns:  -1.0000 
    tns:  0
 is current best
CDN_DP_region_0_1_c6 in mac_param: area: 18376795850 , CSA = 1  sg = very_fast
    wns: 0  norm_wns:  -1.0000 
    tns:  0
 is current best
CDN_DP_region_0_1_c7 in mac_param: area: 18379465150 , CSA = 1  sg = very_fast
    wns: 0  norm_wns:  -1.0000 
    tns:  0

Best config: CDN_DP_region_0_1_c6 in mac_param: area: 18376795850 , CSA = 1  sg = very_fast
    wns: 0  norm_wns:  -1.0000 
    tns:  0
  Smallest config area : 18376795850.  Fastest config wns;  0
##>+----------------------------------------------------------------------------------------------------------------------------------------------------------------+
##>Summary table of configs (Best config is CDN_DP_region_0_1_c6)
##>+----------------------------------------------------------------------------------------------------------------------------------------------------------------+
##>                     0                  1                  2                  3                  4                  5                  6                  7            
##>+----------------------------------------------------------------------------------------------------------------------------------------------------------------+
##>           Area      19367106150        18376795850        18376795850        18376795850        18376795850        18376795850        18376795850        18379465150  
##>            WNS          +773.40            +440.30            +440.30            +440.30            +440.30            +440.30            +440.30            +440.30  
##>            TNS                0                  0                  0                  0                  0                  0                  0                  0  
##>    Num Rewrite                0                  1                  1                  1                  1                  1                  1                  0  
##>      Num Share                0                  0                  0                  0                  0                  0                  0                  0  
##>  Num Speculate                0                  0                  0                  0                  0                  0                  0                  0  
##>        Num CSA                0                  1                  1                  1                  1                  1                  1                  1  
##>         Num DP                2                  0                  0                  0                  0                  0                  0                  0  
##>     Runtime(s)                0                  2                  1                  1                  1                  1                  1                  4  
+----------------------------------------------------------------------------------------------------------------------------------------------------------------+
##>
##>

CSA report for CDN_DP_region_0_1_c6, cover 0 
-------------------------
| POs | Operation | FRC | 
-------------------------
| 1   | mul_31_34 | -   | 
|     | add_31_30 | -   | 
-------------------------
------------------------------------------------------------------------------------------
| Input/Output | Driver | Type | Reason | Polarity | Bitwidth | Expression               | 
------------------------------------------------------------------------------------------
| add_31_30[0] | in_73  | PI   | -      | unsigned | 74       | in_73[73,0]              | 
| mul_31_34[0] | in_105 | PI   | -      | unsigned | 32       | in_105[31,0]             | 
| mul_31_34[1] | in_137 | PI   | -      | unsigned | 32       | in_137[31,0]             | 
| add_31_30    | -      | PO   | -      | unsigned | 74       | in_73[73,0]+in_105[31,0] | 
|              |        |      |        |          |          | *in_137[31,0]            | 
------------------------------------------------------------------------------------------
 
##>+-----------------------------------------------------------------------------------------------------------------------------------------------------------------------------------------------------+
##>Optimization Step DEBUG Table for config CDN_DP_region_0_1_c6
##>
##>                          Step                        Area   (  % Chg)         WNS (Change)          TNS (Change)                Power   (  % Chg)        Runtime (s)        Comment                   
##>+-----------------------------------------------------------------------------------------------------------------------------------------------------------------------------------------------------+
##>createMaxCarrySave              START            19367106150 (       )    107374955.80 (        )          0 (        )                    0 (       )              
##> datapath_rewrite_one_def       START            19367106150 (  +0.00)    107374955.80 (   +0.00)          0 (       0)                    0 (  +0.00)              
##>  fast_cse_elim                 START            19367106150 (  +0.00)    107374955.80 (   +0.00)          0 (       0)                    0 (  +0.00)              
##>                                  END            19367106150 (  +0.00)    107374955.80 (   +0.00)          0 (       0)                    0 (  +0.00)           0  
##>  fast_cse_elim                 START            19367106150 (  +0.00)    107374955.80 (   +0.00)          0 (       0)                    0 (  +0.00)              
##>                                  END            19367106150 (  +0.00)    107374955.80 (   +0.00)          0 (       0)                    0 (  +0.00)           0  
##>                                  END            19367106150 (  +0.00)    107374955.80 (   +0.00)          0 (       0)                    0 (  +0.00)           0  
##> dpopt_share_one_def            START            19367106150 (  +0.00)    107374955.80 (   +0.00)          0 (       0)                    0 (  +0.00)              
##>                                  END            19367106150 (  +0.00)    107374955.80 (   +0.00)          0 (       0)                    0 (  +0.00)           0  
##> csa_opto                       START            19367106150 (  +0.00)    214748364.70 (+107373408.90)          0 (       0)                    0 (  +0.00)              
##>                                  END            18387473050 (  -5.06)    214748364.70 (   +0.00)          0 (       0)                    0 (  +0.00)           0  
##>                                  END            18387473050 (  -5.06)    214748364.70 (+107373408.90)          0 (       0)                    0 (  +0.00)           0  
##>canonicalize_by_names           START            18387473050 (  +0.00)    214748364.70 (   +0.00)          0 (       0)                    0 (  +0.00)              
##>                                  END            18387473050 (  +0.00)    214748364.70 (   +0.00)          0 (       0)                    0 (  +0.00)           0  
##>datapath_rewrite_post_csa_one_  START            18387473050 (  +0.00)    214748364.70 (   +0.00)          0 (       0)                    0 (  +0.00)              
##> rewrite                        START            18387473050 (  +0.00)    214748364.70 (   +0.00)          0 (       0)                    0 (  +0.00)              (a,ar) csa_add_and_inc_v2 --> csa_add_ci
##>                                  END            18376795850 (  -0.06)    214748364.70 (   +0.00)          0 (       0)                    0 (  +0.00)           0  
##>                                  END            18376795850 (  -0.06)    214748364.70 (   +0.00)          0 (       0)                    0 (  +0.00)           0  
##>datapath_csa_factoring_one_gde  START            18376795850 (  +0.00)    214748364.70 (   +0.00)          0 (       0)                    0 (  +0.00)              
##>                                  END            18376795850 (  +0.00)    214748364.70 (   +0.00)          0 (       0)                    0 (  +0.00)           0  
##>dpopt_share_one_def             START            18376795850 (  +0.00)    214748364.70 (   +0.00)          0 (       0)                    0 (  +0.00)              
##>                                  END            18376795850 (  +0.00)    214748364.70 (   +0.00)          0 (       0)                    0 (  +0.00)           0  
##>datapath_rewrite_post_share     START            18376795850 (  +0.00)    214748364.70 (   +0.00)          0 (       0)                    0 (  +0.00)              
##>                                  END            18376795850 (  +0.00)    214748364.70 (   +0.00)          0 (       0)                    0 (  +0.00)           0  
##>dp_combine_const_mult_with_com  START            18376795850 (  +0.00)    214748364.70 (   +0.00)          0 (       0)                    0 (  +0.00)              
##>                                  END            18376795850 (  +0.00)    214748364.70 (   +0.00)          0 (       0)                    0 (  +0.00)           0  
##>dp_operator_level_decompositio  START            18376795850 (  +0.00)    214748364.70 (   +0.00)          0 (       0)                    0 (  +0.00)              
##>                                  END            18376795850 (  +0.00)    214748364.70 (   +0.00)          0 (       0)                    0 (  +0.00)           0  
##>selective_flatten_dp_config     START            18376795850 (  +0.00)    214748364.70 (   +0.00)          0 (       0)                    0 (  +0.00)              
##>                                  END            18376795850 (  +0.00)    214748364.70 (   +0.00)          0 (       0)                    0 (  +0.00)           0  
##>createMaxCarrySave              START            18376795850 (  +0.00)    214748364.70 (   +0.00)          0 (       0)                    0 (  +0.00)              
##> datapath_rewrite_one_def       START            18376795850 (  +0.00)    214748364.70 (   +0.00)          0 (       0)                    0 (  +0.00)              
##>  fast_cse_elim                 START            18376795850 (  +0.00)    214748364.70 (   +0.00)          0 (       0)                    0 (  +0.00)              
##>                                  END            18376795850 (  +0.00)    214748364.70 (   +0.00)          0 (       0)                    0 (  +0.00)           0  
##>  fast_cse_elim                 START            18376795850 (  +0.00)    214748364.70 (   +0.00)          0 (       0)                    0 (  +0.00)              
##>                                  END            18376795850 (  +0.00)    214748364.70 (   +0.00)          0 (       0)                    0 (  +0.00)           0  
##>                                  END            18376795850 (  +0.00)    214748364.70 (   +0.00)          0 (       0)                    0 (  +0.00)           0  
##> dpopt_share_one_def            START            18376795850 (  +0.00)    214748364.70 (   +0.00)          0 (       0)                    0 (  +0.00)              
##>                                  END            18376795850 (  +0.00)    214748364.70 (   +0.00)          0 (       0)                    0 (  +0.00)           0  
##> csa_opto                       START            18376795850 (  +0.00)    214748364.70 (   +0.00)          0 (       0)                    0 (  +0.00)              
##>                                  END            18376795850 (  +0.00)    214748364.70 (   +0.00)          0 (       0)                    0 (  +0.00)           0  
##>                                  END            18376795850 (  +0.00)    214748364.70 (   +0.00)          0 (       0)                    0 (  +0.00)           0  
##>datapath_rewrite_post_csa_one_  START            18376795850 (  +0.00)    214748364.70 (   +0.00)          0 (       0)                    0 (  +0.00)              
##>                                  END            18376795850 (  +0.00)    214748364.70 (   +0.00)          0 (       0)                    0 (  +0.00)           0  
##>datapath_csa_factoring_one_gde  START            18376795850 (  +0.00)    214748364.70 (   +0.00)          0 (       0)                    0 (  +0.00)              
##>                                  END            18376795850 (  +0.00)    214748364.70 (   +0.00)          0 (       0)                    0 (  +0.00)           0  
##>dpopt_share_one_def             START            18376795850 (  +0.00)    214748364.70 (   +0.00)          0 (       0)                    0 (  +0.00)              
##>                                  END            18376795850 (  +0.00)    214748364.70 (   +0.00)          0 (       0)                    0 (  +0.00)           0  
##>datapath_rewrite_post_share     START            18376795850 (  +0.00)    214748364.70 (   +0.00)          0 (       0)                    0 (  +0.00)              
##>                                  END            18376795850 (  +0.00)    214748364.70 (   +0.00)          0 (       0)                    0 (  +0.00)           0  
##>dp_combine_const_mult_with_com  START            18376795850 (  +0.00)    214748364.70 (   +0.00)          0 (       0)                    0 (  +0.00)              
##>                                  END            18376795850 (  +0.00)    214748364.70 (   +0.00)          0 (       0)                    0 (  +0.00)           0  
##>dp_operator_level_decompositio  START            18376795850 (  +0.00)    214748364.70 (   +0.00)          0 (       0)                    0 (  +0.00)              
##>                                  END            18376795850 (  +0.00)    214748364.70 (   +0.00)          0 (       0)                    0 (  +0.00)           0  
##>selective_flatten_dp_config     START            18376795850 (  +0.00)    214748364.70 (   +0.00)          0 (       0)                    0 (  +0.00)              
##>                                  END            18376795850 (  +0.00)    214748364.70 (   +0.00)          0 (       0)                    0 (  +0.00)           0  
##>createMaxCarrySave              START            18376795850 (  +0.00)    214748364.70 (   +0.00)          0 (       0)                    0 (  +0.00)              
##> datapath_rewrite_one_def       START            18376795850 (  +0.00)    214748364.70 (   +0.00)          0 (       0)                    0 (  +0.00)              
##>  fast_cse_elim                 START            18376795850 (  +0.00)    214748364.70 (   +0.00)          0 (       0)                    0 (  +0.00)              
##>                                  END            18376795850 (  +0.00)    214748364.70 (   +0.00)          0 (       0)                    0 (  +0.00)           0  
##>  fast_cse_elim                 START            18376795850 (  +0.00)    214748364.70 (   +0.00)          0 (       0)                    0 (  +0.00)              
##>                                  END            18376795850 (  +0.00)    214748364.70 (   +0.00)          0 (       0)                    0 (  +0.00)           0  
##>                                  END            18376795850 (  +0.00)    214748364.70 (   +0.00)          0 (       0)                    0 (  +0.00)           0  
##> dpopt_share_one_def            START            18376795850 (  +0.00)    214748364.70 (   +0.00)          0 (       0)                    0 (  +0.00)              
##>                                  END            18376795850 (  +0.00)    214748364.70 (   +0.00)          0 (       0)                    0 (  +0.00)           0  
##> csa_opto                       START            18376795850 (  +0.00)    214748364.70 (   +0.00)          0 (       0)                    0 (  +0.00)              
##>                                  END            18376795850 (  +0.00)    214748364.70 (   +0.00)          0 (       0)                    0 (  +0.00)           0  
##>                                  END            18376795850 (  +0.00)    214748364.70 (   +0.00)          0 (       0)                    0 (  +0.00)           0  
##>context_based_simplify          START            18376795850 (  +0.00)    214748364.70 (   +0.00)          0 (       0)                    0 (  +0.00)              
##>                                  END            18376795850 (  +0.00)    214748364.70 (   +0.00)          0 (       0)                    0 (  +0.00)           0  
##>group_csa_final_adder_dp        START            18376795850 (  +0.00)    214748364.70 (   +0.00)          0 (       0)                    0 (  +0.00)              
##>                                  END            18376795850 (  +0.00)    214748364.70 (   +0.00)          0 (       0)                    0 (  +0.00)           0  
##>dpopt_flatten_critical_muxes_i  START            18376795850 (  +0.00)    214748364.70 (   +0.00)          0 (       0)                    0 (  +0.00)              
##>                                  END            18376795850 (  +0.00)    214748364.70 (   +0.00)          0 (       0)                    0 (  +0.00)           0  
##>create_score                    START            18376795850 (  +0.00)      440.30 (-214747924.40)          0 (       0)                    0 (  +0.00)              
##>                                  END            18376795850 (  +0.00)      440.30 (   +0.00)          0 (       0)                    0 (  +0.00)           0  
##>+-----------------------------------------------------------------------------------------------------------------------------------------------------------------------------------------------------+
Committed config: CDN_DP_region_0_1_c6
Info    : Done implementing datapath configurations. [DPOPT-4]
        : Selected 'very_fast' configuration 6 for module 'CDN_DP_region_0_1_c6'.
          Optimizations applied to 'very_fast' configuration:
            rewriting(1), factoring(0), sharing(0), cmultcse(0), downsizing(0), speculation(0)
Info    : Implementing datapath configurations. [DPOPT-3]
        : Implementing datapath configurations for 'CDN_DP_region_0_0'
  CSAGen Prep Share:0 Re-Write:0 Speculation: 0

CDN_DP_region_0_0 level = 0 loads = 0 drivers = 0
CDN_DP_region_0_0_c0 in mac_param: area: 142807550 , DP = 1  Mux = 1  other = 2  sg = slow     
    wns: 0  norm_wns:  -1.0000 
    tns:  0
 skipped
CDN_DP_region_0_0_c1 in mac_param: area: 117449200 , DP = 1  Mux = 1  other = 2  sg = fast     
    wns: 0  norm_wns:  -1.0000 
    tns:  0
 is current best
CDN_DP_region_0_0_c2 in mac_param: area: 117449200 , DP = 1  Mux = 1  other = 2  sg = very_slow
    wns: 0  norm_wns:  -1.0000 
    tns:  0
 is current best
CDN_DP_region_0_0_c3 in mac_param: area: 117449200 , DP = 1  Mux = 1  other = 2  sg = very_fast
    wns: 0  norm_wns:  -1.0000 
    tns:  0
 is current best
CDN_DP_region_0_0_c4 in mac_param: area: 117449200 , DP = 1  Mux = 1  other = 2  sg = very_fast
    wns: 0  norm_wns:  -1.0000 
    tns:  0
 is current best
CDN_DP_region_0_0_c5 in mac_param: area: 117449200 , DP = 1  Mux = 1  other = 2  sg = very_fast
    wns: 0  norm_wns:  -1.0000 
    tns:  0
 is current best
CDN_DP_region_0_0_c6 in mac_param: area: 117449200 , DP = 1  Mux = 1  other = 2  sg = very_fast
    wns: 0  norm_wns:  -1.0000 
    tns:  0
 is current best
CDN_DP_region_0_0_c7 in mac_param: area: 117449200 , DP = 1  Mux = 1  other = 2  sg = very_fast
    wns: 0  norm_wns:  -1.0000 
    tns:  0
 is current best
Best config: CDN_DP_region_0_0_c7 in mac_param: area: 117449200 , DP = 1  Mux = 1  other = 2  sg = very_fast
    wns: 0  norm_wns:  -1.0000 
    tns:  0
  Smallest config area : 117449200.  Fastest config wns;  0
##>+----------------------------------------------------------------------------------------------------------------------------------------------------------------+
##>Summary table of configs (Best config is CDN_DP_region_0_0_c7)
##>+----------------------------------------------------------------------------------------------------------------------------------------------------------------+
##>                     0                  1                  2                  3                  4                  5                  6                  7            
##>+----------------------------------------------------------------------------------------------------------------------------------------------------------------+
##>           Area        142807550          117449200          117449200          117449200          117449200          117449200          117449200          117449200  
##>            WNS          +974.50           +1008.90           +1008.90           +1008.90           +1008.90           +1008.90           +1008.90           +1008.90  
##>            TNS                0                  0                  0                  0                  0                  0                  0                  0  
##>    Num Rewrite                0                  0                  0                  0                  0                  0                  0                  0  
##>      Num Share                0                  0                  0                  0                  0                  0                  0                  0  
##>  Num Speculate                0                  0                  0                  0                  0                  0                  0                  0  
##>         Num DP                1                  1                  1                  1                  1                  1                  1                  1  
##>        Num Mux                1                  1                  1                  1                  1                  1                  1                  1  
##>      Num other                2                  2                  2                  2                  2                  2                  2                  2  
##>     Runtime(s)                0                  0                  0                  0                  0                  0                  0                  0  
+----------------------------------------------------------------------------------------------------------------------------------------------------------------+
##>
##>
##>+-----------------------------------------------------------------------------------------------------------------------------------------------------------------------------------------------------+
##>Optimization Step DEBUG Table for config CDN_DP_region_0_0_c7
##>
##>                          Step                        Area   (  % Chg)         WNS (Change)          TNS (Change)                Power   (  % Chg)        Runtime (s)        Comment                   
##>+-----------------------------------------------------------------------------------------------------------------------------------------------------------------------------------------------------+
##>EquationExtraction              START              142807550 (       )      974.50 (        )          0 (        )                    0 (       )              
##> rewrite                        START              205536100 ( +43.93)      968.60 (   -5.90)          0 (       0)                    0 (  +0.00)              (a,ar) Expr1_from --> Expr1_to
##>                                  END              353682250 ( +72.08)      968.60 (   +0.00)          0 (       0)                    0 (  +0.00)           0  
##>                                  END              142807550 (  +0.00)      974.50 (   +0.00)          0 (       0)                    0 (  +0.00)           0  
##>createMaxCarrySave              START              142807550 (  +0.00)      974.50 (   +0.00)          0 (       0)                    0 (  +0.00)              
##> datapath_rewrite_one_def       START              142807550 (  +0.00)      974.50 (   +0.00)          0 (       0)                    0 (  +0.00)              
##>                                  END              142807550 (  +0.00)      974.50 (   +0.00)          0 (       0)                    0 (  +0.00)           0  
##> csa_opto                       START              142807550 (  +0.00)      974.50 (   +0.00)          0 (       0)                    0 (  +0.00)              
##>                                  END              129461050 (  -9.35)      991.70 (  +17.20)          0 (       0)                    0 (  +0.00)           0  
##>                                  END              129461050 (  -9.35)      991.70 (  +17.20)          0 (       0)                    0 (  +0.00)           0  
##>canonicalize_by_names           START              129461050 (  +0.00)      991.70 (   +0.00)          0 (       0)                    0 (  +0.00)              
##>                                  END              129461050 (  +0.00)      991.70 (   +0.00)          0 (       0)                    0 (  +0.00)           0  
##>datapath_rewrite_post_csa_one_  START              129461050 (  +0.00)      991.70 (   +0.00)          0 (       0)                    0 (  +0.00)              
##>                                  END              129461050 (  +0.00)      991.70 (   +0.00)          0 (       0)                    0 (  +0.00)           0  
##>datapath_csa_factoring_one_gde  START              129461050 (  +0.00)      991.70 (   +0.00)          0 (       0)                    0 (  +0.00)              
##>                                  END              129461050 (  +0.00)      991.70 (   +0.00)          0 (       0)                    0 (  +0.00)           0  
##>dpopt_share_one_def             START              129461050 (  +0.00)      991.70 (   +0.00)          0 (       0)                    0 (  +0.00)              
##>                                  END              129461050 (  +0.00)      991.70 (   +0.00)          0 (       0)                    0 (  +0.00)           0  
##>datapath_rewrite_post_share     START              129461050 (  +0.00)      991.70 (   +0.00)          0 (       0)                    0 (  +0.00)              
##>                                  END              129461050 (  +0.00)      991.70 (   +0.00)          0 (       0)                    0 (  +0.00)           0  
##>dp_combine_const_mult_with_com  START              129461050 (  +0.00)      991.70 (   +0.00)          0 (       0)                    0 (  +0.00)              
##>                                  END              129461050 (  +0.00)      991.70 (   +0.00)          0 (       0)                    0 (  +0.00)           0  
##>dp_operator_level_decompositio  START              129461050 (  +0.00)      991.70 (   +0.00)          0 (       0)                    0 (  +0.00)              
##>                                  END              129461050 (  +0.00)      991.70 (   +0.00)          0 (       0)                    0 (  +0.00)           0  
##>selective_flatten_dp_config     START              129461050 (  +0.00)      991.70 (   +0.00)          0 (       0)                    0 (  +0.00)              
##>                                  END              129461050 (  +0.00)      991.70 (   +0.00)          0 (       0)                    0 (  +0.00)           0  
##>createMaxCarrySave              START              129461050 (  +0.00)      991.70 (   +0.00)          0 (       0)                    0 (  +0.00)              
##> datapath_rewrite_one_def       START              129461050 (  +0.00)      991.70 (   +0.00)          0 (       0)                    0 (  +0.00)              
##>  fast_cse_elim                 START              129461050 (  +0.00)      991.70 (   +0.00)          0 (       0)                    0 (  +0.00)              
##>                                  END              129461050 (  +0.00)      991.70 (   +0.00)          0 (       0)                    0 (  +0.00)           0  
##>  fast_cse_elim                 START              129461050 (  +0.00)      991.70 (   +0.00)          0 (       0)                    0 (  +0.00)              
##>                                  END              129461050 (  +0.00)      991.70 (   +0.00)          0 (       0)                    0 (  +0.00)           0  
##>                                  END              129461050 (  +0.00)      991.70 (   +0.00)          0 (       0)                    0 (  +0.00)           0  
##> csa_opto                       START              129461050 (  +0.00)      991.70 (   +0.00)          0 (       0)                    0 (  +0.00)              
##>                                  END              129461050 (  +0.00)      991.70 (   +0.00)          0 (       0)                    0 (  +0.00)           0  
##>                                  END              129461050 (  +0.00)      991.70 (   +0.00)          0 (       0)                    0 (  +0.00)           0  
##>context_based_simplify          START              129461050 (  +0.00)      991.70 (   +0.00)          0 (       0)                    0 (  +0.00)              
##>                                  END              117449200 (  -9.28)     1008.90 (  +17.20)          0 (       0)                    0 (  +0.00)           0  
##>group_csa_final_adder_dp        START              117449200 (  +0.00)     1008.90 (   +0.00)          0 (       0)                    0 (  +0.00)              
##>                                  END              117449200 (  +0.00)     1008.90 (   +0.00)          0 (       0)                    0 (  +0.00)           0  
##>dpopt_flatten_critical_muxes_i  START              117449200 (  +0.00)     1008.90 (   +0.00)          0 (       0)                    0 (  +0.00)              
##>                                  END              117449200 (  +0.00)     1008.90 (   +0.00)          0 (       0)                    0 (  +0.00)           0  
##>create_score                    START              117449200 (  +0.00)     1008.90 (   +0.00)          0 (       0)                    0 (  +0.00)              
##>                                  END              117449200 (  +0.00)     1008.90 (   +0.00)          0 (       0)                    0 (  +0.00)           0  
##>+-----------------------------------------------------------------------------------------------------------------------------------------------------------------------------------------------------+
Committed config: CDN_DP_region_0_0_c7
Info    : Done implementing datapath configurations. [DPOPT-4]
        : Selected 'very_fast' configuration 7 for module 'CDN_DP_region_0_0_c7'.
          Optimizations applied to 'very_fast' configuration:
            rewriting(0), factoring(0), sharing(0), cmultcse(0), downsizing(0), speculation(0)
Info:  Ungrouped 0 dp-cluster instances.  0 cluster instances were left intact, to aid verification.

==========================
 Sanity Check for POST-DATAPATH 
==========================
     DPOPT_INTERNAL_HIER check : PASS
 Components naming style check : PASS
==========================

Info    : Done optimizing datapath logic. [DPOPT-2]
        : Done optimizing datapath logic in 'mac_param'.
Number of big hc bmuxes after = 0
Starting bit-level redundancy removal [v1.0] (stage: post_rtlopt, startdef: mac_param, recur: true)
Bit-level redundancy removal for def mac_param (round= 0, cands= 1, i/o= 7/1)
Bit-level redundancy removal for def mac_param (round= 1, cands= 1, i/o= 7/1)
Completed bit-level redundancy removal (accepts: 0, rejects: 0, runtime: 0.088s)
Starting logic reduction [v1.0] (stage: post_rtlopt, startdef: mac_param, recur: true)
Completed logic reduction (accepts: 0, rejects: 0, runtime: 0.000s)
Starting mux data reorder optimization [v1.0] (stage: post_rtlopt, startdef: mac_param, recur: true)
Completed mux data reorder optimization (accepts: 0, rejects: 0, runtime: 0.000s)
Starting timing based select reordering [v1.0] (stage: post_rtlopt, startdef: mac_param, recur: true)
Completed timing based select reordering (accepts: 0, rejects: 0, runtime: 0.070s)

Stage: post_rtlopt
----------------------------------------------------------------
| Transform                  | Accepts | Rejects | Runtime (s) | 
----------------------------------------------------------------
| hlo_redundancy_removal_bit |       0 |       0 |        0.09 | 
| hlo_logic_reduction        |       0 |       0 |        0.00 | 
| hlo_mux_reorder            |       0 |       0 |        0.00 | 
| hlo_timing_reorder         |       0 |       0 |        0.07 | 
----------------------------------------------------------------
Running post blast mux optimization. Please follow up with Cadence support if runtime issues are seen with this optimization.
Starting mux speculation [v1.0] (stage: post_muxopt, startdef: mac_param, recur: true)
Starting speculation optimization
Completed speculation optimization (accepts:0)
Completed mux speculation (accepts: 0, rejects: 0, runtime: 0.092s)
Starting timing based select reordering [v1.0] (stage: post_muxopt, startdef: mac_param, recur: true)
Completed timing based select reordering (accepts: 0, rejects: 0, runtime: 0.081s)

Stage: post_muxopt
--------------------------------------------------------
| Transform          | Accepts | Rejects | Runtime (s) | 
--------------------------------------------------------
| hlo_speculation    |       0 |       0 |        0.09 | 
| hlo_timing_reorder |       0 |       0 |        0.08 | 
--------------------------------------------------------
==================================
Stage : to_generic 
==================================
  =================
   Message Summary
  =================
---------------------------------------------------------------------------------------------------------------------------------------------------------------------------------------------------
|   Id    |  Sev  |Count|                                                                              Message Text                                                                               |
---------------------------------------------------------------------------------------------------------------------------------------------------------------------------------------------------
|CDFG-372 |Info   |   10|Bitwidth mismatch in assignment.                                                                                                                                         |
|         |       |     |Review and make sure the mismatch is intentional. Genus can possibly issue bitwidth mismatch warning for explicit assignments present in RTL as-well-as for implicit     |
|         |       |     | assignments inferred by the tool. For example, in case of enum declaration without value, the tool will implicitly assign value to the enum variables. It also issues   |
|         |       |     | the warning for any bitwidth mismatch that appears in this implicit assignment.                                                                                         |
|CDFG-818 |Warning|    1|Using default parameter value for module elaboration.                                                                                                                    |
|CWD-19   |Info   |   39|An implementation was inferred.                                                                                                                                          |
|DPOPT-1  |Info   |    1|Optimizing datapath logic.                                                                                                                                               |
|DPOPT-2  |Info   |    1|Done optimizing datapath logic.                                                                                                                                          |
|DPOPT-3  |Info   |    2|Implementing datapath configurations.                                                                                                                                    |
|DPOPT-4  |Info   |    2|Done implementing datapath configurations.                                                                                                                               |
|DPOPT-6  |Info   |    1|Pre-processed datapath logic.                                                                                                                                            |
|ELAB-1   |Info   |    1|Elaborating Design.                                                                                                                                                      |
|ELAB-3   |Info   |    1|Done Elaborating Design.                                                                                                                                                 |
|GLO-62   |Info   |    8|On tool_generated instance/module 'strict_no' is set.                                                                                                                    |
|         |       |     |This shall only be used for special purposes like formal verification.                                                                                                   |
|LBR-9    |Warning|    4|Library cell has no output pins defined.                                                                                                                                 |
|         |       |     |Add the missing output pin(s)                                                                                                                                            |
|         |       |     | , then reload the library. Else the library cell will be marked as timing model i.e. unusable. Timing_model means that the cell does not have any defined function. If  |
|         |       |     | there is no output pin, Genus will mark library cell as unusable i.e. the attribute 'usable' will be marked to 'false' on the libcell. Therefore, the cell is not used  |
|         |       |     | for mapping and it will not be picked up from the library for synthesis. If you query the attribute 'unusable_reason' on the libcell; result will be: 'Library cell has |
|         |       |     | no output pins.'Note: The message LBR-9 is only for the logical pins and not for the power_ground pins. Genus will depend upon the output function defined in the pin   |
|         |       |     | group (output pin) of the cell, to use it for mapping. The pg_pin will not have any function defined.                                                                   |
|LBR-13   |Info   |    1|Library name multiply defined.                                                                                                                                           |
|         |       |     |Same library name with different PVT will be treated as voltage scaled library.                                                                                          |
|LBR-22   |Warning|  480|Multiply-defined library cell.                                                                                                                                           |
|         |       |     |Library cell names must be unique.  Any duplicates will be deleted.  Only the first (as determined by the order of libraries) will be retained.                          |
|LBR-38   |Warning|    1|Libraries have inconsistent nominal operating conditions. In the Liberty library, there are attributes called nom_voltage, nom_process and nom_temperature. Genus reports|
|         |       |     | the message, if the respective values of the 2 given .libs differ.                                                                                                      |
|         |       |     |This is a common source of delay calculation confusion and should be avoided.                                                                                            |
|LBR-41   |Info   |    2|An output library pin lacks a function attribute.                                                                                                                        |
|         |       |     |If the remainder of this library cell's semantic checks are successful, it will be considered as a timing-model                                                          |
|         |       |     | (because one of its outputs does not have a valid function.                                                                                                             |
|LBR-155  |Info   |  264|Mismatch in unateness between 'timing_sense' attribute and the function.                                                                                                 |
|         |       |     |The 'timing_sense' attribute will be respected.                                                                                                                          |
|LBR-161  |Info   |    1|Setting the maximum print count of this message to 10 if information_level is less than 9.                                                                               |
|LBR-162  |Info   |  124|Both 'pos_unate' and 'neg_unate' timing_sense arcs have been processed.                                                                                                  |
|         |       |     |Setting the 'timing_sense' to non_unate.                                                                                                                                 |
|LBR-412  |Info   |    2|Created nominal operating condition.                                                                                                                                     |
|         |       |     |The nominal operating condition is represented, either by the nominal PVT values specified in the library source                                                         |
|         |       |     | (via nom_process,nom_voltage and nom_temperature respectively), or by the default PVT values (1.0,1.0,1.0).                                                             |
|LBR-518  |Info   |    2|Missing a function attribute in the output pin definition.                                                                                                               |
|LBR-785  |Info   |  480|Stored shadowed libcells.                                                                                                                                                |
|         |       |     |Before deleting duplicate libcells, their names are stored.                                                                                                              |
|PHYS-752 |Info   |    1|Partition Based Synthesis execution skipped.                                                                                                                             |
|RTLOPT-40|Info   |    6|Transformed datapath macro.                                                                                                                                              |
|SYNTH-1  |Info   |    1|Synthesizing.                                                                                                                                                            |
|TIM-1000 |Info   |    1|Multimode clock gating check is disabled.                                                                                                                                |
---------------------------------------------------------------------------------------------------------------------------------------------------------------------------------------------------
Ungrouping: CDN_PAS_CONNECTED_MUXi count=50 ratio=1.0
Mapper: Libraries have:
	domain _default_: 324 combo usable cells and 128 sequential usable cells
Multi-threaded Virtual Mapping    (8 threads per ST process, 8 of 16 CPUs usable)
Normal Structuring mode def=WALLACE_CSA_DUMMY_OP_group_2
Normal Structuring mode def=cb_oseq
Normal Structuring mode def=cb_seq
==================================
Stage : first_condense 
==================================
  =================
   Message Summary
  =================
------------------------------------------------------------------------------------------
|  Id  |Sev |Count|                             Message Text                             |
------------------------------------------------------------------------------------------
|GB-6  |Info|    1|A datapath component has been ungrouped.                              |
|GLO-62|Info|    4|On tool_generated instance/module 'strict_no' is set.                 |
|      |    |     |This shall only be used for special purposes like formal verification.|
------------------------------------------------------------------------------------------
 
Global mapping target info
==========================
Cost Group 'clk' target slack:    38 ps
Target path end-point (Pin: result_reg[73]/d)

/home/cidigital/projects/aulas-ci-digital/aula_25_07/LAB02/E6/.st_launch_localhost_60978

State Retention Synthesis Status
================================

Category                        Flops   Percentage
--------------------------------------------------
Total instances                    86        100.0
Excluded from State Retention      86        100.0
    - Will not convert             86        100.0
      - Preserved                   0          0.0
      - Power intent excluded      86        100.0
    - Could not convert             0          0.0
      - Scan type                   0          0.0
      - No suitable cell            0          0.0
State Retention instances           0          0.0
--------------------------------------------------

Starting post first-condense unobservable FF removal
Detecting unobservable FF's ... (design is uniquified)
Detected 0 unobservable FF's cputime(detection/total) = 0.024 /0.033 seconds
Unobservable FF redundancy removal succeeded.
Done post first-condense unobservable FF removal (0.00 cpu seconds) (0.00 elapsed cpu seconds)
Advanced structuring report (syn_gen):
-----------------------------------------------------------------------------------------------
|                 | Graph                | Opt. Graph           | Result         |            | 
|-----------------+----------------------+----------------------+----------------+------------|
| Name    | Tag   | #nodes | #and | #lvl | #nodes | #and | #lvl | Acc | Time     | Netlist ID | 
-----------------------------------------------------------------------------------------------
-----------------------------------------------------------------------------------------------
Number of LFLHs filtered from table: 1
Runtime accepts/rejects/total =     0.43 /     0.00 /     0.43
Accepts/rejects/total = 1 / 0 / 1
Sum of reduced nodes/levels = 18 / 63
PBS_Generic_Opt-Post - Elapsed_Time 29, CPU_Time 29.199735999999998
stamp 'PBS_Generic_Opt-Post' being created for table 'pbs_debug'

  Total Time (Wall) |  Stage Time (Wall)  |   % (Wall)   |    Date - Time     |  Memory   | Stage
--------------------+---------------------+--------------+--------------------+-----------+----------------------
 00:00:18(00:00:14) |  00:00:00(00:00:00) |   0.0(  0.0) |   15:49:56 (Jul25) |  926.0 MB | PBS_Generic-Start
--------------------+---------------------+--------------+--------------------+-----------+----------------------
 00:00:49(00:00:44) |  00:00:30(00:00:30) | 100.0(100.0) |   15:50:26 (Jul25) |   1.42 GB | PBS_Generic_Opt-Post
--------------------+---------------------+--------------+--------------------+-----------+----------------------
Number of threads: 8 * 1   (id: pbs_debug, time_info v1.57)
Info: (*N*) indicates data that was populated from previously saved time_info database
Info: CPU time includes time of parent + longest thread
PBS_Generic-Postgen HBO Optimizations - Elapsed_Time 0, CPU_Time 0.0
stamp 'PBS_Generic-Postgen HBO Optimizations' being created for table 'pbs_debug'

  Total Time (Wall) |  Stage Time (Wall)  |   % (Wall)   |    Date - Time     |  Memory   | Stage
--------------------+---------------------+--------------+--------------------+-----------+----------------------
 00:00:18(00:00:14) |  00:00:00(00:00:00) |   0.0(  0.0) |   15:49:56 (Jul25) |  926.0 MB | PBS_Generic-Start
--------------------+---------------------+--------------+--------------------+-----------+----------------------
 00:00:49(00:00:44) |  00:00:30(00:00:30) | 100.0(100.0) |   15:50:26 (Jul25) |   1.42 GB | PBS_Generic_Opt-Post
--------------------+---------------------+--------------+--------------------+-----------+----------------------
 00:00:49(00:00:44) |  00:00:00(00:00:00) |   0.0(  0.0) |   15:50:26 (Jul25) |   1.42 GB | PBS_Generic-Postgen HBO Optimizations
--------------------+---------------------+--------------+--------------------+-----------+----------------------
Number of threads: 8 * 1   (id: pbs_debug, time_info v1.57)
Info: (*N*) indicates data that was populated from previously saved time_info database
Info: CPU time includes time of parent + longest thread
Starting post syn_generic ultra-effort Boolean optimization
Redundancy removal succeeded.
Done post syn_generic ultra-effort Boolean optimization (0.00 cpu seconds) (0.00 elapsed cpu seconds)
Info    : Done synthesizing. [SYNTH-2]
        : Done synthesizing 'mac_param' to generic gates.
##>=================== Cadence Confidential (Generic-Logical) ===================
##>=================== Cadence Confidential (Generic-Logical) ===================
      flow.cputime  flow.realtime  timing.setup.tns  timing.setup.wns  snapshot
UM:*                                                                   syn_gen
@file(script.tcl) 10: syn_map
#----------------------------------------------------------------------------------------
# Root attributes for category: opt
#----------------------------------------------------------------------------------------
# Feature                           | Attribute                    | Value            
#----------------------------------------------------------------------------------------
# Avoid tied inputs                 | avoid_tied_inputs            | false (default)  
# Allow floating outputs            | opt_allow_floating_outputs   | false (default)  
# Power optimization effort         | design_power_effort          | none (default)   
# Do not use qbar sequential pins   | dont_use_qbar_seq_pins       | false (default)  
#----------------------------------------------------------------------------------------

##Generic Timing Info: typical gate delay   31.6 ps   std_slew:    4.4 ps   std_load:  0.7 fF  for library domain _default_
Mapping ChipWare ICG instances in mac_param
Found 0 unmapped ChipWare ICG instances
Mapped 0 of 0 ChipWare ICG instances
Info    : Mapping. [SYNTH-4]
        : Mapping 'mac_param' using 'medium' effort.
Mapper: Libraries have:
	domain _default_: 324 combo usable cells and 128 sequential usable cells
PBS_TechMap-Start - Elapsed_Time 0, CPU_Time 0.0
stamp 'PBS_TechMap-Start' being created for table 'pbs_debug'

  Total Time (Wall) |  Stage Time (Wall)  |   % (Wall)   |    Date - Time     |  Memory   | Stage
--------------------+---------------------+--------------+--------------------+-----------+----------------------
 00:00:18(00:00:14) |  00:00:00(00:00:00) |   0.0(  0.0) |   15:49:56 (Jul25) |  926.0 MB | PBS_Generic-Start
--------------------+---------------------+--------------+--------------------+-----------+----------------------
 00:00:49(00:00:44) |  00:00:30(00:00:30) |  96.8( 96.8) |   15:50:26 (Jul25) |   1.42 GB | PBS_Generic_Opt-Post
--------------------+---------------------+--------------+--------------------+-----------+----------------------
 00:00:49(00:00:44) |  00:00:00(00:00:00) |   0.0(  0.0) |   15:50:26 (Jul25) |   1.42 GB | PBS_Generic-Postgen HBO Optimizations
--------------------+---------------------+--------------+--------------------+-----------+----------------------
 00:00:50(00:00:45) |  00:00:01(00:00:01) |   3.2(  3.2) |   15:50:27 (Jul25) |   1.42 GB | PBS_TechMap-Start
--------------------+---------------------+--------------+--------------------+-----------+----------------------
Number of threads: 8 * 1   (id: pbs_debug, time_info v1.57)
Info: (*N*) indicates data that was populated from previously saved time_info database
Info: CPU time includes time of parent + longest thread
PBS_TechMap-Premap HBO Optimizations - Elapsed_Time 0, CPU_Time 0.0
stamp 'PBS_TechMap-Premap HBO Optimizations' being created for table 'pbs_debug'

  Total Time (Wall) |  Stage Time (Wall)  |   % (Wall)   |    Date - Time     |  Memory   | Stage
--------------------+---------------------+--------------+--------------------+-----------+----------------------
 00:00:18(00:00:14) |  00:00:00(00:00:00) |   0.0(  0.0) |   15:49:56 (Jul25) |  926.0 MB | PBS_Generic-Start
--------------------+---------------------+--------------+--------------------+-----------+----------------------
 00:00:49(00:00:44) |  00:00:30(00:00:30) |  96.8( 96.8) |   15:50:26 (Jul25) |   1.42 GB | PBS_Generic_Opt-Post
--------------------+---------------------+--------------+--------------------+-----------+----------------------
 00:00:49(00:00:44) |  00:00:00(00:00:00) |   0.0(  0.0) |   15:50:26 (Jul25) |   1.42 GB | PBS_Generic-Postgen HBO Optimizations
--------------------+---------------------+--------------+--------------------+-----------+----------------------
 00:00:50(00:00:45) |  00:00:01(00:00:01) |   3.2(  3.2) |   15:50:27 (Jul25) |   1.42 GB | PBS_TechMap-Start
--------------------+---------------------+--------------+--------------------+-----------+----------------------
 00:00:50(00:00:45) |  00:00:00(00:00:00) |   0.0(  0.0) |   15:50:27 (Jul25) |   1.42 GB | PBS_TechMap-Premap HBO Optimizations
--------------------+---------------------+--------------+--------------------+-----------+----------------------
Number of threads: 8 * 1   (id: pbs_debug, time_info v1.57)
Info: (*N*) indicates data that was populated from previously saved time_info database
Info: CPU time includes time of parent + longest thread
Info    : Partition Based Synthesis execution skipped. [PHYS-752]
        : Design size is less than the partition size '100000' for distributed mapping optimization to kick in.
Mapper: Libraries have:
	domain _default_: 324 combo usable cells and 128 sequential usable cells
Multi-threaded Virtual Mapping    (8 threads per ST process, 8 of 16 CPUs usable)
Normal Structuring mode def=cb_oseq
Normal Structuring mode def=WALLACE_CSA_DUMMY_OP_group_2
Normal Structuring mode def=cb_seq
Working on Hinst: CDN_PAS_SKIP_FFC_0i
[gig_analyze] should_ungroup = 0
[gig_analyze] should_ungroup = 0
[gig_analyze] should_ungroup = 0
[gig_analyze] should_ungroup = 0
[gig_analyze] should_ungroup = 0
[gig_analyze] should_ungroup = 0

INFO: Identified hierarchy for CAS: hinst:iopt_partition/CDN_PAS_SKIP_FFC_0i

==================================
Stage : first_condense 
==================================
  =================
   Message Summary
  =================
--------------------------------------------------------------------------------------------
|   Id   |Sev |Count|                             Message Text                             |
--------------------------------------------------------------------------------------------
|GLO-62  |Info|   87|On tool_generated instance/module 'strict_no' is set.                 |
|        |    |     |This shall only be used for special purposes like formal verification.|
|PHYS-752|Info|    1|Partition Based Synthesis execution skipped.                          |
|SYNTH-2 |Info|    1|Done synthesizing.                                                    |
|SYNTH-4 |Info|    1|Mapping.                                                              |
--------------------------------------------------------------------------------------------
 
Global mapping target info
==========================
Cost Group 'clk' target slack:    38 ps
Target path end-point (Pin: result_reg[73]/d)

Multi-threaded Technology Mapping (8 threads per ST process, 8 of 16 CPUs usable)
Normal Structuring mode def=cb_seq
Working on Hinst: CDN_PAS_SKIP_FFC_0i
[gig_analyze] should_ungroup = 0
[gig_analyze] should_ungroup = 0
[gig_analyze] should_ungroup = 0
[gig_analyze] should_ungroup = 0
[gig_analyze] should_ungroup = 0
[gig_analyze] should_ungroup = 0

INFO: Identified hierarchy for CAS: hinst:iopt_partition/CDN_PAS_SKIP_FFC_0i

Normal Structuring mode def=cb_oseq
Normal Structuring mode def=WALLACE_CSA_DUMMY_OP_group_2
Normal Structuring mode def=WALLACE_CSA_DUMMY_OP_group
Normal Structuring mode def=WALLACE_CSA_DUMMY_OP_group
 
Global mapping status
=====================
                                   Group   
                                  Tot Wrst 
                           Total  Weighted 
Operation                   Area   Slacks  
 global_map                 7605        0 

    Cost Group            Target    Slack    Diff.  Constr.
-----------------------------------------------------------
           clk                38      171              1280 

 
Global incremental target info
==============================
Cost Group 'clk' target slack:    25 ps
Target path end-point (Pin: result_reg[73]/D (DFFRHQX1/D))

==================================
Stage : global_incr_map 
==================================
  =================
   Message Summary
  =================
------------------------------------------------------------------------------------------
|  Id  |Sev |Count|                             Message Text                             |
------------------------------------------------------------------------------------------
|GLO-62|Info|   86|On tool_generated instance/module 'strict_no' is set.                 |
|      |    |     |This shall only be used for special purposes like formal verification.|
|PA-7  |Info|    6|Resetting power analysis results.                                     |
|      |    |     |All computed switching activities are removed.                        |
------------------------------------------------------------------------------------------
 
Global incremental optimization status
======================================
                                   Group   
                                  Tot Wrst 
                           Total  Weighted 
Operation                   Area   Slacks  
 global_incr                7467        0 

    Cost Group            Target    Slack    Diff.  Constr.
-----------------------------------------------------------
           clk                25      138              1280 

/home/cidigital/projects/aulas-ci-digital/aula_25_07/LAB02/E6/.st_launch_localhost_60978

State Retention Synthesis Status
================================

Category                        Flops   Percentage
--------------------------------------------------
Total instances                    86        100.0
Excluded from State Retention      86        100.0
    - Will not convert             86        100.0
      - Preserved                   0          0.0
      - Power intent excluded      86        100.0
    - Could not convert             0          0.0
      - Scan type                   0          0.0
      - No suitable cell            0          0.0
State Retention instances           0          0.0
--------------------------------------------------

INFO: skipping constant propagation
PBS_Techmap-Global Mapping - Elapsed_Time 28, CPU_Time 27.778401000000002
stamp 'PBS_Techmap-Global Mapping' being created for table 'pbs_debug'

  Total Time (Wall) |  Stage Time (Wall)  |   % (Wall)   |    Date - Time     |  Memory   | Stage
--------------------+---------------------+--------------+--------------------+-----------+----------------------
 00:00:18(00:00:14) |  00:00:00(00:00:00) |   0.0(  0.0) |   15:49:56 (Jul25) |  926.0 MB | PBS_Generic-Start
--------------------+---------------------+--------------+--------------------+-----------+----------------------
 00:00:49(00:00:44) |  00:00:30(00:00:30) |  51.2( 50.8) |   15:50:26 (Jul25) |   1.42 GB | PBS_Generic_Opt-Post
--------------------+---------------------+--------------+--------------------+-----------+----------------------
 00:00:49(00:00:44) |  00:00:00(00:00:00) |   0.0(  0.0) |   15:50:26 (Jul25) |   1.42 GB | PBS_Generic-Postgen HBO Optimizations
--------------------+---------------------+--------------+--------------------+-----------+----------------------
 00:00:50(00:00:45) |  00:00:01(00:00:01) |   1.7(  1.7) |   15:50:27 (Jul25) |   1.42 GB | PBS_TechMap-Start
--------------------+---------------------+--------------+--------------------+-----------+----------------------
 00:00:50(00:00:45) |  00:00:00(00:00:00) |   0.0(  0.0) |   15:50:27 (Jul25) |   1.42 GB | PBS_TechMap-Premap HBO Optimizations
--------------------+---------------------+--------------+--------------------+-----------+----------------------
 00:01:17(00:01:13) |  00:00:27(00:00:28) |  47.1( 47.5) |   15:50:55 (Jul25) |   1.42 GB | PBS_Techmap-Global Mapping
--------------------+---------------------+--------------+--------------------+-----------+----------------------
Number of threads: 8 * 1   (id: pbs_debug, time_info v1.57)
Info: (*N*) indicates data that was populated from previously saved time_info database
Info: CPU time includes time of parent + longest thread
Advanced structuring report (syn_map):
---------------------------------------------------------------------------------------------------------
|                           | Graph                | Opt. Graph           | Result         |            | 
|---------------------------+----------------------+----------------------+----------------+------------|
| Name              | Tag   | #nodes | #and | #lvl | #nodes | #and | #lvl | Acc | Time     | Netlist ID | 
---------------------------------------------------------------------------------------------------------
---------------------------------------------------------------------------------------------------------
Number of LFLHs filtered from table: 5
Runtime accepts/rejects/total =     0.55 /     0.06 /     0.61
Accepts/rejects/total = 1 / 1 / 2
Sum of reduced nodes/levels = 11 / 61
---------------------------------------------------------------------------------------------------------
|                           | Graph                | Opt. Graph           | Result         |            | 
|---------------------------+----------------------+----------------------+----------------+------------|
| Name              | Tag   | #nodes | #and | #lvl | #nodes | #and | #lvl | Acc | Time     | Netlist ID | 
---------------------------------------------------------------------------------------------------------
---------------------------------------------------------------------------------------------------------
Number of LFLHs filtered from table: 5
Runtime accepts/rejects/total =     0.00 /     0.46 /     0.46
Accepts/rejects/total = 0 / 2 / 2
Sum of reduced nodes/levels = 0 / 0
Info    : Wrote formal verification information. [CFM-5]
        : Wrote 'fv/mac_param/fv_map.fv.json' for netlist 'fv/mac_param/fv_map.v.gz'.
Info    : Wrote dofile. [CFM-1]
        : Dofile is 'fv/mac_param/rtl_to_fv_map.do'.
        : RTL names flow is enabled.
PBS_TechMap-Datapath Postmap Operations - Elapsed_Time 2, CPU_Time 1.9835989999999981
stamp 'PBS_TechMap-Datapath Postmap Operations' being created for table 'pbs_debug'

  Total Time (Wall) |  Stage Time (Wall)  |   % (Wall)   |    Date - Time     |  Memory   | Stage
--------------------+---------------------+--------------+--------------------+-----------+----------------------
 00:00:18(00:00:14) |  00:00:00(00:00:00) |   0.0(  0.0) |   15:49:56 (Jul25) |  926.0 MB | PBS_Generic-Start
--------------------+---------------------+--------------+--------------------+-----------+----------------------
 00:00:49(00:00:44) |  00:00:30(00:00:30) |  49.5( 49.2) |   15:50:26 (Jul25) |   1.42 GB | PBS_Generic_Opt-Post
--------------------+---------------------+--------------+--------------------+-----------+----------------------
 00:00:49(00:00:44) |  00:00:00(00:00:00) |   0.0(  0.0) |   15:50:26 (Jul25) |   1.42 GB | PBS_Generic-Postgen HBO Optimizations
--------------------+---------------------+--------------+--------------------+-----------+----------------------
 00:00:50(00:00:45) |  00:00:01(00:00:01) |   1.6(  1.6) |   15:50:27 (Jul25) |   1.42 GB | PBS_TechMap-Start
--------------------+---------------------+--------------+--------------------+-----------+----------------------
 00:00:50(00:00:45) |  00:00:00(00:00:00) |   0.0(  0.0) |   15:50:27 (Jul25) |   1.42 GB | PBS_TechMap-Premap HBO Optimizations
--------------------+---------------------+--------------+--------------------+-----------+----------------------
 00:01:17(00:01:13) |  00:00:27(00:00:28) |  45.6( 45.9) |   15:50:55 (Jul25) |   1.42 GB | PBS_Techmap-Global Mapping
--------------------+---------------------+--------------+--------------------+-----------+----------------------
 00:01:19(00:01:15) |  00:00:01(00:00:02) |   3.3(  3.3) |   15:50:57 (Jul25) |   1.41 GB | PBS_TechMap-Datapath Postmap Operations
--------------------+---------------------+--------------+--------------------+-----------+----------------------
Number of threads: 8 * 1   (id: pbs_debug, time_info v1.57)
Info: (*N*) indicates data that was populated from previously saved time_info database
Info: CPU time includes time of parent + longest thread
PBS_TechMap-Postmap HBO Optimizations - Elapsed_Time 0, CPU_Time -0.013741000000010217
stamp 'PBS_TechMap-Postmap HBO Optimizations' being created for table 'pbs_debug'

  Total Time (Wall) |  Stage Time (Wall)  |   % (Wall)   |    Date - Time     |  Memory   | Stage
--------------------+---------------------+--------------+--------------------+-----------+----------------------
 00:00:18(00:00:14) |  00:00:00(00:00:00) |   0.0(  0.0) |   15:49:56 (Jul25) |  926.0 MB | PBS_Generic-Start
--------------------+---------------------+--------------+--------------------+-----------+----------------------
 00:00:49(00:00:44) |  00:00:30(00:00:30) |  49.6( 49.2) |   15:50:26 (Jul25) |   1.42 GB | PBS_Generic_Opt-Post
--------------------+---------------------+--------------+--------------------+-----------+----------------------
 00:00:49(00:00:44) |  00:00:00(00:00:00) |   0.0(  0.0) |   15:50:26 (Jul25) |   1.42 GB | PBS_Generic-Postgen HBO Optimizations
--------------------+---------------------+--------------+--------------------+-----------+----------------------
 00:00:50(00:00:45) |  00:00:01(00:00:01) |   1.6(  1.6) |   15:50:27 (Jul25) |   1.42 GB | PBS_TechMap-Start
--------------------+---------------------+--------------+--------------------+-----------+----------------------
 00:00:50(00:00:45) |  00:00:00(00:00:00) |   0.0(  0.0) |   15:50:27 (Jul25) |   1.42 GB | PBS_TechMap-Premap HBO Optimizations
--------------------+---------------------+--------------+--------------------+-----------+----------------------
 00:01:17(00:01:13) |  00:00:27(00:00:28) |  45.6( 45.9) |   15:50:55 (Jul25) |   1.42 GB | PBS_Techmap-Global Mapping
--------------------+---------------------+--------------+--------------------+-----------+----------------------
 00:01:19(00:01:15) |  00:00:01(00:00:02) |   3.3(  3.3) |   15:50:57 (Jul25) |   1.41 GB | PBS_TechMap-Datapath Postmap Operations
--------------------+---------------------+--------------+--------------------+-----------+----------------------
 00:01:19(00:01:15) |  00:00:00(00:00:00) |  -0.0(  0.0) |   15:50:57 (Jul25) |   1.41 GB | PBS_TechMap-Postmap HBO Optimizations
--------------------+---------------------+--------------+--------------------+-----------+----------------------
Number of threads: 8 * 1   (id: pbs_debug, time_info v1.57)
Info: (*N*) indicates data that was populated from previously saved time_info database
Info: CPU time includes time of parent + longest thread
 Doing ConstProp on design:mac_param ... 

Time taken by ConstProp Step: 00:00:00
PBS_TechMap-Postmap Clock Gating - Elapsed_Time 0, CPU_Time 1.0
stamp 'PBS_TechMap-Postmap Clock Gating' being created for table 'pbs_debug'

  Total Time (Wall) |  Stage Time (Wall)  |   % (Wall)   |    Date - Time     |  Memory   | Stage
--------------------+---------------------+--------------+--------------------+-----------+----------------------
 00:00:18(00:00:14) |  00:00:00(00:00:00) |   0.0(  0.0) |   15:49:56 (Jul25) |  926.0 MB | PBS_Generic-Start
--------------------+---------------------+--------------+--------------------+-----------+----------------------
 00:00:49(00:00:44) |  00:00:30(00:00:30) |  48.8( 49.2) |   15:50:26 (Jul25) |   1.42 GB | PBS_Generic_Opt-Post
--------------------+---------------------+--------------+--------------------+-----------+----------------------
 00:00:49(00:00:44) |  00:00:00(00:00:00) |   0.0(  0.0) |   15:50:26 (Jul25) |   1.42 GB | PBS_Generic-Postgen HBO Optimizations
--------------------+---------------------+--------------+--------------------+-----------+----------------------
 00:00:50(00:00:45) |  00:00:01(00:00:01) |   1.6(  1.6) |   15:50:27 (Jul25) |   1.42 GB | PBS_TechMap-Start
--------------------+---------------------+--------------+--------------------+-----------+----------------------
 00:00:50(00:00:45) |  00:00:00(00:00:00) |   0.0(  0.0) |   15:50:27 (Jul25) |   1.42 GB | PBS_TechMap-Premap HBO Optimizations
--------------------+---------------------+--------------+--------------------+-----------+----------------------
 00:01:17(00:01:13) |  00:00:27(00:00:28) |  44.8( 45.9) |   15:50:55 (Jul25) |   1.42 GB | PBS_Techmap-Global Mapping
--------------------+---------------------+--------------+--------------------+-----------+----------------------
 00:01:19(00:01:15) |  00:00:01(00:00:02) |   3.2(  3.3) |   15:50:57 (Jul25) |   1.41 GB | PBS_TechMap-Datapath Postmap Operations
--------------------+---------------------+--------------+--------------------+-----------+----------------------
 00:01:19(00:01:15) |  00:00:00(00:00:00) |  -0.0(  0.0) |   15:50:57 (Jul25) |   1.41 GB | PBS_TechMap-Postmap HBO Optimizations
--------------------+---------------------+--------------+--------------------+-----------+----------------------
 00:01:20(00:01:15) |  00:00:01(00:00:00) |   1.6(  0.0) |   15:50:57 (Jul25) |   1.41 GB | PBS_TechMap-Postmap Clock Gating
--------------------+---------------------+--------------+--------------------+-----------+----------------------
Number of threads: 8 * 1   (id: pbs_debug, time_info v1.57)
Info: (*N*) indicates data that was populated from previously saved time_info database
Info: CPU time includes time of parent + longest thread
-------------------------------------------------------------------------------
 hi_fo_buf                  7464        0         0      8705    53200

           Trick     Calls     Accepts   Attempts    Time(secs) 
-----------------------------------------------------------
       hi_fo_buf         0  (        0 /        0 )  0.00

 
Incremental optimization status
===============================
                                   Group   
                                  Tot Wrst     Total - - DRC Totals - -
                           Total  Weighted      Neg      Max       Max 
Operation                   Area   Slacks      Slack    Trans      Cap 
 init_delay                 7464        0         0      8705    53200

           Trick     Calls     Accepts   Attempts    Time(secs) 
-----------------------------------------------------------
       crit_upsz         0  (        0 /        0 )  0.00
    plc_bal_star         0  (        0 /        0 )  0.00
     drc_buftimb         0  (        0 /        0 )  0.00
          plc_st         0  (        0 /        0 )  0.00
    plc_st_fence         0  (        0 /        0 )  0.00
        plc_star         0  (        0 /        0 )  0.00
      plc_laf_st         0  (        0 /        0 )  0.00
 plc_laf_st_fence         0  (        0 /        0 )  0.00
     drc_buftims         0  (        0 /        0 )  0.00
            fopt         0  (        0 /        0 )  0.00
   plc_laf_lo_st         0  (        0 /        0 )  0.00
       plc_lo_st         0  (        0 /        0 )  0.00
        mb_split         0  (        0 /        0 )  0.00

 
Local TNS optimization status
=============================
                                   Group   
                                  Tot Wrst     Total - - DRC Totals - -
                           Total  Weighted      Neg      Max       Max 
Operation                   Area   Slacks      Slack    Trans      Cap 
 init_tns                   7464        0         0      8705    53200

           Trick     Calls     Accepts   Attempts    Time(secs) 
-----------------------------------------------------------
    plc_bal_star         0  (        0 /        0 )  0.00
     drc_buftimb         0  (        0 /        0 )  0.00
     drc_buftims         0  (        0 /        0 )  0.00
       crit_upsz         0  (        0 /        0 )  0.00
   plc_laf_lo_st         0  (        0 /        0 )  0.00
       plc_lo_st         0  (        0 /        0 )  0.00
            fopt         0  (        0 /        0 )  0.00
       crit_dnsz         0  (        0 /        0 )  0.00
             dup         0  (        0 /        0 )  0.00
        setup_dn         0  (        0 /        0 )  0.00
        mb_split         0  (        0 /        0 )  0.00

PBS_TechMap-Postmap Cleanup - Elapsed_Time 1, CPU_Time -0.014150999999998248
stamp 'PBS_TechMap-Postmap Cleanup' being created for table 'pbs_debug'

  Total Time (Wall) |  Stage Time (Wall)  |   % (Wall)   |    Date - Time     |  Memory   | Stage
--------------------+---------------------+--------------+--------------------+-----------+----------------------
 00:00:18(00:00:14) |  00:00:00(00:00:00) |   0.0(  0.0) |   15:49:56 (Jul25) |  926.0 MB | PBS_Generic-Start
--------------------+---------------------+--------------+--------------------+-----------+----------------------
 00:00:49(00:00:44) |  00:00:30(00:00:30) |  48.8( 48.4) |   15:50:26 (Jul25) |   1.42 GB | PBS_Generic_Opt-Post
--------------------+---------------------+--------------+--------------------+-----------+----------------------
 00:00:49(00:00:44) |  00:00:00(00:00:00) |   0.0(  0.0) |   15:50:26 (Jul25) |   1.42 GB | PBS_Generic-Postgen HBO Optimizations
--------------------+---------------------+--------------+--------------------+-----------+----------------------
 00:00:50(00:00:45) |  00:00:01(00:00:01) |   1.6(  1.6) |   15:50:27 (Jul25) |   1.42 GB | PBS_TechMap-Start
--------------------+---------------------+--------------+--------------------+-----------+----------------------
 00:00:50(00:00:45) |  00:00:00(00:00:00) |   0.0(  0.0) |   15:50:27 (Jul25) |   1.42 GB | PBS_TechMap-Premap HBO Optimizations
--------------------+---------------------+--------------+--------------------+-----------+----------------------
 00:01:17(00:01:13) |  00:00:27(00:00:28) |  44.9( 45.2) |   15:50:55 (Jul25) |   1.42 GB | PBS_Techmap-Global Mapping
--------------------+---------------------+--------------+--------------------+-----------+----------------------
 00:01:19(00:01:15) |  00:00:01(00:00:02) |   3.2(  3.2) |   15:50:57 (Jul25) |   1.41 GB | PBS_TechMap-Datapath Postmap Operations
--------------------+---------------------+--------------+--------------------+-----------+----------------------
 00:01:19(00:01:15) |  00:00:00(00:00:00) |  -0.0(  0.0) |   15:50:57 (Jul25) |   1.41 GB | PBS_TechMap-Postmap HBO Optimizations
--------------------+---------------------+--------------+--------------------+-----------+----------------------
 00:01:20(00:01:15) |  00:00:01(00:00:00) |   1.6(  0.0) |   15:50:57 (Jul25) |   1.41 GB | PBS_TechMap-Postmap Clock Gating
--------------------+---------------------+--------------+--------------------+-----------+----------------------
 00:01:20(00:01:16) |  00:00:00(00:00:01) |  -0.0(  1.6) |   15:50:58 (Jul25) |   1.41 GB | PBS_TechMap-Postmap Cleanup
--------------------+---------------------+--------------+--------------------+-----------+----------------------
Number of threads: 8 * 1   (id: pbs_debug, time_info v1.57)
Info: (*N*) indicates data that was populated from previously saved time_info database
Info: CPU time includes time of parent + longest thread
PBS_Techmap-Post_MBCI - Elapsed_Time 0, CPU_Time 0.0
stamp 'PBS_Techmap-Post_MBCI' being created for table 'pbs_debug'

  Total Time (Wall) |  Stage Time (Wall)  |   % (Wall)   |    Date - Time     |  Memory   | Stage
--------------------+---------------------+--------------+--------------------+-----------+----------------------
 00:00:18(00:00:14) |  00:00:00(00:00:00) |   0.0(  0.0) |   15:49:56 (Jul25) |  926.0 MB | PBS_Generic-Start
--------------------+---------------------+--------------+--------------------+-----------+----------------------
 00:00:49(00:00:44) |  00:00:30(00:00:30) |  48.8( 48.4) |   15:50:26 (Jul25) |   1.42 GB | PBS_Generic_Opt-Post
--------------------+---------------------+--------------+--------------------+-----------+----------------------
 00:00:49(00:00:44) |  00:00:00(00:00:00) |   0.0(  0.0) |   15:50:26 (Jul25) |   1.42 GB | PBS_Generic-Postgen HBO Optimizations
--------------------+---------------------+--------------+--------------------+-----------+----------------------
 00:00:50(00:00:45) |  00:00:01(00:00:01) |   1.6(  1.6) |   15:50:27 (Jul25) |   1.42 GB | PBS_TechMap-Start
--------------------+---------------------+--------------+--------------------+-----------+----------------------
 00:00:50(00:00:45) |  00:00:00(00:00:00) |   0.0(  0.0) |   15:50:27 (Jul25) |   1.42 GB | PBS_TechMap-Premap HBO Optimizations
--------------------+---------------------+--------------+--------------------+-----------+----------------------
 00:01:17(00:01:13) |  00:00:27(00:00:28) |  44.9( 45.2) |   15:50:55 (Jul25) |   1.42 GB | PBS_Techmap-Global Mapping
--------------------+---------------------+--------------+--------------------+-----------+----------------------
 00:01:19(00:01:15) |  00:00:01(00:00:02) |   3.2(  3.2) |   15:50:57 (Jul25) |   1.41 GB | PBS_TechMap-Datapath Postmap Operations
--------------------+---------------------+--------------+--------------------+-----------+----------------------
 00:01:19(00:01:15) |  00:00:00(00:00:00) |  -0.0(  0.0) |   15:50:57 (Jul25) |   1.41 GB | PBS_TechMap-Postmap HBO Optimizations
--------------------+---------------------+--------------+--------------------+-----------+----------------------
 00:01:20(00:01:15) |  00:00:01(00:00:00) |   1.6(  0.0) |   15:50:57 (Jul25) |   1.41 GB | PBS_TechMap-Postmap Clock Gating
--------------------+---------------------+--------------+--------------------+-----------+----------------------
 00:01:20(00:01:16) |  00:00:00(00:00:01) |  -0.0(  1.6) |   15:50:58 (Jul25) |   1.41 GB | PBS_TechMap-Postmap Cleanup
--------------------+---------------------+--------------+--------------------+-----------+----------------------
 00:01:20(00:01:16) |  00:00:00(00:00:00) |   0.0(  0.0) |   15:50:58 (Jul25) |   1.41 GB | PBS_Techmap-Post_MBCI
--------------------+---------------------+--------------+--------------------+-----------+----------------------
Number of threads: 8 * 1   (id: pbs_debug, time_info v1.57)
Info: (*N*) indicates data that was populated from previously saved time_info database
Info: CPU time includes time of parent + longest thread
##>=================== Cadence Confidential (Mapping-Logical) ===================
##>Main Thread Summary:
##>----------------------------------------------------------------------------------------
##>STEP                           Elapsed       WNS       TNS     Insts      Area    Memory
##>----------------------------------------------------------------------------------------
##>M:Initial                            0         -         -      9934     27088      1419
##>M:Early Clock Gating                 0         -         -         -         -         -
##>M:Pre Cleanup                        0         -         -      9934     27088      1419
##>M:Setup                              0         -         -         -         -         -
##>M:Launch ST                          0         -         -         -         -         -
##>M:Design Partition                   0         -         -         -         -         -
##>M:Create Partition Netlists          0         -         -         -         -         -
##>M:Init Power                         0         -         -         -         -         -
##>M:Budgeting                          0         -         -         -         -         -
##>M:Derenv-DB                          0         -         -         -         -         -
##>M:Debug Outputs                      0         -         -         -         -         -
##>M:ST loading                         0         -         -         -         -         -
##>M:Distributed                        0         -         -         -         -         -
##>M:Timer                              0         -         -         -         -         -
##>M:Assembly                           0         -         -         -         -         -
##>M:DFT                                0         -         -         -         -         -
##>M:DP Operations                      2         -         -      2738      7466      1411
##>M:Const Prop                         0       137         0      2738      7466      1411
##>M:Cleanup                            1       137         0      2738      7464      1411
##>M:MBCI                               0         -         -      2738      7464      1411
##>M:PostGen Opt                        0         -         -         -         -         -
##>M:Const Gate Removal                 0         -         -         -         -         -
##>M:Early Clock Gating Cleanup         0         -         -         -         -         -
##>M:Misc                              28
##>----------------------------------------------------------------------------------------
##>Total Elapsed                       31
##>========================================================================================
Info    : Done mapping. [SYNTH-5]
        : Done mapping 'mac_param'.
      flow.cputime  flow.realtime  timing.setup.tns  timing.setup.wns  snapshot
UM:*                                                                   syn_map
@file(script.tcl) 11: syn_opt
Warning : The selected flow setting will be removed in a future release. [SYNTH-33]
        : The use of 'syn_opt' for logical only optimization will be obsolete in a future release.
	Transition to 'syn_opt -logical' or 'syn_opt -spatial'.

        : Contact Cadence support to understand current flows.
Info    : Incrementally optimizing. [SYNTH-7]
        : Incrementally optimizing 'mac_param' using 'medium' effort.
 
Incremental optimization status
===============================
                                   Group   
                                  Tot Wrst     Total - - DRC Totals - -
                           Total  Weighted      Neg      Max       Max 
Operation                   Area   Slacks      Slack    Trans      Cap 
 init_iopt                  7464        0         0      8705    53200
-------------------------------------------------------------------------------
 const_prop                 7464        0         0      8705    53200
 
Incremental optimization status
===============================
                                   Group   
                                  Tot Wrst     Total - - DRC Totals - -
                           Total  Weighted      Neg      Max       Max 
Operation                   Area   Slacks      Slack    Trans      Cap 
 init_delay                 7464        0         0      8705    53200

           Trick     Calls     Accepts   Attempts    Time(secs) 
-----------------------------------------------------------
       crit_upsz         0  (        0 /        0 )  0.00
    plc_bal_star         0  (        0 /        0 )  0.00
     drc_buftimb         0  (        0 /        0 )  0.00
          plc_st         0  (        0 /        0 )  0.00
    plc_st_fence         0  (        0 /        0 )  0.00
        plc_star         0  (        0 /        0 )  0.00
      plc_laf_st         0  (        0 /        0 )  0.00
 plc_laf_st_fence         0  (        0 /        0 )  0.00
     drc_buftims         0  (        0 /        0 )  0.00
   plc_laf_lo_st         0  (        0 /        0 )  0.00
       plc_lo_st         0  (        0 /        0 )  0.00
            fopt         0  (        0 /        0 )  0.00
       crit_dnsz         0  (        0 /        0 )  0.00
             dup         0  (        0 /        0 )  0.00
            fopt         0  (        0 /        0 )  0.00
        setup_dn         0  (        0 /        0 )  0.00
         buf2inv         0  (        0 /        0 )  0.00
        mb_split         0  (        0 /        0 )  0.00
             exp         0  (        0 /        0 )  0.00
       gate_deco         0  (        0 /        0 )  0.00
       gcomp_tim         0  (        0 /        0 )  0.00
  inv_pair_2_buf         0  (        0 /        0 )  0.00

 init_drc                   7464        0         0      8705    53200

           Trick     Calls     Accepts   Attempts    Time(secs) 
-----------------------------------------------------------
          plc_st        76  (        0 /        0 )  0.00
        plc_star        76  (        0 /        0 )  0.00
        drc_bufs       152  (        0 /       76 )  0.03
        drc_fopt        76  (        0 /        0 )  0.01
        drc_bufb        76  (        0 /        0 )  0.00
      simple_buf        76  (        0 /        0 )  0.16
             dup        76  (        0 /        0 )  0.00
       crit_dnsz         0  (        0 /        0 )  0.00
       crit_upsz        76  (        0 /        0 )  0.05


           Trick     Calls     Accepts   Attempts    Time(secs) 
-----------------------------------------------------------
          plc_st        76  (        0 /        0 )  0.00
        plc_star        76  (        0 /        0 )  0.00
      drc_buf_sp       152  (        0 /       76 )  0.02
        drc_bufs       152  (        0 /       76 )  0.04
        drc_fopt        76  (        0 /        0 )  0.01
        drc_bufb        76  (        0 /        0 )  0.00
      simple_buf        76  (        0 /        0 )  0.16
             dup        76  (        0 /        0 )  0.00
       crit_dnsz         0  (        0 /        0 )  0.00
       crit_upsz        76  (        0 /        0 )  0.05


           Trick     Calls     Accepts   Attempts    Time(secs) 
-----------------------------------------------------------
          plc_st         0  (        0 /        0 )  0.00
        plc_star         0  (        0 /        0 )  0.00
      drc_buf_sp         0  (        0 /        0 )  0.00
        drc_bufs         0  (        0 /        0 )  0.00
        drc_fopt         0  (        0 /        0 )  0.00
        drc_bufb         0  (        0 /        0 )  0.00
             dup         0  (        0 /        0 )  0.00
       crit_dnsz         0  (        0 /        0 )  0.00
       crit_upsz         0  (        0 /        0 )  0.00

 init_tns                   7464        0         0      8705    53200

           Trick     Calls     Accepts   Attempts    Time(secs) 
-----------------------------------------------------------
    plc_bal_star         0  (        0 /        0 )  0.00
     drc_buftimb         0  (        0 /        0 )  0.00
     drc_buftims         0  (        0 /        0 )  0.00
       crit_upsz         0  (        0 /        0 )  0.00
   plc_laf_lo_st         0  (        0 /        0 )  0.00
       plc_lo_st         0  (        0 /        0 )  0.00
            fopt         0  (        0 /        0 )  0.00
       crit_dnsz         0  (        0 /        0 )  0.00
             dup         0  (        0 /        0 )  0.00
        setup_dn         0  (        0 /        0 )  0.00
         buf2inv         0  (        0 /        0 )  0.00
        mb_split         0  (        0 /        0 )  0.00

 init_area                  7464        0         0      8705    53200
 rem_buf                    7352        0         0      8671    53200
 merge_bi                   7350        0         0      8671    53200
 gate_comp                  7350        0         0      8671    53200
 glob_area                  7347        0         0      8670    53200
 area_down                  7341        0         0      8670    53200

           Trick     Calls     Accepts   Attempts    Time(secs) 
-----------------------------------------------------------
           undup         0  (        0 /        0 )  0.00
         rem_buf       142  (       66 /       66 )  0.18
         rem_inv         1  (        0 /        1 )  0.00
        merge_bi         2  (        2 /        2 )  0.02
      rem_inv_qb         2  (        0 /        1 )  0.01
        io_phase         8  (        0 /        0 )  0.00
       gate_comp       106  (       76 /       76 )  0.34
       gcomp_mog        45  (        0 /        1 )  0.14
       glob_area        50  (        4 /       50 )  0.01
       area_down        24  (        5 /        5 )  0.08
      size_n_buf         0  (        0 /        0 )  0.00
  gate_deco_area         0  (        0 /        0 )  0.01
         rem_buf        76  (        0 /        0 )  0.09
         rem_inv         1  (        0 /        1 )  0.00
        merge_bi         0  (        0 /        0 )  0.01
      rem_inv_qb         2  (        0 /        1 )  0.01

 
Incremental optimization status
===============================
                                   Group   
                                  Tot Wrst     Total - - DRC Totals - -
                           Total  Weighted      Neg      Max       Max 
Operation                   Area   Slacks      Slack    Trans      Cap 
 init_delay                 7341        0         0      8670    53200

           Trick     Calls     Accepts   Attempts    Time(secs) 
-----------------------------------------------------------
       crit_upsz         0  (        0 /        0 )  0.00
    plc_bal_star         0  (        0 /        0 )  0.00
     drc_buftimb         0  (        0 /        0 )  0.00
          plc_st         0  (        0 /        0 )  0.00
    plc_st_fence         0  (        0 /        0 )  0.00
        plc_star         0  (        0 /        0 )  0.00
      plc_laf_st         0  (        0 /        0 )  0.00
 plc_laf_st_fence         0  (        0 /        0 )  0.00
     drc_buftims         0  (        0 /        0 )  0.00
   plc_laf_lo_st         0  (        0 /        0 )  0.00
       plc_lo_st         0  (        0 /        0 )  0.00
            fopt         0  (        0 /        0 )  0.00
       crit_dnsz         0  (        0 /        0 )  0.00
             dup         0  (        0 /        0 )  0.00
            fopt         0  (        0 /        0 )  0.00
        setup_dn         0  (        0 /        0 )  0.00
         buf2inv         0  (        0 /        0 )  0.00
        mb_split         0  (        0 /        0 )  0.00
             exp         0  (        0 /        0 )  0.00
       gate_deco         0  (        0 /        0 )  0.00
       gcomp_tim         0  (        0 /        0 )  0.00
  inv_pair_2_buf         0  (        0 /        0 )  0.00

 init_drc                   7341        0         0      8670    53200

           Trick     Calls     Accepts   Attempts    Time(secs) 
-----------------------------------------------------------
          plc_st        76  (        0 /        0 )  0.00
        plc_star        76  (        0 /        0 )  0.00
        drc_bufs       152  (        0 /       76 )  0.03
        drc_fopt        76  (        0 /        0 )  0.01
        drc_bufb        76  (        0 /        0 )  0.00
      simple_buf        76  (        0 /        0 )  0.17
             dup        76  (        0 /        0 )  0.00
       crit_dnsz         0  (        0 /        0 )  0.00
       crit_upsz        76  (        0 /        0 )  0.16


           Trick     Calls     Accepts   Attempts    Time(secs) 
-----------------------------------------------------------
          plc_st        76  (        0 /        0 )  0.00
        plc_star        76  (        0 /        0 )  0.00
        drc_bufs       152  (        0 /       76 )  0.04
        drc_fopt        76  (        0 /        0 )  0.01
        drc_bufb        76  (        0 /        0 )  0.00
      simple_buf        76  (        0 /        0 )  0.17
             dup        76  (        0 /        0 )  0.00
       crit_dnsz         0  (        0 /        0 )  0.00
       crit_upsz        76  (        0 /        0 )  0.16


           Trick     Calls     Accepts   Attempts    Time(secs) 
-----------------------------------------------------------
          plc_st         0  (        0 /        0 )  0.00
        plc_star         0  (        0 /        0 )  0.00
        drc_bufs         0  (        0 /        0 )  0.00
        drc_fopt         0  (        0 /        0 )  0.00
        drc_bufb         0  (        0 /        0 )  0.00
             dup         0  (        0 /        0 )  0.00
       crit_dnsz         0  (        0 /        0 )  0.00
       crit_upsz         0  (        0 /        0 )  0.00

 init_area                  7341        0         0      8670    53200

           Trick     Calls     Accepts   Attempts    Time(secs) 
-----------------------------------------------------------
           undup         0  (        0 /        0 )  0.00
         rem_buf        76  (        0 /        0 )  0.09
         rem_inv         1  (        0 /        1 )  0.00
        merge_bi         0  (        0 /        0 )  0.01
      rem_inv_qb         2  (        0 /        1 )  0.01
        io_phase         8  (        0 /        0 )  0.00
       gate_comp        30  (        0 /        0 )  0.11
       gcomp_mog        45  (        0 /        1 )  0.14
       glob_area        48  (        0 /       48 )  0.01
       area_down        20  (        0 /        0 )  0.05
      size_n_buf         0  (        0 /        0 )  0.00
  gate_deco_area         0  (        0 /        0 )  0.00

==================================
Stage : incr_opt 
==================================
  =================
   Message Summary
  =================
---------------------------------------------------------------------------------------
|   Id   |  Sev  |Count|                         Message Text                         |
---------------------------------------------------------------------------------------
|CFM-1   |Info   |    1|Wrote dofile.                                                 |
|CFM-5   |Info   |    1|Wrote formal verification information.                        |
|PA-7    |Info   |    4|Resetting power analysis results.                             |
|        |       |     |All computed switching activities are removed.                |
|SYNTH-5 |Info   |    1|Done mapping.                                                 |
|SYNTH-7 |Info   |    1|Incrementally optimizing.                                     |
|SYNTH-33|Warning|    1|The selected flow setting will be removed in a future release.|
|        |       |     |Contact Cadence support to understand current flows.          |
---------------------------------------------------------------------------------------
Info    : Done incrementally optimizing. [SYNTH-8]
        : Done incrementally optimizing 'mac_param'.
      flow.cputime  flow.realtime  timing.setup.tns  timing.setup.wns  snapshot
UM:*                                                                   syn_opt
@file(script.tcl) 12: write_db mac_param -to_file design.db
Finished exporting design database to file 'design.db' for 'mac_param' (command execution time mm:ss cpu = 00:00, real = 00:00).
@file(script.tcl) 13: write_hdl > design_syn.v
@file(script.tcl) 14: write_sdc > design_syn.sdc
Finished SDC export (command execution time mm:ss (real) = 00:01).
@file(script.tcl) 16: report_timing > reports/report_timing.rpt
@file(script.tcl) 17: report_power > reports/report_power.rpt
Warning: Library 'fast_vdd1v0' found in multiple domains.
Info: Use -domain to uniquify.
Info: Selecting library 'fast_vdd1v0' in domain '-1'
Warning: Library 'slow_vdd1v0' found in multiple domains.
Info: Use -domain to uniquify.
Info: Selecting library 'slow_vdd1v0' in domain '-1'
Info    : Joules engine is used. [RPT-16]
        : Joules engine is being used for the command report_power.
Info   : ACTP-0001 [ACTPInfo] Activity propagation started for stim#0 netlist
       : mac_param
Info   : ACTP-0009 [ACTPInfo] Activity Propagation Progress Report :   0%   1%   2%   3%   4%   5%   6%   7%   8%   9%  10%  11%  12%  13%  14%  15%  16%  17%  18%  19%  20%  21%  22%  23%  24%  25%  26%  27%  28%  29%  30%  31%  32%  33%  34%  35%  36%  37%  38%  39%  40%  41%  42%  43%  44%  45%  46%  47%  48%  49%  50%  51%  52%  53%  54%  55%  56%  57%  58%  59%  60%  61%  62%  63%  64%  65%  66%  67%  68%  69%  70%  71%  72%  73%  74%  75%  76%  77%  78%  79%  80%  81%  82%  83%  84%  85%  86%  87%  88%  89%  90%  91%  92%  93%  94%  95%  96%  97%  98%  99% 100%
Info   : ACTP-0001 Activity propagation ended for stim#0
Info   : PWRA-0001 [PwrInfo] compute_power effective options 
       : -mode : vectorless
       : -skip_propagation : 1
       : -use_clock_freq : stim
       : -fromGenus : 1
Info   : ACTP-0001 Timing initialization started
Info   : ACTP-0001 Timing initialization ended
Info   : PWRA-0002 [PwrInfo] Skipping activity propagation due to -skip_ap
       : option....
Info   : PWRA-0002 Started 'vectorless' power computation.
Info   : PWRA-0009 [PwrInfo] Power Computation Progress Report :   0%   1%   2%   3%   4%   5%   6%   7%   8%   9%  10%  11%  12%  13%  14%  15%  16%  17%  18%  19%  20%  21%  22%  23%  24%  25%  26%  27%  28%  29%  30%  31%  32%  33%  34%  35%  36%  37%  38%  39%  40%  41%  42%  43%  44%  45%  46%  47%  48%  49%  50%  51%  52%  53%  54%  55%  56%  57%  58%  59%  60%  61%  62%  63%  64%  65%  66%  67%  68%  69%  70%  71%  72%  73%  74%  75%  76%  77%  78%  79%  80%  81%  82%  83%  84%  85%  86%  87%  88%  89%  90%  91%  92%  93%  94%  95%  96%  97%  98%  99% 100%
Info   : PWRA-0002 Finished power computation.
Info   : PWRA-0007 [PwrInfo] Completed successfully.
       : Info=6, Warn=0, Error=0, Fatal=0
Output file: reports/report_power.rpt
@file(script.tcl) 18: report_area > reports/report_area.rpt
@file(script.tcl) 19: report_qor > reports/report_qor.rpt
#@ End verbose source ./script.tcl
WARNING: This version of the tool is 250 days old.
@genus:root: 2> exit

Lic Summary:
[15:53:53.508699] Cdslmd servers: ip-10-0-0-94
[15:53:53.508713] Feature usage summary:
[15:53:53.508714] Genus_Synthesis  
Normal exit.