Cadence Genus(TM) Synthesis Solution.
Copyright 2025 Cadence Design Systems, Inc. All rights reserved worldwide.
Cadence and the Cadence logo are registered trademarks and Genus is a trademark
of Cadence Design Systems, Inc. in the United States and other countries.

[20:05:01.171841] Configured Lic search path (25.01-s002): 5280@ec2-44-229-184-69.us-west-2.compute.amazonaws.com

Version: 25.12-s067_1, built Mon Nov 17 08:10:10 PST 2025
Options: -log synth_flow.log 
Date:    Fri Jul 24 20:05:01 2026
Host:    localhost.localdomain (x86_64 w/Linux 5.14.0-687.17.1.el9_8.x86_64) (8cores*16cpus*1physical cpu*AMD Ryzen 7 5700G with Radeon Graphics 512KB) (31967244KB)
PID:     7021
OS:      Rocky Linux 9.8 (Blue Onyx)

Checking out license: Genus_Synthesis
[20:05:07.220121] Periodic Lic check successful
[20:05:07.220130] Feature usage summary:
[20:05:07.220130] Genus_Synthesis  
License checkout complete (6 seconds elapsed).


***********************************************************************************************************
***********************************************************************************************************



Finished executable startup (12 seconds elapsed).

Loading tool scripts...
Finished loading tool scripts (13 seconds elapsed).

WARNING: This version of the tool is 249 days old.
@genus:root: 1> read_libs { ../LIB/fast_vdd1v0_basicCells.lib ../LIB/slow_vdd1v0_basicCells.lib }

  Message Summary for Library both libraries:
  *******************************************
  Missing a function attribute in the output pin definition. [LBR-518]: 2
  *******************************************
 
Warning : Libraries have inconsistent nominal operating conditions. In the Liberty library, there are attributes called nom_voltage, nom_process and nom_temperature. Genus reports the message, if the respective values of the 2 given .libs differ. [LBR-38]
        : The libraries are 'fast_vdd1v0' and 'slow_vdd1v0'.
        : This is a common source of delay calculation confusion and should be avoided.
Info    : Library name multiply defined. [LBR-13]
        : The nominal PVT of library 'slow_vdd1v0', file '/home/cidigital/projects/aulas-ci-digital/aula_24_07/LIB/slow_vdd1v0_basicCells.lib' does not match with the nominal PVT of same name library being read now.
        : Same library name with different PVT will be treated as voltage scaled library.
Info    : Created nominal operating condition. [LBR-412]
        : Operating condition '_nominal_' was created for the PVT values (1.000000, 1.100000, 0.000000) in library 'fast_vdd1v0_basicCells.lib'.
        : The nominal operating condition is represented, either by the nominal PVT values specified in the library source (via nom_process,nom_voltage and nom_temperature respectively), or by the default PVT values (1.0,1.0,1.0).
Info    : Created nominal operating condition. [LBR-412]
        : Operating condition '_nominal_' was created for the PVT values (1.000000, 0.900000, 125.000000) in library 'slow_vdd1v0_basicCells.lib'.
Warning : Library cell has no output pins defined. [LBR-9]
        : Library cell 'ANTENNA' must have an output pin.
        : Add the missing output pin(s), then reload the library. Else the library cell will be marked as timing model i.e. unusable. Timing_model means that the cell does not have any defined function. If there is no output pin, Genus will mark library cell as unusable i.e. the attribute 'usable' will be marked to 'false' on the libcell. Therefore, the cell is not used for mapping and it will not be picked up from the library for synthesis. If you query the attribute 'unusable_reason' on the libcell; result will be: 'Library cell has no output pins.'Note: The message LBR-9 is only for the logical pins and not for the power_ground pins. Genus will depend upon the output function defined in the pin group (output pin) of the cell, to use it for mapping. The pg_pin will not have any function defined.
Warning : Library cell has no output pins defined. [LBR-9]
        : Library cell 'ANTENNA' must have an output pin.
Warning : Library cell has no output pins defined. [LBR-9]
        : Library cell 'ANTENNA' must have an output pin.
Warning : Library cell has no output pins defined. [LBR-9]
        : Library cell 'ANTENNA' must have an output pin.
Warning : Multiply-defined library cell. [LBR-22]
        : Library-cell name collision (fast_vdd1v0/ACHCONX2 and slow_vdd1v0/ACHCONX2).  Deleting (slow_vdd1v0/ACHCONX2).
        : Library cell names must be unique.  Any duplicates will be deleted.  Only the first (as determined by the order of libraries) will be retained.
Warning : Multiply-defined library cell. [LBR-22]
        : Library-cell name collision (fast_vdd1v0/ADDFHX1 and slow_vdd1v0/ADDFHX1).  Deleting (slow_vdd1v0/ADDFHX1).
Warning : Multiply-defined library cell. [LBR-22]
        : Library-cell name collision (fast_vdd1v0/ADDFHX2 and slow_vdd1v0/ADDFHX2).  Deleting (slow_vdd1v0/ADDFHX2).
Warning : Multiply-defined library cell. [LBR-22]
        : Library-cell name collision (fast_vdd1v0/ADDFHX4 and slow_vdd1v0/ADDFHX4).  Deleting (slow_vdd1v0/ADDFHX4).
Warning : Multiply-defined library cell. [LBR-22]
        : Library-cell name collision (fast_vdd1v0/ADDFHXL and slow_vdd1v0/ADDFHXL).  Deleting (slow_vdd1v0/ADDFHXL).
Warning : Multiply-defined library cell. [LBR-22]
        : Library-cell name collision (fast_vdd1v0/ADDFX1 and slow_vdd1v0/ADDFX1).  Deleting (slow_vdd1v0/ADDFX1).
Warning : Multiply-defined library cell. [LBR-22]
        : Library-cell name collision (fast_vdd1v0/ADDFX2 and slow_vdd1v0/ADDFX2).  Deleting (slow_vdd1v0/ADDFX2).
Warning : Multiply-defined library cell. [LBR-22]
        : Library-cell name collision (fast_vdd1v0/ADDFX4 and slow_vdd1v0/ADDFX4).  Deleting (slow_vdd1v0/ADDFX4).
Warning : Multiply-defined library cell. [LBR-22]
        : Library-cell name collision (fast_vdd1v0/ADDFXL and slow_vdd1v0/ADDFXL).  Deleting (slow_vdd1v0/ADDFXL).
Warning : Multiply-defined library cell. [LBR-22]
        : Library-cell name collision (fast_vdd1v0/ADDHX1 and slow_vdd1v0/ADDHX1).  Deleting (slow_vdd1v0/ADDHX1).
Warning : Multiply-defined library cell. [LBR-22]
        : Library-cell name collision (fast_vdd1v0/ADDHX2 and slow_vdd1v0/ADDHX2).  Deleting (slow_vdd1v0/ADDHX2).
Warning : Multiply-defined library cell. [LBR-22]
        : Library-cell name collision (fast_vdd1v0/ADDHX4 and slow_vdd1v0/ADDHX4).  Deleting (slow_vdd1v0/ADDHX4).
Warning : Multiply-defined library cell. [LBR-22]
        : Library-cell name collision (fast_vdd1v0/ADDHXL and slow_vdd1v0/ADDHXL).  Deleting (slow_vdd1v0/ADDHXL).
Warning : Multiply-defined library cell. [LBR-22]
        : Library-cell name collision (fast_vdd1v0/AND2X1 and slow_vdd1v0/AND2X1).  Deleting (slow_vdd1v0/AND2X1).
Warning : Multiply-defined library cell. [LBR-22]
        : Library-cell name collision (fast_vdd1v0/AND2X2 and slow_vdd1v0/AND2X2).  Deleting (slow_vdd1v0/AND2X2).
Warning : Multiply-defined library cell. [LBR-22]
        : Library-cell name collision (fast_vdd1v0/AND2X4 and slow_vdd1v0/AND2X4).  Deleting (slow_vdd1v0/AND2X4).
Warning : Multiply-defined library cell. [LBR-22]
        : Library-cell name collision (fast_vdd1v0/AND2X6 and slow_vdd1v0/AND2X6).  Deleting (slow_vdd1v0/AND2X6).
Warning : Multiply-defined library cell. [LBR-22]
        : Library-cell name collision (fast_vdd1v0/AND2X8 and slow_vdd1v0/AND2X8).  Deleting (slow_vdd1v0/AND2X8).
Warning : Multiply-defined library cell. [LBR-22]
        : Library-cell name collision (fast_vdd1v0/AND2XL and slow_vdd1v0/AND2XL).  Deleting (slow_vdd1v0/AND2XL).
Warning : Multiply-defined library cell. [LBR-22]
        : Library-cell name collision (fast_vdd1v0/AND3X1 and slow_vdd1v0/AND3X1).  Deleting (slow_vdd1v0/AND3X1).
Warning : Maximum message print count reached. [MESG-11]
        : Maximum print count of '20' reached for message 'LBR-22'.
@genus:root: 2> read_physical -lef { ../LEF/gsclib045_macro.lef ../LEF/gsclib045_tech.lef }
Error   : Undefined pin layer detected. [PHYS-148] [read_physical]
        : The layer 'Metal1' referenced in pin 'CON' in macro 'ACHCONX2' is not found in the database.
        : A layer must be defined in the LEF technology LAYER section before it can be referenced from a macro section. Review the LEF files specified in the lef_library attribute to see if the layer is not defined or is defined after the macro definition which refers to the layer in its pin section.
Error   : Undefined pin layer detected. [PHYS-148] [read_physical]
        : The layer 'Metal1' referenced in pin 'A' in macro 'ACHCONX2' is not found in the database.
Error   : Undefined pin layer detected. [PHYS-148] [read_physical]
        : The layer 'Metal1' referenced in pin 'B' in macro 'ACHCONX2' is not found in the database.
Error   : Undefined pin layer detected. [PHYS-148] [read_physical]
        : The layer 'Metal1' referenced in pin 'CI' in macro 'ACHCONX2' is not found in the database.
Error   : Undefined pin layer detected. [PHYS-148] [read_physical]
        : The layer 'Metal1' referenced in pin 'VSS' in macro 'ACHCONX2' is not found in the database.
Error   : Undefined pin layer detected. [PHYS-148] [read_physical]
        : The layer 'Metal1' referenced in pin 'VDD' in macro 'ACHCONX2' is not found in the database.
Warning : Macro references undefined site. [PHYS-2040]
        : Macro 'ACHCONX2' references a site 'CoreSite' that has not been defined.
        : The sites must be defined before they can be referenced from a macro. Review the LEF files specified in the lef_library attribute to see if the site does not exist or is specified after the one that defines the macro.
Error   : Undefined pin layer detected. [PHYS-148] [read_physical]
        : The layer 'Metal1' referenced in pin 'VSS' in macro 'ADDFHX1' is not found in the database.
Error   : Undefined pin layer detected. [PHYS-148] [read_physical]
        : The layer 'Metal1' referenced in pin 'VDD' in macro 'ADDFHX1' is not found in the database.
Error   : Undefined pin layer detected. [PHYS-148] [read_physical]
        : The layer 'Metal1' referenced in pin 'CI' in macro 'ADDFHX1' is not found in the database.
Error   : Undefined pin layer detected. [PHYS-148] [read_physical]
        : The layer 'Metal1' referenced in pin 'A' in macro 'ADDFHX1' is not found in the database.
Error   : Undefined pin layer detected. [PHYS-148] [read_physical]
        : The layer 'Metal1' referenced in pin 'B' in macro 'ADDFHX1' is not found in the database.
Error   : Undefined pin layer detected. [PHYS-148] [read_physical]
        : The layer 'Metal1' referenced in pin 'CO' in macro 'ADDFHX1' is not found in the database.
Error   : Undefined pin layer detected. [PHYS-148] [read_physical]
        : The layer 'Metal1' referenced in pin 'S' in macro 'ADDFHX1' is not found in the database.
Warning : Macro references undefined site. [PHYS-2040]
        : Macro 'ADDFHX1' references a site 'CoreSite' that has not been defined.
Error   : Undefined pin layer detected. [PHYS-148] [read_physical]
        : The layer 'Metal1' referenced in pin 'S' in macro 'ADDFHX2' is not found in the database.
Error   : Undefined pin layer detected. [PHYS-148] [read_physical]
        : The layer 'Metal1' referenced in pin 'CO' in macro 'ADDFHX2' is not found in the database.
Error   : Undefined pin layer detected. [PHYS-148] [read_physical]
        : The layer 'Metal1' referenced in pin 'B' in macro 'ADDFHX2' is not found in the database.
Error   : Undefined pin layer detected. [PHYS-148] [read_physical]
        : The layer 'Metal1' referenced in pin 'A' in macro 'ADDFHX2' is not found in the database.
Error   : Undefined pin layer detected. [PHYS-148] [read_physical]
        : The layer 'Metal1' referenced in pin 'CI' in macro 'ADDFHX2' is not found in the database.
Error   : Undefined pin layer detected. [PHYS-148] [read_physical]
        : The layer 'Metal1' referenced in pin 'VDD' in macro 'ADDFHX2' is not found in the database.
Error   : Undefined pin layer detected. [PHYS-148] [read_physical]
        : The layer 'Metal1' referenced in pin 'VSS' in macro 'ADDFHX2' is not found in the database.
Warning : Macro references undefined site. [PHYS-2040]
        : Macro 'ADDFHX2' references a site 'CoreSite' that has not been defined.
Warning : Maximum message print count reached. [MESG-11]
        : Maximum print count of '20' reached for message 'PHYS-148'.
Warning : Macro references undefined site. [PHYS-2040]
        : Macro 'ADDFHX4' references a site 'CoreSite' that has not been defined.
Warning : Macro references undefined site. [PHYS-2040]
        : Macro 'ADDFHXL' references a site 'CoreSite' that has not been defined.
Warning : Macro references undefined site. [PHYS-2040]
        : Macro 'ADDFX1' references a site 'CoreSite' that has not been defined.
Warning : Macro references undefined site. [PHYS-2040]
        : Macro 'ADDFX2' references a site 'CoreSite' that has not been defined.
Warning : Macro references undefined site. [PHYS-2040]
        : Macro 'ADDFX4' references a site 'CoreSite' that has not been defined.
Warning : Macro references undefined site. [PHYS-2040]
        : Macro 'ADDFXL' references a site 'CoreSite' that has not been defined.
Warning : Macro references undefined site. [PHYS-2040]
        : Macro 'ADDHX1' references a site 'CoreSite' that has not been defined.
Warning : Macro references undefined site. [PHYS-2040]
        : Macro 'ADDHX2' references a site 'CoreSite' that has not been defined.
Warning : Macro references undefined site. [PHYS-2040]
        : Macro 'ADDHX4' references a site 'CoreSite' that has not been defined.
Warning : Macro references undefined site. [PHYS-2040]
        : Macro 'ADDHXL' references a site 'CoreSite' that has not been defined.
Warning : Macro references undefined site. [PHYS-2040]
        : Macro 'AND2X1' references a site 'CoreSite' that has not been defined.
Warning : Macro references undefined site. [PHYS-2040]
        : Macro 'AND2X2' references a site 'CoreSite' that has not been defined.
Warning : Macro references undefined site. [PHYS-2040]
        : Macro 'AND2X4' references a site 'CoreSite' that has not been defined.
Warning : Macro references undefined site. [PHYS-2040]
        : Macro 'AND2X6' references a site 'CoreSite' that has not been defined.
Warning : Macro references undefined site. [PHYS-2040]
        : Macro 'AND2X8' references a site 'CoreSite' that has not been defined.
Warning : Macro references undefined site. [PHYS-2040]
        : Macro 'AND2XL' references a site 'CoreSite' that has not been defined.
Warning : Macro references undefined site. [PHYS-2040]
        : Macro 'AND3X1' references a site 'CoreSite' that has not been defined.
Warning : Maximum message print count reached. [MESG-11]
        : Maximum print count of '20' reached for message 'PHYS-2040'.
Error   : LEF File Interface. [PHYS-100] [read_physical]
        : File '/home/cidigital/projects/aulas-ci-digital/aula_24_07/LAB0/../LEF/gsclib045_macro.lef' contains an error on or near line '55111'.
        : Check the LEF file and rerun the command.
Info    : Via with no resistance will have a value of '0.0' assigned for resistance value. [PHYS-129]
        : Via 'M2_M1_HV' has no resistance value.
        : If this is the expected behavior, this message can be ignored.
Info    : Via with no resistance will have a value of '0.0' assigned for resistance value. [PHYS-129]
        : Via 'M2_M1_VV' has no resistance value.
Info    : Via with no resistance will have a value of '0.0' assigned for resistance value. [PHYS-129]
        : Via 'M2_M1_VH' has no resistance value.
Info    : Via with no resistance will have a value of '0.0' assigned for resistance value. [PHYS-129]
        : Via 'M2_M1_HH' has no resistance value.
Info    : Via with no resistance will have a value of '0.0' assigned for resistance value. [PHYS-129]
        : Via 'M2_M1_2x1_HV_E' has no resistance value.
Info    : Via with no resistance will have a value of '0.0' assigned for resistance value. [PHYS-129]
        : Via 'M2_M1_2x1_HV_W' has no resistance value.
Info    : Via with no resistance will have a value of '0.0' assigned for resistance value. [PHYS-129]
        : Via 'M2_M1_1x2_HV_N' has no resistance value.
Info    : Via with no resistance will have a value of '0.0' assigned for resistance value. [PHYS-129]
        : Via 'M2_M1_1x2_HV_S' has no resistance value.
Info    : Via with no resistance will have a value of '0.0' assigned for resistance value. [PHYS-129]
        : Via 'M3_M2_VH' has no resistance value.
Info    : Via with no resistance will have a value of '0.0' assigned for resistance value. [PHYS-129]
        : Via 'M3_M2_HH' has no resistance value.
Info    : Via with no resistance will have a value of '0.0' assigned for resistance value. [PHYS-129]
        : Via 'M3_M2_HV' has no resistance value.
Info    : Via with no resistance will have a value of '0.0' assigned for resistance value. [PHYS-129]
        : Via 'M3_M2_VV' has no resistance value.
Info    : Via with no resistance will have a value of '0.0' assigned for resistance value. [PHYS-129]
        : Via 'M3_M2_M_NH' has no resistance value.
Info    : Via with no resistance will have a value of '0.0' assigned for resistance value. [PHYS-129]
        : Via 'M3_M2_M_SH' has no resistance value.
Info    : Via with no resistance will have a value of '0.0' assigned for resistance value. [PHYS-129]
        : Via 'M3_M2_2x1_VH_E' has no resistance value.
Info    : Via with no resistance will have a value of '0.0' assigned for resistance value. [PHYS-129]
        : Via 'M3_M2_2x1_VH_W' has no resistance value.
Info    : Via with no resistance will have a value of '0.0' assigned for resistance value. [PHYS-129]
        : Via 'M3_M2_1x2_VH_N' has no resistance value.
Info    : Via with no resistance will have a value of '0.0' assigned for resistance value. [PHYS-129]
        : Via 'M3_M2_1x2_VH_S' has no resistance value.
Info    : Via with no resistance will have a value of '0.0' assigned for resistance value. [PHYS-129]
        : Via 'M4_M3_HV' has no resistance value.
Info    : Via with no resistance will have a value of '0.0' assigned for resistance value. [PHYS-129]
        : Via 'M4_M3_VV' has no resistance value.
Warning : Maximum message print count reached. [MESG-11]
        : Maximum print count of '20' reached for message 'PHYS-129'.

  According to lef_library, there are total 11 routing layers [ V(5) / H(6) ]

Warning : Physical cell not defined in library. [PHYS-279]
        : The physical (LEF) cell DFF2RX1 cannot be found in library.
        : Ensure that the proper library files are available and have been imported.
Warning : Physical cell not defined in library. [PHYS-279]
        : The physical (LEF) cell DFF2RX2 cannot be found in library.
Warning : Physical cell not defined in library. [PHYS-279]
        : The physical (LEF) cell DFF2X1 cannot be found in library.
Warning : Physical cell not defined in library. [PHYS-279]
        : The physical (LEF) cell DFF2X2 cannot be found in library.
Warning : Physical cell not defined in library. [PHYS-279]
        : The physical (LEF) cell DFF4RX1 cannot be found in library.
Warning : Physical cell not defined in library. [PHYS-279]
        : The physical (LEF) cell DFF4RX2 cannot be found in library.
Warning : Physical cell not defined in library. [PHYS-279]
        : The physical (LEF) cell DFF4X1 cannot be found in library.
Warning : Physical cell not defined in library. [PHYS-279]
        : The physical (LEF) cell DFF4X2 cannot be found in library.
Warning : Physical cell not defined in library. [PHYS-279]
        : The physical (LEF) cell FILL1 cannot be found in library.
Warning : Physical cell not defined in library. [PHYS-279]
        : The physical (LEF) cell FILL16 cannot be found in library.
Warning : Physical cell not defined in library. [PHYS-279]
        : The physical (LEF) cell FILL2 cannot be found in library.
Warning : Physical cell not defined in library. [PHYS-279]
        : The physical (LEF) cell FILL32 cannot be found in library.
Warning : Physical cell not defined in library. [PHYS-279]
        : The physical (LEF) cell FILL4 cannot be found in library.
Warning : Physical cell not defined in library. [PHYS-279]
        : The physical (LEF) cell FILL64 cannot be found in library.
Warning : Physical cell not defined in library. [PHYS-279]
        : The physical (LEF) cell FILL8 cannot be found in library.
Warning : Physical cell not defined in library. [PHYS-279]
        : The physical (LEF) cell FSWNX1 cannot be found in library.
Warning : Physical cell not defined in library. [PHYS-279]
        : The physical (LEF) cell FSWX1 cannot be found in library.
Warning : Physical cell not defined in library. [PHYS-279]
        : The physical (LEF) cell HSWDNX1 cannot be found in library.
Warning : Physical cell not defined in library. [PHYS-279]
        : The physical (LEF) cell HSWDX1 cannot be found in library.
Warning : Physical cell not defined in library. [PHYS-279]
        : The physical (LEF) cell HSWNX1 cannot be found in library.
Warning : Maximum message print count reached. [MESG-11]
        : Maximum print count of '20' reached for message 'PHYS-279'.
@genus:root: 3> read_hdl "../RTL/counter.v"
@genus:root: 4> check_design -unresolved
Error   : No designs are available. A design must first be read in and elaborated. [TUI-10] [check_design]
        : There is no design here.
        : A design must first be read in with 'read_hdl' command and elaborated with 'elaborate' command.
Failed on check_design
@genus:root: 5> read_hdl ../RTL/counter.v
module counter(clk,rst,count);
             |
Warning : Replacing previously read Verilog description. [VLOGPT-6]
        : Replacing Verilog description 'counter' with Verilog module in file '../RTL/counter.v' on line 1, column 14.
        : A Verilog description is replaced when a new description of the same name and same library is read again.
    Verilog descriptions are:
       module
       macromodule
       configuration
    SystemVerilog adds the following descriptions:
       interface
       program
       package.
Warning : Replacing previously read Verilog module or VHDL entity. [HPT-76]
        : Replacing Verilog module 'counter' in library 'default' with newly read Verilog module 'counter' in the same library in file '../RTL/counter.v' on line 1.
        : A newly read VHDL entity replaces any previously read Verilog module or VHDL entity in the same library if its name matches (case-insensitively) the existing module or entity.
    For instance:
        VHDL 'foo'                  replaces  VHDL {'FOO' or 'foo' or 'Foo' or ...} in the same library
        VHDL 'foo' (in any library) replaces  Verilog {'FOO' or 'foo' or 'Foo' or ...} in the same library
 
A newly read Verilog module replaces any previously read Verilog module if its name matches (case-sensitively) that module.  Further, it replaces any previously read VHDL entity in the same library if its name matches (case -insensitively) that entity.
    For instance:
        Verilog 'foo' replaces    VHDL {'FOO' or 'foo' or 'Foo' or ...} in the same library
        Verilog 'foo' replaces    Verilog 'foo' only
    In addition:
        Verilog 'foo' does not replace Verilog 'FOO' and the two remain as distinct modules.
@genus:root: 6> check_design -unresolved
Error   : No designs are available. A design must first be read in and elaborated. [TUI-10] [check_design]
        : There is no design here.
Failed on check_design
@genus:root: 7> elaborate
  Libraries have 324 usable logic and 128 usable sequential lib-cells.
Info    : Elaborating Design. [ELAB-1]
        : Elaborating top-level block 'counter' from file '../RTL/counter.v'.
Info    : Done Elaborating Design. [ELAB-3]
        : Done elaborating 'counter'.
Checking for source RTL...
Check completed for source RTL.
Running Unified Mux Engine Tricks...
Completed Unified Mux Engine Tricks

Stage: post_elab
-------------------------------------------------------
| Trick             | Accepts | Rejects | Runtime (s) | 
-------------------------------------------------------
| ume_constant_bmux |       0 |       0 |        0.00 | 
| ume_merge         |       0 |       0 |        0.00 | 
| ume_ssm           |       0 |       0 |        0.00 | 
| ume_cse           |       0 |       0 |        0.00 | 
| ume_shrink        |       0 |       0 |        0.00 | 
| ume_sweep         |       0 |       0 |        0.00 | 
-------------------------------------------------------
Starting optimize datapath shifters [v1.0] (stage: post_elab, startdef: counter, recur: true)
Completed optimize datapath shifters (accepts: 0, rejects: 0, runtime: 0.000s)
Starting clip mux common data inputs [v1.0] (stage: post_elab, startdef: counter, recur: true)
Completed clip mux common data inputs (accepts: 0, rejects: 0, runtime: 0.000s)
Starting clip the non-user hierarchies [v2.0] (stage: post_elab, startdef: counter, recur: true)
Completed clip the non-user hierarchies (accepts: 0, rejects: 0, runtime: 0.000s)
Starting basic netlist cleanup [v1.0] (stage: post_elab, startdef: counter, recur: true)
Completed basic netlist cleanup (accepts: 0, rejects: 0, runtime: 0.000s)

Stage: post_elab
--------------------------------------------------------------------
| Transform                      | Accepts | Rejects | Runtime (s) | 
--------------------------------------------------------------------
| hlo_optimize_datapath_shifters |       0 |       0 |        0.00 | 
| hlo_clip_mux_input             |       0 |       0 |        0.00 | 
| hlo_clip                       |       0 |       0 |        0.00 | 
| hlo_cleanup                    |       0 |       0 |        0.00 | 
--------------------------------------------------------------------
UM:   flow.cputime  flow.realtime  timing.setup.tns  timing.setup.wns  snapshot
UM:*                                                                   elaborate
design:counter
@genus:root: 8> check_design -unresolved


 	 Check Design Report (c)
	 ------------------- 

  Unresolved References & Empty Modules
  ------------------------------------- 
No unresolved references in design 'counter'

No empty modules in design 'counter'

  Done Checking the design.
@genus:root: 9> read_sdc ../constraints/constraints_top.sdc
Statistics for commands executed by read_sdc:
 "create_clock"             - successful      1 , failed      0 (runtime  0.01)
 "get_clocks"               - successful      4 , failed      0 (runtime  0.00)
 "get_ports"                - successful      4 , failed      0 (runtime  0.01)
 "set_clock_transition"     - successful      2 , failed      0 (runtime  0.00)
 "set_clock_uncertainty"    - successful      1 , failed      0 (runtime  0.00)
 "set_input_delay"          - successful      1 , failed      0 (runtime  0.01)
 "set_output_delay"         - successful      1 , failed      0 (runtime  0.00)
read_sdc completed in 00:00:00 (hh:mm:ss)
@genus:root: 10> reset_design
@genus:root: 11> read_sdc ../constraints/constraints_top.sdc
Statistics for commands executed by read_sdc:
 "create_clock"             - successful      1 , failed      0 (runtime  0.00)
 "get_clocks"               - successful      4 , failed      0 (runtime  0.00)
 "get_ports"                - successful      4 , failed      0 (runtime  0.00)
 "set_clock_transition"     - successful      2 , failed      0 (runtime  0.00)
 "set_clock_uncertainty"    - successful      1 , failed      0 (runtime  0.00)
 "set_input_delay"          - successful      1 , failed      0 (runtime  0.00)
 "set_output_delay"         - successful      1 , failed      0 (runtime  0.00)
read_sdc completed in 00:00:00 (hh:mm:ss)
@genus:root: 12> set_db / .syn_generic_effort medium
  Setting attribute of root '/': 'syn_generic_effort' = medium
1 medium
@genus:root: 13> set_db / .syn_map_effort medium
  Setting attribute of root '/': 'syn_map_effort' = medium
1 medium
@genus:root: 14> set_db / .syn_opt_effort medium
  Setting attribute of root '/': 'syn_opt_effort' = medium
1 medium
@genus:root: 15> syn_generic
stamp 'PBS_Generic-Start' being created for table 'pbs_debug'

  Total Time (Wall) |  Stage Time (Wall)  |   % (Wall)   |    Date - Time     |  Memory   | Stage
--------------------+---------------------+--------------+--------------------+-----------+----------------------
 00:00:22(00:05:57) |  00:00:00(00:00:00) |   0.0(  0.0) |   20:11:05 (Jul24) |  925.8 MB | PBS_Generic-Start
--------------------+---------------------+--------------+--------------------+-----------+----------------------
Number of threads: 8 * 1   (id: pbs_debug, time_info v1.57)
Info: (*N*) indicates data that was populated from previously saved time_info database
Info: CPU time includes time of parent + longest thread

Stage: pre_early_cg
-----------------------------------------------
| Transform | Accepts | Rejects | Runtime (s) | 
-----------------------------------------------
-----------------------------------------------
Mapping ChipWare ICG instances in counter
Found 0 unmapped ChipWare ICG instances
Mapped 0 of 0 ChipWare ICG instances
##Generic Timing Info: typical gate delay   34.9 ps   std_slew:    4.4 ps   std_load:  0.7 fF  for library domain _default_
Starting mux data reorder optimization [v1.0] (stage: pre_to_gen_setup, startdef: counter, recur: true)
Completed mux data reorder optimization (accepts: 0, rejects: 0, runtime: 0.000s)

Stage: pre_to_gen_setup
-----------------------------------------------------
| Transform       | Accepts | Rejects | Runtime (s) | 
-----------------------------------------------------
| hlo_mux_reorder |       0 |       0 |        0.00 | 
-----------------------------------------------------
Running DP early constant propagation (netlist counter)...
Running DP early redundancy removal
Completed DP early redundancy removal on counter (runtime = 0.0s)
Multi-threaded constant propagation [4|0] ...
...done running DP early constant propagation (0 seconds CPU time, 0 seconds wall time, netlist counter).
Current PLE settings:

Aspect ratio        : 1.000
Shrink factor       : 1.000
Scale of res/length : 1.000
Scale of cap/length : 1.000
Net derating factor : 1.000
Thermal factor      : 1.000
Via Resistance      : 0.000 ohm (from default)
Site size           : 1.055 um (from lef [tech+cell])

                                   Capacitance  
  Layer                             / Length         Data source:
Name        Direction Utilization  (pF/micron)       lef_library
------------------------------------------------
Metal1          H         0.00        0.000412  
Metal2          V         1.00        0.000416  
Metal3          H         1.00        0.000416  
Metal4          V         1.00        0.000416  
Metal5          H         1.00        0.000416  
Metal6          V         1.00        0.000416  
Metal7          H         1.00        0.000416  
Metal8          V         1.00        0.000416  
Metal9          H         1.00        0.000416  
Metal10         V         1.00        0.000444  
Metal11         H         1.00        0.000444  

                                    Resistance   
  Layer                              / Length         Data source:
Name        Direction Utilization  (ohm/micron)       lef_library
-------------------------------------------------
Metal1          H         0.00         1.226667  
Metal2          V         1.00         0.755000  
Metal3          H         1.00         0.755000  
Metal4          V         1.00         0.755000  
Metal5          H         1.00         0.755000  
Metal6          V         1.00         0.755000  
Metal7          H         1.00         0.755000  
Metal8          V         1.00         0.267500  
Metal9          H         1.00         0.267500  
Metal10         V         1.00         0.097273  
Metal11         H         1.00         0.095455  

                                        Area     
  Layer                               / Length        Data source:
Name        Direction Utilization     (micron)        lef_library
-------------------------------------------------
Metal1          H         0.00         0.060000  
Metal2          V         1.00         0.080000  
Metal3          H         1.00         0.080000  
Metal4          V         1.00         0.080000  
Metal5          H         1.00         0.080000  
Metal6          V         1.00         0.080000  
Metal7          H         1.00         0.080000  
Metal8          V         1.00         0.080000  
Metal9          H         1.00         0.080000  
Metal10         V         1.00         0.220000  
Metal11         H         1.00         0.220000  

Info    : Synthesizing. [SYNTH-1]
        : Synthesizing 'counter' to generic gates using 'medium' effort.
Running Synthesis Turbo Flow Version 4.
Info    : Partition Based Synthesis execution skipped. [PHYS-752]
        : Design size is less than the partition size '100000' for distributed generic optimization to kick in.
Starting mux data reorder optimization [v1.0] (stage: pre_to_gen_setup, startdef: counter, recur: true)
Completed mux data reorder optimization (accepts: 0, rejects: 0, runtime: 0.001s)

Stage: pre_to_gen_setup
-----------------------------------------------------
| Transform       | Accepts | Rejects | Runtime (s) | 
-----------------------------------------------------
| hlo_mux_reorder |       0 |       0 |        0.00 | 
-----------------------------------------------------
Starting mux data reorder optimization [v1.0] (stage: post_to_gen_setup, startdef: counter, recur: true)
Completed mux data reorder optimization (accepts: 0, rejects: 0, runtime: 0.000s)

Stage: post_to_gen_setup
-----------------------------------------------------
| Transform       | Accepts | Rejects | Runtime (s) | 
-----------------------------------------------------
| hlo_mux_reorder |       0 |       0 |        0.00 | 
-----------------------------------------------------
Current PLE settings:

Aspect ratio        : 1.000
Shrink factor       : 1.000
Scale of res/length : 1.000
Scale of cap/length : 1.000
Net derating factor : 1.000
Thermal factor      : 1.000
Via Resistance      : 0.000 ohm (from default)
Site size           : 1.055 um (from lef [tech+cell])

                                   Capacitance  
  Layer                             / Length         Data source:
Name        Direction Utilization  (pF/micron)       lef_library
------------------------------------------------
Metal1          H         0.00        0.000412  
Metal2          V         1.00        0.000416  
Metal3          H         1.00        0.000416  
Metal4          V         1.00        0.000416  
Metal5          H         1.00        0.000416  
Metal6          V         1.00        0.000416  
Metal7          H         1.00        0.000416  
Metal8          V         1.00        0.000416  
Metal9          H         1.00        0.000416  
Metal10         V         1.00        0.000444  
Metal11         H         1.00        0.000444  

                                    Resistance   
  Layer                              / Length         Data source:
Name        Direction Utilization  (ohm/micron)       lef_library
-------------------------------------------------
Metal1          H         0.00         1.226667  
Metal2          V         1.00         0.755000  
Metal3          H         1.00         0.755000  
Metal4          V         1.00         0.755000  
Metal5          H         1.00         0.755000  
Metal6          V         1.00         0.755000  
Metal7          H         1.00         0.755000  
Metal8          V         1.00         0.267500  
Metal9          H         1.00         0.267500  
Metal10         V         1.00         0.097273  
Metal11         H         1.00         0.095455  

                                        Area     
  Layer                               / Length        Data source:
Name        Direction Utilization     (micron)        lef_library
-------------------------------------------------
Metal1          H         0.00         0.060000  
Metal2          V         1.00         0.080000  
Metal3          H         1.00         0.080000  
Metal4          V         1.00         0.080000  
Metal5          H         1.00         0.080000  
Metal6          V         1.00         0.080000  
Metal7          H         1.00         0.080000  
Metal8          V         1.00         0.080000  
Metal9          H         1.00         0.080000  
Metal10         V         1.00         0.220000  
Metal11         H         1.00         0.220000  

Running Unified Mux Engine Tricks...
Completed Unified Mux Engine Tricks

Stage: pre_hlo_rtlopt
-----------------------------------------------
| Trick     | Accepts | Rejects | Runtime (s) | 
-----------------------------------------------
| ume_ssm   |       0 |       0 |        0.00 | 
| ume_sweep |       0 |       0 |        0.00 | 
| ume_share |       0 |       0 |        0.00 | 
-----------------------------------------------
Begin SDR optimization CTX_region 
No special hier is found 
End SDR optimization CTX_region 
Begin SDR optimization UME_region 
No special hier is found 
End SDR optimization UME_region 
Begin SDR optimization IMPL_BASED_region 
No special hier is found 
End SDR optimization IMPL_BASED_region 
Starting timing based select reordering [v1.0] (stage: pre_rtlopt, startdef: counter, recur: true)
Completed timing based select reordering (accepts: 0, rejects: 0, runtime: 0.003s)
Starting recase case-box optimization [v1.0] (stage: pre_rtlopt, startdef: counter, recur: true)
Completed recase case-box optimization (accepts: 0, rejects: 0, runtime: 0.000s)
Starting infer macro optimization [v1.0] (stage: pre_rtlopt, startdef: counter, recur: true)
Completed infer macro optimization (accepts: 0, rejects: 0, runtime: 0.000s)
Starting decode mux sandwich optimization [v2.0] (stage: pre_rtlopt, startdef: counter, recur: true)
Completed decode mux sandwich optimization (accepts: 0, rejects: 0, runtime: 0.000s)
Starting decode mux optimization [v1.0] (stage: pre_rtlopt, startdef: counter, recur: true)
Completed decode mux optimization (accepts: 0, rejects: 0, runtime: 0.000s)
Starting chop wide muxes [v1.0] (stage: pre_rtlopt, startdef: counter, recur: true)
Completed chop wide muxes (accepts: 0, rejects: 0, runtime: 0.000s)
Starting common data mux cascade opt [v1.0] (stage: pre_rtlopt, startdef: counter, recur: true)
Completed common data mux cascade opt (accepts: 0, rejects: 0, runtime: 0.000s)
Starting mux input consolidation [v1.0] (stage: pre_rtlopt, startdef: counter, recur: true)
Completed mux input consolidation (accepts: 0, rejects: 0, runtime: 0.000s)
Starting constant-data mux optimization [v1.0] (stage: pre_rtlopt, startdef: counter, recur: true)
Completed constant-data mux optimization (accepts: 0, rejects: 0, runtime: 0.000s)
Starting chain-to-tree inequality transform [v2.0] (stage: pre_rtlopt, startdef: counter, recur: true)
Completed chain-to-tree inequality transform (accepts: 0, rejects: 0, runtime: 0.000s)
Starting reconvergence optimization [v1.0] (stage: pre_rtlopt, startdef: counter, recur: true)
Completed reconvergence optimization (accepts: 0, rejects: 0, runtime: 0.000s)
Starting logic restructure optimization [v1.0] (stage: pre_rtlopt, startdef: counter, recur: true)
Completed logic restructure optimization (accepts: 0, rejects: 0, runtime: 0.000s)
Starting identity transform [v3.0] (stage: pre_rtlopt, startdef: counter, recur: true)
Completed identity transform (accepts: 0, rejects: 0, runtime: 0.000s)
Starting reduce operator chain [v1.0] (stage: pre_rtlopt, startdef: counter, recur: true)
Completed reduce operator chain (accepts: 0, rejects: 0, runtime: 0.000s)
Starting common data mux cascade opt [v1.0] (stage: pre_rtlopt, startdef: counter, recur: true)
Completed common data mux cascade opt (accepts: 0, rejects: 0, runtime: 0.000s)
Starting mux input consolidation [v1.0] (stage: pre_rtlopt, startdef: counter, recur: true)
Completed mux input consolidation (accepts: 0, rejects: 0, runtime: 0.000s)
Starting optimize datapath elements [v1.0] (stage: pre_rtlopt, startdef: counter, recur: true)
Completed optimize datapath elements (accepts: 0, rejects: 0, runtime: 0.000s)
Starting datapath recasting [v1.0] (stage: pre_rtlopt, startdef: counter, recur: true)
Completed datapath recasting (accepts: 0, rejects: 0, runtime: 0.000s)
Starting word-level redundancy removal [v1.0] (stage: pre_rtlopt, startdef: counter, recur: true)
Word-level redundancy removal for def counter (round= 0, cands= 0, i/o= 0/0)
Word-level redundancy removal for def counter (round= 1, cands= 0, i/o= 0/0)
Word-level redundancy removal for def add_unsigned (round= 0, cands= 0, i/o= 0/0)
Word-level redundancy removal for def add_unsigned (round= 1, cands= 0, i/o= 0/0)
Completed word-level redundancy removal (accepts: 0, rejects: 0, runtime: 0.000s)
Starting clip mux common data inputs [v1.0] (stage: pre_rtlopt, startdef: counter, recur: true)
Completed clip mux common data inputs (accepts: 0, rejects: 0, runtime: 0.001s)
Starting clip the non-user hierarchies [v2.0] (stage: pre_rtlopt, startdef: counter, recur: true)
Completed clip the non-user hierarchies (accepts: 0, rejects: 0, runtime: 0.000s)
Starting basic netlist cleanup [v1.0] (stage: pre_rtlopt, startdef: counter, recur: true)
Completed basic netlist cleanup (accepts: 0, rejects: 0, runtime: 0.000s)

Stage: pre_rtlopt
-----------------------------------------------------------------
| Transform                   | Accepts | Rejects | Runtime (s) | 
-----------------------------------------------------------------
| hlo_timing_reorder          |       0 |       0 |        0.00 | 
| hlo_recase_casebox          |       0 |       0 |        0.00 | 
| hlo_infer_macro             |       0 |       0 |        0.00 | 
| hlo_decode_mux_sandwich     |       0 |       0 |        0.00 | 
| hlo_mux_decode              |       0 |       0 |        0.00 | 
| hlo_chop_mux                |       0 |       0 |        0.00 | 
| hlo_mux_cascade_opt         |       0 |       0 |        0.00 | 
| hlo_mux_consolidation       |       0 |       0 |        0.00 | 
| hlo_constant_mux_opt        |       0 |       0 |        0.00 | 
| hlo_inequality_transform    |       0 |       0 |        0.00 | 
| hlo_reconv_opt              |       0 |       0 |        0.00 | 
| hlo_restructure             |       0 |       0 |        0.00 | 
| hlo_identity_transform      |       0 |       0 |        0.00 | 
| hlo_reduce_operator_chain   |       0 |       0 |        0.00 | 
| hlo_mux_cascade_opt         |       0 |       0 |        0.00 | 
| hlo_mux_consolidation       |       0 |       0 |        0.00 | 
| hlo_optimize_datapath       |       0 |       0 |        0.00 | 
| hlo_datapath_recast         |       0 |       0 |        0.00 | 
| hlo_redundancy_removal_word |       0 |       0 |        0.00 | 
| hlo_clip_mux_input          |       0 |       0 |        0.00 | 
| hlo_clip                    |       0 |       0 |        0.00 | 
| hlo_cleanup                 |       0 |       0 |        0.00 | 
-----------------------------------------------------------------
Running Unified Mux Engine Tricks...
Completed Unified Mux Engine Tricks

Stage: post_hlo_rtlopt
----------------------------------------------------------
| Trick                | Accepts | Rejects | Runtime (s) | 
----------------------------------------------------------
| ume_sweep_aggressive |       0 |       0 |        0.00 | 
| ume_runtime          |       0 |       0 |        0.00 | 
----------------------------------------------------------
Number of big hc bmuxes before = 0

==========================
 Sanity Check for PRE-DATAPATH 
==========================
                Boundary check : PASS (TOTAL:    1, PASS:    1, BREAK:    0, SKIPPED:    0)
     Hw code and builder check : PASS (TOTAL:    0, PASS:    0, BREAK:    0, SKIPPED:    0)
 PhaseTable connectivity check : PASS (TOTAL:    1, PASS:    1, BREAK:    0, SKIPPED:    0)
          Rebuildability check : PASS (TOTAL:    1, PASS:    1, BREAK:    0, SKIPPED:    0)
==========================

Info    : Pre-processed datapath logic. [DPOPT-6]
        : No pre-processing optimizations applied to datapath logic in 'counter'.

==========================
 Sanity Check for POST-PREPARE-NETLIST 
==========================
 PhaseTable connectivity check : PASS
==========================

Info    : Optimizing datapath logic. [DPOPT-1]
        : Optimizing datapath logic in 'counter'.

==========================
 Sanity Check for POST-TIM-MODEL 
==========================
        Model conversion check : PASS (TOTAL:    1, PASS:    1, BREAK:    0, SKIPPED:    0)
==========================

Info    : Implementing datapath configurations. [DPOPT-3]
        : Implementing datapath configurations for 'CDN_DP_region_0_0'
  CSAGen Prep Share:0 Re-Write:0 Speculation: 0

CDN_DP_region_0_0 level = 0 loads = 0 drivers = 0
CDN_DP_region_0_0_c0 in counter: area: 62762108 , DP = 1  sg = slow     
    wns: 0  norm_wns:  -1.0000 
    tns:  0
 skipped
CDN_DP_region_0_0_c1 in counter: area: 44067012 , DP = 1  sg = fast     
    wns: 0  norm_wns:  -1.0000 
    tns:  0
 is current best
CDN_DP_region_0_0_c2 in counter: area: 44067012 , DP = 1  sg = very_slow
    wns: 0  norm_wns:  -1.0000 
    tns:  0
 is current best
CDN_DP_region_0_0_c3 in counter: area: 44067012 , DP = 1  sg = very_fast
    wns: 0  norm_wns:  -1.0000 
    tns:  0
 is current best
CDN_DP_region_0_0_c4 in counter: area: 44067012 , DP = 1  sg = very_fast
    wns: 0  norm_wns:  -1.0000 
    tns:  0
 is current best
CDN_DP_region_0_0_c5 in counter: area: 44067012 , DP = 1  sg = very_fast
    wns: 0  norm_wns:  -1.0000 
    tns:  0
 is current best
CDN_DP_region_0_0_c6 in counter: area: 44067012 , DP = 1  sg = very_fast
    wns: 0  norm_wns:  -1.0000 
    tns:  0
 is current best
CDN_DP_region_0_0_c7 in counter: area: 44067012 , DP = 1  sg = very_fast
    wns: 0  norm_wns:  -1.0000 
    tns:  0
 is current best
Best config: CDN_DP_region_0_0_c7 in counter: area: 44067012 , DP = 1  sg = very_fast
    wns: 0  norm_wns:  -1.0000 
    tns:  0
  Smallest config area : 44067012.  Fastest config wns;  0
##>+----------------------------------------------------------------------------------------------------------------------------------------------------------------+
##>Summary table of configs (Best config is CDN_DP_region_0_0_c7)
##>+----------------------------------------------------------------------------------------------------------------------------------------------------------------+
##>                     0                  1                  2                  3                  4                  5                  6                  7            
##>+----------------------------------------------------------------------------------------------------------------------------------------------------------------+
##>           Area         62762108           44067012           44067012           44067012           44067012           44067012           44067012           44067012  
##>            WNS         +8919.90           +8919.90           +8919.90           +8919.90           +8919.90           +8919.90           +8919.90           +8919.90  
##>            TNS                0                  0                  0                  0                  0                  0                  0                  0  
##>    Num Rewrite                0                  0                  0                  0                  0                  0                  0                  0  
##>      Num Share                0                  0                  0                  0                  0                  0                  0                  0  
##>  Num Speculate                0                  0                  0                  0                  0                  0                  0                  0  
##>         Num DP                1                  1                  1                  1                  1                  1                  1                  1  
##>     Runtime(s)                0                  0                  0                  0                  0                  0                  0                  0  
+----------------------------------------------------------------------------------------------------------------------------------------------------------------+
##>
##>
##>+-----------------------------------------------------------------------------------------------------------------------------------------------------------------------------------------------------+
##>Optimization Step DEBUG Table for config CDN_DP_region_0_0_c7
##>
##>                          Step                        Area   (  % Chg)         WNS (Change)          TNS (Change)                Power   (  % Chg)        Runtime (s)        Comment                   
##>+-----------------------------------------------------------------------------------------------------------------------------------------------------------------------------------------------------+
##>EquationExtraction              START               62762108 (       )     8919.90 (        )          0 (        )                    0 (       )              
##> rewrite                        START              109499848 ( +74.47)     8912.60 (   -7.30)          0 (       0)                    0 (  +0.00)              (a,ar) Expr0_from --> Expr0_to
##>                                  END              217664332 ( +98.78)     8912.60 (   +0.00)          0 (       0)                    0 (  +0.00)           0  
##>                                  END               62762108 (  +0.00)     8919.90 (   +0.00)          0 (       0)                    0 (  +0.00)           0  
##>createMaxCarrySave              START               62762108 (  +0.00)     8919.90 (   +0.00)          0 (       0)                    0 (  +0.00)              
##> datapath_rewrite_one_def       START               62762108 (  +0.00)     8919.90 (   +0.00)          0 (       0)                    0 (  +0.00)              
##>                                  END               62762108 (  +0.00)     8919.90 (   +0.00)          0 (       0)                    0 (  +0.00)           0  
##> csa_opto                       START               62762108 (  +0.00)     8919.90 (   +0.00)          0 (       0)                    0 (  +0.00)              
##>                                  END               53414560 ( -14.89)     8919.90 (   +0.00)          0 (       0)                    0 (  +0.00)           0  
##>                                  END               53414560 ( -14.89)     8919.90 (   +0.00)          0 (       0)                    0 (  +0.00)           0  
##>canonicalize_by_names           START               53414560 (  +0.00)     8919.90 (   +0.00)          0 (       0)                    0 (  +0.00)              
##>                                  END               53414560 (  +0.00)     8919.90 (   +0.00)          0 (       0)                    0 (  +0.00)           0  
##>datapath_rewrite_post_csa_one_  START               53414560 (  +0.00)     8919.90 (   +0.00)          0 (       0)                    0 (  +0.00)              
##>                                  END               53414560 (  +0.00)     8919.90 (   +0.00)          0 (       0)                    0 (  +0.00)           0  
##>datapath_csa_factoring_one_gde  START               53414560 (  +0.00)     8919.90 (   +0.00)          0 (       0)                    0 (  +0.00)              
##>                                  END               53414560 (  +0.00)     8919.90 (   +0.00)          0 (       0)                    0 (  +0.00)           0  
##>dpopt_share_one_def             START               53414560 (  +0.00)     8919.90 (   +0.00)          0 (       0)                    0 (  +0.00)              
##>                                  END               53414560 (  +0.00)     8919.90 (   +0.00)          0 (       0)                    0 (  +0.00)           0  
##>datapath_rewrite_post_share     START               53414560 (  +0.00)     8919.90 (   +0.00)          0 (       0)                    0 (  +0.00)              
##>                                  END               53414560 (  +0.00)     8919.90 (   +0.00)          0 (       0)                    0 (  +0.00)           0  
##>dp_combine_const_mult_with_com  START               53414560 (  +0.00)     8919.90 (   +0.00)          0 (       0)                    0 (  +0.00)              
##>                                  END               53414560 (  +0.00)     8919.90 (   +0.00)          0 (       0)                    0 (  +0.00)           0  
##>dp_operator_level_decompositio  START               53414560 (  +0.00)     8919.90 (   +0.00)          0 (       0)                    0 (  +0.00)              
##>                                  END               53414560 (  +0.00)     8919.90 (   +0.00)          0 (       0)                    0 (  +0.00)           0  
##>selective_flatten_dp_config     START               53414560 (  +0.00)     8919.90 (   +0.00)          0 (       0)                    0 (  +0.00)              
##>                                  END               53414560 (  +0.00)     8919.90 (   +0.00)          0 (       0)                    0 (  +0.00)           0  
##>createMaxCarrySave              START               53414560 (  +0.00)     8919.90 (   +0.00)          0 (       0)                    0 (  +0.00)              
##> datapath_rewrite_one_def       START               53414560 (  +0.00)     8919.90 (   +0.00)          0 (       0)                    0 (  +0.00)              
##>  fast_cse_elim                 START               53414560 (  +0.00)     8919.90 (   +0.00)          0 (       0)                    0 (  +0.00)              
##>                                  END               53414560 (  +0.00)     8919.90 (   +0.00)          0 (       0)                    0 (  +0.00)           0  
##>  fast_cse_elim                 START               53414560 (  +0.00)     8919.90 (   +0.00)          0 (       0)                    0 (  +0.00)              
##>                                  END               53414560 (  +0.00)     8919.90 (   +0.00)          0 (       0)                    0 (  +0.00)           0  
##>                                  END               53414560 (  +0.00)     8919.90 (   +0.00)          0 (       0)                    0 (  +0.00)           0  
##> csa_opto                       START               53414560 (  +0.00)     8919.90 (   +0.00)          0 (       0)                    0 (  +0.00)              
##>                                  END               53414560 (  +0.00)     8919.90 (   +0.00)          0 (       0)                    0 (  +0.00)           0  
##>                                  END               53414560 (  +0.00)     8919.90 (   +0.00)          0 (       0)                    0 (  +0.00)           0  
##>context_based_simplify          START               53414560 (  +0.00)     8919.90 (   +0.00)          0 (       0)                    0 (  +0.00)              
##>                                  END               44067012 ( -17.50)     8919.90 (   +0.00)          0 (       0)                    0 (  +0.00)           0  
##>group_csa_final_adder_dp        START               44067012 (  +0.00)     8919.90 (   +0.00)          0 (       0)                    0 (  +0.00)              
##>                                  END               44067012 (  +0.00)     8919.90 (   +0.00)          0 (       0)                    0 (  +0.00)           0  
##>dpopt_flatten_critical_muxes_i  START               44067012 (  +0.00)     8919.90 (   +0.00)          0 (       0)                    0 (  +0.00)              
##>                                  END               44067012 (  +0.00)     8919.90 (   +0.00)          0 (       0)                    0 (  +0.00)           0  
##>create_score                    START               44067012 (  +0.00)     8919.90 (   +0.00)          0 (       0)                    0 (  +0.00)              
##>                                  END               44067012 (  +0.00)     8919.90 (   +0.00)          0 (       0)                    0 (  +0.00)           0  
##>+-----------------------------------------------------------------------------------------------------------------------------------------------------------------------------------------------------+
Committed config: CDN_DP_region_0_0_c7
Info    : Done implementing datapath configurations. [DPOPT-4]
        : Selected 'very_fast' configuration 7 for module 'CDN_DP_region_0_0_c7'.
          Optimizations applied to 'very_fast' configuration:
            rewriting(0), factoring(0), sharing(0), cmultcse(0), downsizing(0), speculation(0)
Info:  Ungrouped 0 dp-cluster instances.  0 cluster instances were left intact, to aid verification.

==========================
 Sanity Check for POST-DATAPATH 
==========================
     DPOPT_INTERNAL_HIER check : PASS
 Components naming style check : PASS
==========================

Info    : Done optimizing datapath logic. [DPOPT-2]
        : Done optimizing datapath logic in 'counter'.
Number of big hc bmuxes after = 0
Starting bit-level redundancy removal [v1.0] (stage: post_rtlopt, startdef: counter, recur: true)
Bit-level redundancy removal for def counter (round= 0, cands= 0, i/o= 0/0)
Bit-level redundancy removal for def counter (round= 1, cands= 0, i/o= 0/0)
Completed bit-level redundancy removal (accepts: 0, rejects: 0, runtime: 0.001s)
Starting logic reduction [v1.0] (stage: post_rtlopt, startdef: counter, recur: true)
Completed logic reduction (accepts: 0, rejects: 0, runtime: 0.000s)
Starting mux data reorder optimization [v1.0] (stage: post_rtlopt, startdef: counter, recur: true)
Completed mux data reorder optimization (accepts: 0, rejects: 0, runtime: 0.000s)
Starting timing based select reordering [v1.0] (stage: post_rtlopt, startdef: counter, recur: true)
Completed timing based select reordering (accepts: 0, rejects: 0, runtime: 0.000s)

Stage: post_rtlopt
----------------------------------------------------------------
| Transform                  | Accepts | Rejects | Runtime (s) | 
----------------------------------------------------------------
| hlo_redundancy_removal_bit |       0 |       0 |        0.00 | 
| hlo_logic_reduction        |       0 |       0 |        0.00 | 
| hlo_mux_reorder            |       0 |       0 |        0.00 | 
| hlo_timing_reorder         |       0 |       0 |        0.00 | 
----------------------------------------------------------------
Starting mux speculation [v1.0] (stage: post_muxopt, startdef: counter, recur: true)
Starting speculation optimization
Completed speculation optimization (accepts:0)
Completed mux speculation (accepts: 0, rejects: 0, runtime: 0.003s)
Starting timing based select reordering [v1.0] (stage: post_muxopt, startdef: counter, recur: true)
Completed timing based select reordering (accepts: 0, rejects: 0, runtime: 0.002s)

Stage: post_muxopt
--------------------------------------------------------
| Transform          | Accepts | Rejects | Runtime (s) | 
--------------------------------------------------------
| hlo_speculation    |       0 |       0 |        0.00 | 
| hlo_timing_reorder |       0 |       0 |        0.00 | 
--------------------------------------------------------
==================================
Stage : to_generic 
==================================
  =================
   Message Summary
  =================
--------------------------------------------------------------------------------------------------------------------------------------------------------------------------------------------------
|   Id    |  Sev  |Count|                                                                              Message Text                                                                              |
--------------------------------------------------------------------------------------------------------------------------------------------------------------------------------------------------
|CDFG-372 |Info   |    2|Bitwidth mismatch in assignment.                                                                                                                                        |
|         |       |     |Review and make sure the mismatch is intentional. Genus can possibly issue bitwidth mismatch warning for explicit assignments present in RTL as-well-as for implicit    |
|         |       |     | assignments inferred by the tool. For example, in case of enum declaration without value, the tool will implicitly assign value to the enum variables. It also issues  |
|         |       |     | the warning for any bitwidth mismatch that appears in this implicit assignment.                                                                                        |
|CWD-19   |Info   |    9|An implementation was inferred.                                                                                                                                         |
|DPOPT-1  |Info   |    1|Optimizing datapath logic.                                                                                                                                              |
|DPOPT-2  |Info   |    1|Done optimizing datapath logic.                                                                                                                                         |
|DPOPT-3  |Info   |    1|Implementing datapath configurations.                                                                                                                                   |
|DPOPT-4  |Info   |    1|Done implementing datapath configurations.                                                                                                                              |
|DPOPT-6  |Info   |    1|Pre-processed datapath logic.                                                                                                                                           |
|ELAB-1   |Info   |    1|Elaborating Design.                                                                                                                                                     |
|ELAB-3   |Info   |    1|Done Elaborating Design.                                                                                                                                                |
|GLO-62   |Info   |    3|On tool_generated instance/module 'strict_no' is set.                                                                                                                   |
|         |       |     |This shall only be used for special purposes like formal verification.                                                                                                  |
|HPT-76   |Warning|    1|Replacing previously read Verilog module or VHDL entity.                                                                                                                |
|         |       |     |A newly read VHDL entity replaces any previously read Verilog module or VHDL entity in the same library if its name matches (case-insensitively)                        |
|         |       |     | the existing module or entity.
    For instance:
        VHDL 'foo'                  replaces  VHDL {'FOO' or 'foo' or 'Foo' or ...}                                   |
|         |       |     | in the same library
        VHDL 'foo' (in any library) replaces  Verilog {'FOO' or 'foo' or 'Foo' or ...}                                                             |
|         |       |     | in the same library
 
A newly read Verilog module replaces any previously read Verilog module if its name matches (case-sensitively)                                   |
|         |       |     | that module.  Further, it replaces any previously read VHDL entity in the same library if its name matches (case -insensitively)                                       |
|         |       |     | that entity.
    For instance:
        Verilog 'foo' replaces    VHDL {'FOO' or 'foo' or 'Foo' or ...}                                                                 |
|         |       |     | in the same library
        Verilog 'foo' replaces    Verilog 'foo' only
    In addition:
        Verilog 'foo' does not replace Verilog 'FOO' and the two remain as   |
|         |       |     | distinct modules.                                                                                                                                                      |
|LBR-9    |Warning|    4|Library cell has no output pins defined.                                                                                                                                |
|         |       |     |Add the missing output pin(s)                                                                                                                                           |
|         |       |     | , then reload the library. Else the library cell will be marked as timing model i.e. unusable. Timing_model means that the cell does not have any defined function. If |
|         |       |     | there is no output pin, Genus will mark library cell as unusable i.e. the attribute 'usable' will be marked to 'false' on the libcell. Therefore, the cell is not used |
|         |       |     | for mapping and it will not be picked up from the library for synthesis. If you query the attribute 'unusable_reason' on the libcell; result will be: 'Library cell has|
|         |       |     | no output pins.'Note: The message LBR-9 is only for the logical pins and not for the power_ground pins. Genus will depend upon the output function defined in the pin  |
|         |       |     | group (output pin) of the cell, to use it for mapping. The pg_pin will not have any function defined.                                                                  |
|LBR-13   |Info   |    1|Library name multiply defined.                                                                                                                                          |
|         |       |     |Same library name with different PVT will be treated as voltage scaled library.                                                                                         |
|LBR-22   |Warning|  480|Multiply-defined library cell.                                                                                                                                          |
|         |       |     |Library cell names must be unique.  Any duplicates will be deleted.  Only the first (as determined by the order of libraries) will be retained.                         |
|LBR-38   |Warning|    1|Libraries have inconsistent nominal operating conditions. In the Liberty library, there are attributes called nom_voltage, nom_process and nom_temperature. Genus       |
|         |       |     | reports the message, if the respective values of the 2 given .libs differ.                                                                                             |
|         |       |     |This is a common source of delay calculation confusion and should be avoided.                                                                                           |
|LBR-41   |Info   |    2|An output library pin lacks a function attribute.                                                                                                                       |
|         |       |     |If the remainder of this library cell's semantic checks are successful, it will be considered as a timing-model                                                         |
|         |       |     | (because one of its outputs does not have a valid function.                                                                                                            |
|LBR-155  |Info   |  264|Mismatch in unateness between 'timing_sense' attribute and the function.                                                                                                |
|         |       |     |The 'timing_sense' attribute will be respected.                                                                                                                         |
|LBR-161  |Info   |    1|Setting the maximum print count of this message to 10 if information_level is less than 9.                                                                              |
|LBR-162  |Info   |  124|Both 'pos_unate' and 'neg_unate' timing_sense arcs have been processed.                                                                                                 |
|         |       |     |Setting the 'timing_sense' to non_unate.                                                                                                                                |
|LBR-412  |Info   |    2|Created nominal operating condition.                                                                                                                                    |
|         |       |     |The nominal operating condition is represented, either by the nominal PVT values specified in the library source                                                        |
|         |       |     | (via nom_process,nom_voltage and nom_temperature respectively), or by the default PVT values (1.0,1.0,1.0).                                                            |
|LBR-518  |Info   |    2|Missing a function attribute in the output pin definition.                                                                                                              |
|LBR-785  |Info   |  480|Stored shadowed libcells.                                                                                                                                               |
|         |       |     |Before deleting duplicate libcells, their names are stored.                                                                                                             |
|PHYS-100 |Error  |    1|LEF File Interface.                                                                                                                                                     |
|         |       |     |Check the LEF file and rerun the command.                                                                                                                               |
|PHYS-129 |Info   |  119|Via with no resistance will have a value of '0.0' assigned for resistance value.                                                                                        |
|         |       |     |If this is the expected behavior, this message can be ignored.                                                                                                          |
|PHYS-148 |Error  | 3982|Undefined pin layer detected.                                                                                                                                           |
|         |       |     |A layer must be defined in the LEF technology LAYER section before it can be referenced from a macro section. Review the LEF files specified in the lef_library         |
|         |       |     | attribute to see if the layer is not defined or is defined after the macro definition which refers to the layer in its pin section.                                    |
|PHYS-279 |Warning|   94|Physical cell not defined in library.                                                                                                                                   |
|         |       |     |Ensure that the proper library files are available and have been imported.                                                                                              |
|PHYS-752 |Info   |    1|Partition Based Synthesis execution skipped.                                                                                                                            |
|PHYS-2040|Warning|  574|Macro references undefined site.                                                                                                                                        |
|         |       |     |The sites must be defined before they can be referenced from a macro. Review the LEF files specified in the lef_library attribute to see if the site does not exist or  |
|         |       |     | is specified after the one that defines the macro.                                                                                                                     |
|SYNTH-1  |Info   |    1|Synthesizing.                                                                                                                                                           |
|TIM-102  |Info   |    1|Removing a clock object.                                                                                                                                                |
|         |       |     |If this clock is being removed unexpectedly, you should investigate the cause for its removal.  Usually clocks get removed by the 'rm' command.                         |
|TIM-307  |Info   |    1|Removing a timing exception.                                                                                                                                            |
|TIM-1000 |Info   |    1|Multimode clock gating check is disabled.                                                                                                                               |
|TUI-10   |Error  |    2|No designs are available. A design must first be read in and elaborated.                                                                                                |
|         |       |     |A design must first be read in with 'read_hdl' command and elaborated with 'elaborate' command.                                                                         |
|VLOGPT-6 |Warning|    1|Replacing previously read Verilog description.                                                                                                                          |
|         |       |     |A Verilog description is replaced when a new description of the same name and same library is read again.
    Verilog descriptions are:
       module
                  |
|         |       |     | macromodule
       configuration
    SystemVerilog adds the following descriptions:
       interface
       program
       package.                                    |
--------------------------------------------------------------------------------------------------------------------------------------------------------------------------------------------------
Current PLE settings:

Aspect ratio        : 1.000
Shrink factor       : 1.000
Scale of res/length : 1.000
Scale of cap/length : 1.000
Net derating factor : 1.000
Thermal factor      : 1.000
Via Resistance      : 0.000 ohm (from default)
Site size           : 1.055 um (from lef [tech+cell])

                                   Capacitance  
  Layer                             / Length         Data source:
Name        Direction Utilization  (pF/micron)       lef_library
------------------------------------------------
Metal1          H         0.00        0.000412  
Metal2          V         1.00        0.000416  
Metal3          H         1.00        0.000416  
Metal4          V         1.00        0.000416  
Metal5          H         1.00        0.000416  
Metal6          V         1.00        0.000416  
Metal7          H         1.00        0.000416  
Metal8          V         1.00        0.000416  
Metal9          H         1.00        0.000416  
Metal10         V         1.00        0.000444  
Metal11         H         1.00        0.000444  

                                    Resistance   
  Layer                              / Length         Data source:
Name        Direction Utilization  (ohm/micron)       lef_library
-------------------------------------------------
Metal1          H         0.00         1.226667  
Metal2          V         1.00         0.755000  
Metal3          H         1.00         0.755000  
Metal4          V         1.00         0.755000  
Metal5          H         1.00         0.755000  
Metal6          V         1.00         0.755000  
Metal7          H         1.00         0.755000  
Metal8          V         1.00         0.267500  
Metal9          H         1.00         0.267500  
Metal10         V         1.00         0.097273  
Metal11         H         1.00         0.095455  

                                        Area     
  Layer                               / Length        Data source:
Name        Direction Utilization     (micron)        lef_library
-------------------------------------------------
Metal1          H         0.00         0.060000  
Metal2          V         1.00         0.080000  
Metal3          H         1.00         0.080000  
Metal4          V         1.00         0.080000  
Metal5          H         1.00         0.080000  
Metal6          V         1.00         0.080000  
Metal7          H         1.00         0.080000  
Metal8          V         1.00         0.080000  
Metal9          H         1.00         0.080000  
Metal10         V         1.00         0.220000  
Metal11         H         1.00         0.220000  

Mapper: Libraries have:
	domain _default_: 324 combo usable cells and 128 sequential usable cells
Normal Structuring mode def=counter
Multi-threaded Virtual Mapping    (8 threads, 8 of 16 CPUs usable)
==================================
Stage : first_condense 
==================================
  =================
   Message Summary
  =================
------------------------------------------------------------------------------------------
|  Id  |Sev |Count|                             Message Text                             |
------------------------------------------------------------------------------------------
|GB-6  |Info|    1|A datapath component has been ungrouped.                              |
|GLO-62|Info|    2|On tool_generated instance/module 'strict_no' is set.                 |
|      |    |     |This shall only be used for special purposes like formal verification.|
------------------------------------------------------------------------------------------
 
Global mapping target info
==========================
Cost Group 'clk' target slack:   269 ps
Target path end-point (Port: counter/count[0])


State Retention Synthesis Status
================================

Category                        Flops   Percentage
--------------------------------------------------
Total instances                     8        100.0
Excluded from State Retention       8        100.0
    - Will not convert              8        100.0
      - Preserved                   0          0.0
      - Power intent excluded       8        100.0
    - Could not convert             0          0.0
      - Scan type                   0          0.0
      - No suitable cell            0          0.0
State Retention instances           0          0.0
--------------------------------------------------

Starting post first-condense unobservable FF removal
Detecting unobservable FF's ... (design is uniquified)
Detected 0 unobservable FF's cputime(detection/total) = 0.000 /0.000 seconds
Unobservable FF redundancy removal succeeded.
Done post first-condense unobservable FF removal (0.00 cpu seconds) (0.00 elapsed cpu seconds)
Advanced structuring report (syn_gen):
-----------------------------------------------------------------------------------------------
|                 | Graph                | Opt. Graph           | Result         |            | 
|-----------------+----------------------+----------------------+----------------+------------|
| Name    | Tag   | #nodes | #and | #lvl | #nodes | #and | #lvl | Acc | Time     | Netlist ID | 
-----------------------------------------------------------------------------------------------
-----------------------------------------------------------------------------------------------
Number of LFLHs filtered from table: 1
Runtime accepts/rejects/total =     0.26 /     0.00 /     0.26
Accepts/rejects/total = 1 / 0 / 1
Sum of reduced nodes/levels = 9 / 69
PBS_Generic_Opt-Post - Elapsed_Time 2, CPU_Time 1.9878089999999986
stamp 'PBS_Generic_Opt-Post' being created for table 'pbs_debug'

  Total Time (Wall) |  Stage Time (Wall)  |   % (Wall)   |    Date - Time     |  Memory   | Stage
--------------------+---------------------+--------------+--------------------+-----------+----------------------
 00:00:22(00:05:57) |  00:00:00(00:00:00) |   0.0(  0.0) |   20:11:05 (Jul24) |  925.8 MB | PBS_Generic-Start
--------------------+---------------------+--------------+--------------------+-----------+----------------------
 00:00:24(00:06:00) |  00:00:02(00:00:03) | 100.0(100.0) |   20:11:08 (Jul24) |   1.27 GB | PBS_Generic_Opt-Post
--------------------+---------------------+--------------+--------------------+-----------+----------------------
Number of threads: 8 * 1   (id: pbs_debug, time_info v1.57)
Info: (*N*) indicates data that was populated from previously saved time_info database
Info: CPU time includes time of parent + longest thread
PBS_Generic-Postgen HBO Optimizations - Elapsed_Time 0, CPU_Time 0.0
stamp 'PBS_Generic-Postgen HBO Optimizations' being created for table 'pbs_debug'

  Total Time (Wall) |  Stage Time (Wall)  |   % (Wall)   |    Date - Time     |  Memory   | Stage
--------------------+---------------------+--------------+--------------------+-----------+----------------------
 00:00:22(00:05:57) |  00:00:00(00:00:00) |   0.0(  0.0) |   20:11:05 (Jul24) |  925.8 MB | PBS_Generic-Start
--------------------+---------------------+--------------+--------------------+-----------+----------------------
 00:00:24(00:06:00) |  00:00:02(00:00:03) | 100.0(100.0) |   20:11:08 (Jul24) |   1.27 GB | PBS_Generic_Opt-Post
--------------------+---------------------+--------------+--------------------+-----------+----------------------
 00:00:24(00:06:00) |  00:00:00(00:00:00) |   0.0(  0.0) |   20:11:08 (Jul24) |   1.27 GB | PBS_Generic-Postgen HBO Optimizations
--------------------+---------------------+--------------+--------------------+-----------+----------------------
Number of threads: 8 * 1   (id: pbs_debug, time_info v1.57)
Info: (*N*) indicates data that was populated from previously saved time_info database
Info: CPU time includes time of parent + longest thread
Starting post syn_generic ultra-effort Boolean optimization
Redundancy removal succeeded.
Done post syn_generic ultra-effort Boolean optimization (0.00 cpu seconds) (0.00 elapsed cpu seconds)
Info    : Done synthesizing. [SYNTH-2]
        : Done synthesizing 'counter' to generic gates.
##>=================== Cadence Confidential (Generic-Logical) ===================
##>=================== Cadence Confidential (Generic-Logical) ===================
      flow.cputime  flow.realtime  timing.setup.tns  timing.setup.wns  snapshot
UM:*                                                                   syn_gen
@genus:root: 16> syn_map
#----------------------------------------------------------------------------------------
# Root attributes for category: opt
#----------------------------------------------------------------------------------------
# Feature                           | Attribute                    | Value            
#----------------------------------------------------------------------------------------
# Avoid tied inputs                 | avoid_tied_inputs            | false (default)  
# Allow floating outputs            | opt_allow_floating_outputs   | false (default)  
# Power optimization effort         | design_power_effort          | none (default)   
# Do not use qbar sequential pins   | dont_use_qbar_seq_pins       | false (default)  
#----------------------------------------------------------------------------------------

##Generic Timing Info: typical gate delay   34.9 ps   std_slew:    4.4 ps   std_load:  0.7 fF  for library domain _default_
Mapping ChipWare ICG instances in counter
Found 0 unmapped ChipWare ICG instances
Mapped 0 of 0 ChipWare ICG instances
Current PLE settings:

Aspect ratio        : 1.000
Shrink factor       : 1.000
Scale of res/length : 1.000
Scale of cap/length : 1.000
Net derating factor : 1.000
Thermal factor      : 1.000
Via Resistance      : 0.000 ohm (from default)
Site size           : 1.055 um (from lef [tech+cell])

                                   Capacitance  
  Layer                             / Length         Data source:
Name        Direction Utilization  (pF/micron)       lef_library
------------------------------------------------
Metal1          H         0.00        0.000412  
Metal2          V         1.00        0.000416  
Metal3          H         1.00        0.000416  
Metal4          V         1.00        0.000416  
Metal5          H         1.00        0.000416  
Metal6          V         1.00        0.000416  
Metal7          H         1.00        0.000416  
Metal8          V         1.00        0.000416  
Metal9          H         1.00        0.000416  
Metal10         V         1.00        0.000444  
Metal11         H         1.00        0.000444  

                                    Resistance   
  Layer                              / Length         Data source:
Name        Direction Utilization  (ohm/micron)       lef_library
-------------------------------------------------
Metal1          H         0.00         1.226667  
Metal2          V         1.00         0.755000  
Metal3          H         1.00         0.755000  
Metal4          V         1.00         0.755000  
Metal5          H         1.00         0.755000  
Metal6          V         1.00         0.755000  
Metal7          H         1.00         0.755000  
Metal8          V         1.00         0.267500  
Metal9          H         1.00         0.267500  
Metal10         V         1.00         0.097273  
Metal11         H         1.00         0.095455  

                                        Area     
  Layer                               / Length        Data source:
Name        Direction Utilization     (micron)        lef_library
-------------------------------------------------
Metal1          H         0.00         0.060000  
Metal2          V         1.00         0.080000  
Metal3          H         1.00         0.080000  
Metal4          V         1.00         0.080000  
Metal5          H         1.00         0.080000  
Metal6          V         1.00         0.080000  
Metal7          H         1.00         0.080000  
Metal8          V         1.00         0.080000  
Metal9          H         1.00         0.080000  
Metal10         V         1.00         0.220000  
Metal11         H         1.00         0.220000  

Info    : Mapping. [SYNTH-4]
        : Mapping 'counter' using 'medium' effort.
Mapper: Libraries have:
	domain _default_: 324 combo usable cells and 128 sequential usable cells
PBS_TechMap-Start - Elapsed_Time 0, CPU_Time 0.0
stamp 'PBS_TechMap-Start' being created for table 'pbs_debug'

  Total Time (Wall) |  Stage Time (Wall)  |   % (Wall)   |    Date - Time     |  Memory   | Stage
--------------------+---------------------+--------------+--------------------+-----------+----------------------
 00:00:22(00:05:57) |  00:00:00(00:00:00) |   0.0(  0.0) |   20:11:05 (Jul24) |  925.8 MB | PBS_Generic-Start
--------------------+---------------------+--------------+--------------------+-----------+----------------------
 00:00:24(00:06:00) |  00:00:02(00:00:03) |  33.2(  0.4) |   20:11:08 (Jul24) |   1.27 GB | PBS_Generic_Opt-Post
--------------------+---------------------+--------------+--------------------+-----------+----------------------
 00:00:24(00:06:00) |  00:00:00(00:00:00) |   0.0(  0.0) |   20:11:08 (Jul24) |   1.27 GB | PBS_Generic-Postgen HBO Optimizations
--------------------+---------------------+--------------+--------------------+-----------+----------------------
 00:00:30(00:20:03) |  00:00:06(00:14:03) |  66.8( 99.6) |   20:25:11 (Jul24) |   1.28 GB | PBS_TechMap-Start
--------------------+---------------------+--------------+--------------------+-----------+----------------------
Number of threads: 8 * 1   (id: pbs_debug, time_info v1.57)
Info: (*N*) indicates data that was populated from previously saved time_info database
Info: CPU time includes time of parent + longest thread
PBS_TechMap-Premap HBO Optimizations - Elapsed_Time 0, CPU_Time 0.0
stamp 'PBS_TechMap-Premap HBO Optimizations' being created for table 'pbs_debug'

  Total Time (Wall) |  Stage Time (Wall)  |   % (Wall)   |    Date - Time     |  Memory   | Stage
--------------------+---------------------+--------------+--------------------+-----------+----------------------
 00:00:22(00:05:57) |  00:00:00(00:00:00) |   0.0(  0.0) |   20:11:05 (Jul24) |  925.8 MB | PBS_Generic-Start
--------------------+---------------------+--------------+--------------------+-----------+----------------------
 00:00:24(00:06:00) |  00:00:02(00:00:03) |  33.2(  0.4) |   20:11:08 (Jul24) |   1.27 GB | PBS_Generic_Opt-Post
--------------------+---------------------+--------------+--------------------+-----------+----------------------
 00:00:24(00:06:00) |  00:00:00(00:00:00) |   0.0(  0.0) |   20:11:08 (Jul24) |   1.27 GB | PBS_Generic-Postgen HBO Optimizations
--------------------+---------------------+--------------+--------------------+-----------+----------------------
 00:00:30(00:20:03) |  00:00:06(00:14:03) |  66.8( 99.6) |   20:25:11 (Jul24) |   1.28 GB | PBS_TechMap-Start
--------------------+---------------------+--------------+--------------------+-----------+----------------------
 00:00:30(00:20:03) |  00:00:00(00:00:00) |   0.0(  0.0) |   20:25:11 (Jul24) |   1.28 GB | PBS_TechMap-Premap HBO Optimizations
--------------------+---------------------+--------------+--------------------+-----------+----------------------
Number of threads: 8 * 1   (id: pbs_debug, time_info v1.57)
Info: (*N*) indicates data that was populated from previously saved time_info database
Info: CPU time includes time of parent + longest thread
Info    : Partition Based Synthesis execution skipped. [PHYS-752]
        : Design size is less than the partition size '100000' for distributed mapping optimization to kick in.
Current PLE settings:

Aspect ratio        : 1.000
Shrink factor       : 1.000
Scale of res/length : 1.000
Scale of cap/length : 1.000
Net derating factor : 1.000
Thermal factor      : 1.000
Via Resistance      : 0.000 ohm (from default)
Site size           : 1.055 um (from lef [tech+cell])

                                   Capacitance  
  Layer                             / Length         Data source:
Name        Direction Utilization  (pF/micron)       lef_library
------------------------------------------------
Metal1          H         0.00        0.000412  
Metal2          V         1.00        0.000416  
Metal3          H         1.00        0.000416  
Metal4          V         1.00        0.000416  
Metal5          H         1.00        0.000416  
Metal6          V         1.00        0.000416  
Metal7          H         1.00        0.000416  
Metal8          V         1.00        0.000416  
Metal9          H         1.00        0.000416  
Metal10         V         1.00        0.000444  
Metal11         H         1.00        0.000444  

                                    Resistance   
  Layer                              / Length         Data source:
Name        Direction Utilization  (ohm/micron)       lef_library
-------------------------------------------------
Metal1          H         0.00         1.226667  
Metal2          V         1.00         0.755000  
Metal3          H         1.00         0.755000  
Metal4          V         1.00         0.755000  
Metal5          H         1.00         0.755000  
Metal6          V         1.00         0.755000  
Metal7          H         1.00         0.755000  
Metal8          V         1.00         0.267500  
Metal9          H         1.00         0.267500  
Metal10         V         1.00         0.097273  
Metal11         H         1.00         0.095455  

                                        Area     
  Layer                               / Length        Data source:
Name        Direction Utilization     (micron)        lef_library
-------------------------------------------------
Metal1          H         0.00         0.060000  
Metal2          V         1.00         0.080000  
Metal3          H         1.00         0.080000  
Metal4          V         1.00         0.080000  
Metal5          H         1.00         0.080000  
Metal6          V         1.00         0.080000  
Metal7          H         1.00         0.080000  
Metal8          V         1.00         0.080000  
Metal9          H         1.00         0.080000  
Metal10         V         1.00         0.220000  
Metal11         H         1.00         0.220000  

Mapper: Libraries have:
	domain _default_: 324 combo usable cells and 128 sequential usable cells
Normal Structuring mode def=counter
Multi-threaded Virtual Mapping    (8 threads, 8 of 16 CPUs usable)
==================================
Stage : first_condense 
==================================
  =================
   Message Summary
  =================
--------------------------------------------------------------------------------------------
|   Id   |Sev |Count|                             Message Text                             |
--------------------------------------------------------------------------------------------
|GLO-62  |Info|    8|On tool_generated instance/module 'strict_no' is set.                 |
|        |    |     |This shall only be used for special purposes like formal verification.|
|PHYS-752|Info|    1|Partition Based Synthesis execution skipped.                          |
|SYNTH-2 |Info|    1|Done synthesizing.                                                    |
|SYNTH-4 |Info|    1|Mapping.                                                              |
--------------------------------------------------------------------------------------------
 
Global mapping target info
==========================
Cost Group 'clk' target slack:   269 ps
Target path end-point (Port: counter/count[0])

Normal Structuring mode def=counter
Multi-threaded Virtual Mapping    (8 threads, 8 of 16 CPUs usable)
Multi-threaded Technology Mapping (8 threads, 8 of 16 CPUs usable)
 
Global mapping status
=====================
                                   Group   
                                  Tot Wrst 
                           Total  Weighted 
Operation                   Area   Slacks  
 global_map                   30        0 

    Cost Group            Target    Slack    Diff.  Constr.
-----------------------------------------------------------
           clk               269     8907             10000 

 
Global incremental target info
==============================
Cost Group 'clk' target slack:   180 ps
Target path end-point (Port: counter/count[0])

==================================
Stage : global_incr_map 
==================================
  =================
   Message Summary
  =================
------------------------------------------------------------------------------------------
|  Id  |Sev |Count|                             Message Text                             |
------------------------------------------------------------------------------------------
|GLO-62|Info|    8|On tool_generated instance/module 'strict_no' is set.                 |
|      |    |     |This shall only be used for special purposes like formal verification.|
------------------------------------------------------------------------------------------
 
Global incremental optimization status
======================================
                                   Group   
                                  Tot Wrst 
                           Total  Weighted 
Operation                   Area   Slacks  
 global_incr                  30        0 

    Cost Group            Target    Slack    Diff.  Constr.
-----------------------------------------------------------
           clk               180     8909             10000 


State Retention Synthesis Status
================================

Category                        Flops   Percentage
--------------------------------------------------
Total instances                     8        100.0
Excluded from State Retention       8        100.0
    - Will not convert              8        100.0
      - Preserved                   0          0.0
      - Power intent excluded       8        100.0
    - Could not convert             0          0.0
      - Scan type                   0          0.0
      - No suitable cell            0          0.0
State Retention instances           0          0.0
--------------------------------------------------

INFO: skipping constant propagation
PBS_Techmap-Global Mapping - Elapsed_Time 1, CPU_Time -0.024284000000001527
stamp 'PBS_Techmap-Global Mapping' being created for table 'pbs_debug'

  Total Time (Wall) |  Stage Time (Wall)  |   % (Wall)   |    Date - Time     |  Memory   | Stage
--------------------+---------------------+--------------+--------------------+-----------+----------------------
 00:00:22(00:05:57) |  00:00:00(00:00:00) |   0.0(  0.0) |   20:11:05 (Jul24) |  925.8 MB | PBS_Generic-Start
--------------------+---------------------+--------------+--------------------+-----------+----------------------
 00:00:24(00:06:00) |  00:00:02(00:00:03) |  33.3(  0.4) |   20:11:08 (Jul24) |   1.27 GB | PBS_Generic_Opt-Post
--------------------+---------------------+--------------+--------------------+-----------+----------------------
 00:00:24(00:06:00) |  00:00:00(00:00:00) |   0.0(  0.0) |   20:11:08 (Jul24) |   1.27 GB | PBS_Generic-Postgen HBO Optimizations
--------------------+---------------------+--------------+--------------------+-----------+----------------------
 00:00:30(00:20:03) |  00:00:06(00:14:03) |  66.9( 99.5) |   20:25:11 (Jul24) |   1.28 GB | PBS_TechMap-Start
--------------------+---------------------+--------------+--------------------+-----------+----------------------
 00:00:30(00:20:03) |  00:00:00(00:00:00) |   0.0(  0.0) |   20:25:11 (Jul24) |   1.28 GB | PBS_TechMap-Premap HBO Optimizations
--------------------+---------------------+--------------+--------------------+-----------+----------------------
 00:00:30(00:20:04) |  00:00:00(00:00:01) |  -0.3(  0.1) |   20:25:12 (Jul24) |   1.28 GB | PBS_Techmap-Global Mapping
--------------------+---------------------+--------------+--------------------+-----------+----------------------
Number of threads: 8 * 1   (id: pbs_debug, time_info v1.57)
Info: (*N*) indicates data that was populated from previously saved time_info database
Info: CPU time includes time of parent + longest thread
Advanced structuring report (syn_map):
-----------------------------------------------------------------------------------------------
|                 | Graph                | Opt. Graph           | Result         |            | 
|-----------------+----------------------+----------------------+----------------+------------|
| Name    | Tag   | #nodes | #and | #lvl | #nodes | #and | #lvl | Acc | Time     | Netlist ID | 
-----------------------------------------------------------------------------------------------
-----------------------------------------------------------------------------------------------
Number of LFLHs filtered from table: 3
Runtime accepts/rejects/total =     0.10 /     0.00 /     0.10
Accepts/rejects/total = 1 / 0 / 1
Sum of reduced nodes/levels = 9 / 69
-----------------------------------------------------------------------------------------------
|                 | Graph                | Opt. Graph           | Result         |            | 
|-----------------+----------------------+----------------------+----------------+------------|
| Name    | Tag   | #nodes | #and | #lvl | #nodes | #and | #lvl | Acc | Time     | Netlist ID | 
-----------------------------------------------------------------------------------------------
-----------------------------------------------------------------------------------------------
Number of LFLHs filtered from table: 3
Runtime accepts/rejects/total =     0.09 /     0.00 /     0.09
Accepts/rejects/total = 1 / 0 / 1
Sum of reduced nodes/levels = 9 / 69
Info    : Wrote formal verification information. [CFM-5]
        : Wrote 'fv/counter/fv_map.fv.json' for netlist 'fv/counter/fv_map.v.gz'.
Info    : Wrote dofile. [CFM-1]
        : Dofile is 'fv/counter/rtl_to_fv_map.do'.
        : RTL names flow is enabled.
PBS_TechMap-Datapath Postmap Operations - Elapsed_Time 1, CPU_Time 2.0000000000000036
stamp 'PBS_TechMap-Datapath Postmap Operations' being created for table 'pbs_debug'

  Total Time (Wall) |  Stage Time (Wall)  |   % (Wall)   |    Date - Time     |  Memory   | Stage
--------------------+---------------------+--------------+--------------------+-----------+----------------------
 00:00:22(00:05:57) |  00:00:00(00:00:00) |   0.0(  0.0) |   20:11:05 (Jul24) |  925.8 MB | PBS_Generic-Start
--------------------+---------------------+--------------+--------------------+-----------+----------------------
 00:00:24(00:06:00) |  00:00:02(00:00:03) |  27.3(  0.4) |   20:11:08 (Jul24) |   1.27 GB | PBS_Generic_Opt-Post
--------------------+---------------------+--------------+--------------------+-----------+----------------------
 00:00:24(00:06:00) |  00:00:00(00:00:00) |   0.0(  0.0) |   20:11:08 (Jul24) |   1.27 GB | PBS_Generic-Postgen HBO Optimizations
--------------------+---------------------+--------------+--------------------+-----------+----------------------
 00:00:30(00:20:03) |  00:00:06(00:14:03) |  54.7( 99.4) |   20:25:11 (Jul24) |   1.28 GB | PBS_TechMap-Start
--------------------+---------------------+--------------+--------------------+-----------+----------------------
 00:00:30(00:20:03) |  00:00:00(00:00:00) |   0.0(  0.0) |   20:25:11 (Jul24) |   1.28 GB | PBS_TechMap-Premap HBO Optimizations
--------------------+---------------------+--------------+--------------------+-----------+----------------------
 00:00:30(00:20:04) |  00:00:00(00:00:01) |  -0.2(  0.1) |   20:25:12 (Jul24) |   1.28 GB | PBS_Techmap-Global Mapping
--------------------+---------------------+--------------+--------------------+-----------+----------------------
 00:00:32(00:20:05) |  00:00:02(00:00:01) |  18.2(  0.1) |   20:25:13 (Jul24) |   1.28 GB | PBS_TechMap-Datapath Postmap Operations
--------------------+---------------------+--------------+--------------------+-----------+----------------------
Number of threads: 8 * 1   (id: pbs_debug, time_info v1.57)
Info: (*N*) indicates data that was populated from previously saved time_info database
Info: CPU time includes time of parent + longest thread
PBS_TechMap-Postmap HBO Optimizations - Elapsed_Time 0, CPU_Time -0.00017400000000122873
stamp 'PBS_TechMap-Postmap HBO Optimizations' being created for table 'pbs_debug'

  Total Time (Wall) |  Stage Time (Wall)  |   % (Wall)   |    Date - Time     |  Memory   | Stage
--------------------+---------------------+--------------+--------------------+-----------+----------------------
 00:00:22(00:05:57) |  00:00:00(00:00:00) |   0.0(  0.0) |   20:11:05 (Jul24) |  925.8 MB | PBS_Generic-Start
--------------------+---------------------+--------------+--------------------+-----------+----------------------
 00:00:24(00:06:00) |  00:00:02(00:00:03) |  27.3(  0.4) |   20:11:08 (Jul24) |   1.27 GB | PBS_Generic_Opt-Post
--------------------+---------------------+--------------+--------------------+-----------+----------------------
 00:00:24(00:06:00) |  00:00:00(00:00:00) |   0.0(  0.0) |   20:11:08 (Jul24) |   1.27 GB | PBS_Generic-Postgen HBO Optimizations
--------------------+---------------------+--------------+--------------------+-----------+----------------------
 00:00:30(00:20:03) |  00:00:06(00:14:03) |  54.7( 99.4) |   20:25:11 (Jul24) |   1.28 GB | PBS_TechMap-Start
--------------------+---------------------+--------------+--------------------+-----------+----------------------
 00:00:30(00:20:03) |  00:00:00(00:00:00) |   0.0(  0.0) |   20:25:11 (Jul24) |   1.28 GB | PBS_TechMap-Premap HBO Optimizations
--------------------+---------------------+--------------+--------------------+-----------+----------------------
 00:00:30(00:20:04) |  00:00:00(00:00:01) |  -0.2(  0.1) |   20:25:12 (Jul24) |   1.28 GB | PBS_Techmap-Global Mapping
--------------------+---------------------+--------------+--------------------+-----------+----------------------
 00:00:32(00:20:05) |  00:00:02(00:00:01) |  18.2(  0.1) |   20:25:13 (Jul24) |   1.28 GB | PBS_TechMap-Datapath Postmap Operations
--------------------+---------------------+--------------+--------------------+-----------+----------------------
 00:00:32(00:20:05) |  00:00:00(00:00:00) |  -0.0(  0.0) |   20:25:13 (Jul24) |   1.28 GB | PBS_TechMap-Postmap HBO Optimizations
--------------------+---------------------+--------------+--------------------+-----------+----------------------
Number of threads: 8 * 1   (id: pbs_debug, time_info v1.57)
Info: (*N*) indicates data that was populated from previously saved time_info database
Info: CPU time includes time of parent + longest thread
 Doing ConstProp on design:counter ... 

Time taken by ConstProp Step: 00:00:00
PBS_TechMap-Postmap Clock Gating - Elapsed_Time 0, CPU_Time 0.0
stamp 'PBS_TechMap-Postmap Clock Gating' being created for table 'pbs_debug'

  Total Time (Wall) |  Stage Time (Wall)  |   % (Wall)   |    Date - Time     |  Memory   | Stage
--------------------+---------------------+--------------+--------------------+-----------+----------------------
 00:00:22(00:05:57) |  00:00:00(00:00:00) |   0.0(  0.0) |   20:11:05 (Jul24) |  925.8 MB | PBS_Generic-Start
--------------------+---------------------+--------------+--------------------+-----------+----------------------
 00:00:24(00:06:00) |  00:00:02(00:00:03) |  27.3(  0.4) |   20:11:08 (Jul24) |   1.27 GB | PBS_Generic_Opt-Post
--------------------+---------------------+--------------+--------------------+-----------+----------------------
 00:00:24(00:06:00) |  00:00:00(00:00:00) |   0.0(  0.0) |   20:11:08 (Jul24) |   1.27 GB | PBS_Generic-Postgen HBO Optimizations
--------------------+---------------------+--------------+--------------------+-----------+----------------------
 00:00:30(00:20:03) |  00:00:06(00:14:03) |  54.7( 99.4) |   20:25:11 (Jul24) |   1.28 GB | PBS_TechMap-Start
--------------------+---------------------+--------------+--------------------+-----------+----------------------
 00:00:30(00:20:03) |  00:00:00(00:00:00) |   0.0(  0.0) |   20:25:11 (Jul24) |   1.28 GB | PBS_TechMap-Premap HBO Optimizations
--------------------+---------------------+--------------+--------------------+-----------+----------------------
 00:00:30(00:20:04) |  00:00:00(00:00:01) |  -0.2(  0.1) |   20:25:12 (Jul24) |   1.28 GB | PBS_Techmap-Global Mapping
--------------------+---------------------+--------------+--------------------+-----------+----------------------
 00:00:32(00:20:05) |  00:00:02(00:00:01) |  18.2(  0.1) |   20:25:13 (Jul24) |   1.28 GB | PBS_TechMap-Datapath Postmap Operations
--------------------+---------------------+--------------+--------------------+-----------+----------------------
 00:00:32(00:20:05) |  00:00:00(00:00:00) |  -0.0(  0.0) |   20:25:13 (Jul24) |   1.28 GB | PBS_TechMap-Postmap HBO Optimizations
--------------------+---------------------+--------------+--------------------+-----------+----------------------
 00:00:32(00:20:05) |  00:00:00(00:00:00) |   0.0(  0.0) |   20:25:13 (Jul24) |   1.28 GB | PBS_TechMap-Postmap Clock Gating
--------------------+---------------------+--------------+--------------------+-----------+----------------------
Number of threads: 8 * 1   (id: pbs_debug, time_info v1.57)
Info: (*N*) indicates data that was populated from previously saved time_info database
Info: CPU time includes time of parent + longest thread
-------------------------------------------------------------------------------
 hi_fo_buf                    30        0         0         0        0

           Trick     Calls     Accepts   Attempts    Time(secs) 
-----------------------------------------------------------
       hi_fo_buf         0  (        0 /        0 )  0.00

 
Incremental optimization status
===============================
                                   Group   
                                  Tot Wrst     Total - - DRC Totals - -
                           Total  Weighted      Neg      Max       Max 
Operation                   Area   Slacks      Slack    Trans      Cap 
 init_delay                   30        0         0         0        0

           Trick     Calls     Accepts   Attempts    Time(secs) 
-----------------------------------------------------------
       crit_upsz         0  (        0 /        0 )  0.00
    plc_bal_star         0  (        0 /        0 )  0.00
     drc_buftimb         0  (        0 /        0 )  0.00
          plc_st         0  (        0 /        0 )  0.00
    plc_st_fence         0  (        0 /        0 )  0.00
        plc_star         0  (        0 /        0 )  0.00
      plc_laf_st         0  (        0 /        0 )  0.00
 plc_laf_st_fence         0  (        0 /        0 )  0.00
     drc_buftims         0  (        0 /        0 )  0.00
            fopt         0  (        0 /        0 )  0.00
   plc_laf_lo_st         0  (        0 /        0 )  0.00
       plc_lo_st         0  (        0 /        0 )  0.00
        mb_split         0  (        0 /        0 )  0.00

 
Local TNS optimization status
=============================
                                   Group   
                                  Tot Wrst     Total - - DRC Totals - -
                           Total  Weighted      Neg      Max       Max 
Operation                   Area   Slacks      Slack    Trans      Cap 
 init_tns                     30        0         0         0        0

           Trick     Calls     Accepts   Attempts    Time(secs) 
-----------------------------------------------------------
    plc_bal_star         0  (        0 /        0 )  0.00
     drc_buftimb         0  (        0 /        0 )  0.00
     drc_buftims         0  (        0 /        0 )  0.00
       crit_upsz         0  (        0 /        0 )  0.00
   plc_laf_lo_st         0  (        0 /        0 )  0.00
       plc_lo_st         0  (        0 /        0 )  0.00
            fopt         0  (        0 /        0 )  0.00
       crit_dnsz         0  (        0 /        0 )  0.00
             dup         0  (        0 /        0 )  0.00
        setup_dn         0  (        0 /        0 )  0.00
        mb_split         0  (        0 /        0 )  0.00

PBS_TechMap-Postmap Cleanup - Elapsed_Time 1, CPU_Time -0.0001639999999980546
stamp 'PBS_TechMap-Postmap Cleanup' being created for table 'pbs_debug'

  Total Time (Wall) |  Stage Time (Wall)  |   % (Wall)   |    Date - Time     |  Memory   | Stage
--------------------+---------------------+--------------+--------------------+-----------+----------------------
 00:00:22(00:05:57) |  00:00:00(00:00:00) |   0.0(  0.0) |   20:11:05 (Jul24) |  925.8 MB | PBS_Generic-Start
--------------------+---------------------+--------------+--------------------+-----------+----------------------
 00:00:24(00:06:00) |  00:00:02(00:00:03) |  27.3(  0.4) |   20:11:08 (Jul24) |   1.27 GB | PBS_Generic_Opt-Post
--------------------+---------------------+--------------+--------------------+-----------+----------------------
 00:00:24(00:06:00) |  00:00:00(00:00:00) |   0.0(  0.0) |   20:11:08 (Jul24) |   1.27 GB | PBS_Generic-Postgen HBO Optimizations
--------------------+---------------------+--------------+--------------------+-----------+----------------------
 00:00:30(00:20:03) |  00:00:06(00:14:03) |  54.7( 99.3) |   20:25:11 (Jul24) |   1.28 GB | PBS_TechMap-Start
--------------------+---------------------+--------------+--------------------+-----------+----------------------
 00:00:30(00:20:03) |  00:00:00(00:00:00) |   0.0(  0.0) |   20:25:11 (Jul24) |   1.28 GB | PBS_TechMap-Premap HBO Optimizations
--------------------+---------------------+--------------+--------------------+-----------+----------------------
 00:00:30(00:20:04) |  00:00:00(00:00:01) |  -0.2(  0.1) |   20:25:12 (Jul24) |   1.28 GB | PBS_Techmap-Global Mapping
--------------------+---------------------+--------------+--------------------+-----------+----------------------
 00:00:32(00:20:05) |  00:00:02(00:00:01) |  18.2(  0.1) |   20:25:13 (Jul24) |   1.28 GB | PBS_TechMap-Datapath Postmap Operations
--------------------+---------------------+--------------+--------------------+-----------+----------------------
 00:00:32(00:20:05) |  00:00:00(00:00:00) |  -0.0(  0.0) |   20:25:13 (Jul24) |   1.28 GB | PBS_TechMap-Postmap HBO Optimizations
--------------------+---------------------+--------------+--------------------+-----------+----------------------
 00:00:32(00:20:05) |  00:00:00(00:00:00) |   0.0(  0.0) |   20:25:13 (Jul24) |   1.28 GB | PBS_TechMap-Postmap Clock Gating
--------------------+---------------------+--------------+--------------------+-----------+----------------------
 00:00:32(00:20:06) |  00:00:00(00:00:01) |  -0.0(  0.1) |   20:25:14 (Jul24) |   1.28 GB | PBS_TechMap-Postmap Cleanup
--------------------+---------------------+--------------+--------------------+-----------+----------------------
Number of threads: 8 * 1   (id: pbs_debug, time_info v1.57)
Info: (*N*) indicates data that was populated from previously saved time_info database
Info: CPU time includes time of parent + longest thread
PBS_Techmap-Post_MBCI - Elapsed_Time 0, CPU_Time 0.0
stamp 'PBS_Techmap-Post_MBCI' being created for table 'pbs_debug'

  Total Time (Wall) |  Stage Time (Wall)  |   % (Wall)   |    Date - Time     |  Memory   | Stage
--------------------+---------------------+--------------+--------------------+-----------+----------------------
 00:00:22(00:05:57) |  00:00:00(00:00:00) |   0.0(  0.0) |   20:11:05 (Jul24) |  925.8 MB | PBS_Generic-Start
--------------------+---------------------+--------------+--------------------+-----------+----------------------
 00:00:24(00:06:00) |  00:00:02(00:00:03) |  27.3(  0.4) |   20:11:08 (Jul24) |   1.27 GB | PBS_Generic_Opt-Post
--------------------+---------------------+--------------+--------------------+-----------+----------------------
 00:00:24(00:06:00) |  00:00:00(00:00:00) |   0.0(  0.0) |   20:11:08 (Jul24) |   1.27 GB | PBS_Generic-Postgen HBO Optimizations
--------------------+---------------------+--------------+--------------------+-----------+----------------------
 00:00:30(00:20:03) |  00:00:06(00:14:03) |  54.7( 99.3) |   20:25:11 (Jul24) |   1.28 GB | PBS_TechMap-Start
--------------------+---------------------+--------------+--------------------+-----------+----------------------
 00:00:30(00:20:03) |  00:00:00(00:00:00) |   0.0(  0.0) |   20:25:11 (Jul24) |   1.28 GB | PBS_TechMap-Premap HBO Optimizations
--------------------+---------------------+--------------+--------------------+-----------+----------------------
 00:00:30(00:20:04) |  00:00:00(00:00:01) |  -0.2(  0.1) |   20:25:12 (Jul24) |   1.28 GB | PBS_Techmap-Global Mapping
--------------------+---------------------+--------------+--------------------+-----------+----------------------
 00:00:32(00:20:05) |  00:00:02(00:00:01) |  18.2(  0.1) |   20:25:13 (Jul24) |   1.28 GB | PBS_TechMap-Datapath Postmap Operations
--------------------+---------------------+--------------+--------------------+-----------+----------------------
 00:00:32(00:20:05) |  00:00:00(00:00:00) |  -0.0(  0.0) |   20:25:13 (Jul24) |   1.28 GB | PBS_TechMap-Postmap HBO Optimizations
--------------------+---------------------+--------------+--------------------+-----------+----------------------
 00:00:32(00:20:05) |  00:00:00(00:00:00) |   0.0(  0.0) |   20:25:13 (Jul24) |   1.28 GB | PBS_TechMap-Postmap Clock Gating
--------------------+---------------------+--------------+--------------------+-----------+----------------------
 00:00:32(00:20:06) |  00:00:00(00:00:01) |  -0.0(  0.1) |   20:25:14 (Jul24) |   1.28 GB | PBS_TechMap-Postmap Cleanup
--------------------+---------------------+--------------+--------------------+-----------+----------------------
 00:00:32(00:20:06) |  00:00:00(00:00:00) |   0.0(  0.0) |   20:25:14 (Jul24) |   1.28 GB | PBS_Techmap-Post_MBCI
--------------------+---------------------+--------------+--------------------+-----------+----------------------
Number of threads: 8 * 1   (id: pbs_debug, time_info v1.57)
Info: (*N*) indicates data that was populated from previously saved time_info database
Info: CPU time includes time of parent + longest thread
##>=================== Cadence Confidential (Mapping-Logical) ===================
##>Main Thread Summary:
##>----------------------------------------------------------------------------------------
##>STEP                           Elapsed       WNS       TNS     Insts      Area    Memory
##>----------------------------------------------------------------------------------------
##>M:Initial                            0         -         -        34        35      1279
##>M:Early Clock Gating                 0         -         -         -         -         -
##>M:Pre Cleanup                        0         -         -        34        35      1279
##>M:Setup                              0         -         -         -         -         -
##>M:Launch ST                          0         -         -         -         -         -
##>M:Design Partition                   0         -         -         -         -         -
##>M:Create Partition Netlists          0         -         -         -         -         -
##>M:Init Power                         0         -         -         -         -         -
##>M:Budgeting                          0         -         -         -         -         -
##>M:Derenv-DB                          0         -         -         -         -         -
##>M:Debug Outputs                      0         -         -         -         -         -
##>M:ST loading                         0         -         -         -         -         -
##>M:Distributed                        0         -         -         -         -         -
##>M:Timer                              0         -         -         -         -         -
##>M:Assembly                           0         -         -         -         -         -
##>M:DFT                                0         -         -         -         -         -
##>M:DP Operations                      1         -         -        16        18      1279
##>M:Const Prop                         0      8908         0        16        18      1279
##>M:Cleanup                            1      8908         0        16        18      1279
##>M:MBCI                               0         -         -        16        18      1279
##>M:PostGen Opt                        0         -         -         -         -         -
##>M:Const Gate Removal                 0         -         -         -         -         -
##>M:Early Clock Gating Cleanup         0         -         -         -         -         -
##>M:Misc                               1
##>----------------------------------------------------------------------------------------
##>Total Elapsed                        3
##>========================================================================================
Info    : Done mapping. [SYNTH-5]
        : Done mapping 'counter'.
      flow.cputime  flow.realtime  timing.setup.tns  timing.setup.wns  snapshot
UM:*                                                                   syn_map
@genus:root: 17> syn_opt
Warning : The selected flow setting will be removed in a future release. [SYNTH-33]
        : The use of 'syn_opt' for logical only optimization will be obsolete in a future release.
	Transition to 'syn_opt -logical' or 'syn_opt -spatial'.

        : Contact Cadence support to understand current flows.
Current PLE settings:

Aspect ratio        : 1.000
Shrink factor       : 1.000
Scale of res/length : 1.000
Scale of cap/length : 1.000
Net derating factor : 1.000
Thermal factor      : 1.000
Via Resistance      : 0.000 ohm (from default)
Site size           : 1.055 um (from lef [tech+cell])

                                   Capacitance  
  Layer                             / Length         Data source:
Name        Direction Utilization  (pF/micron)       lef_library
------------------------------------------------
Metal1          H         0.00        0.000412  
Metal2          V         1.00        0.000416  
Metal3          H         1.00        0.000416  
Metal4          V         1.00        0.000416  
Metal5          H         1.00        0.000416  
Metal6          V         1.00        0.000416  
Metal7          H         1.00        0.000416  
Metal8          V         1.00        0.000416  
Metal9          H         1.00        0.000416  
Metal10         V         1.00        0.000444  
Metal11         H         1.00        0.000444  

                                    Resistance   
  Layer                              / Length         Data source:
Name        Direction Utilization  (ohm/micron)       lef_library
-------------------------------------------------
Metal1          H         0.00         1.226667  
Metal2          V         1.00         0.755000  
Metal3          H         1.00         0.755000  
Metal4          V         1.00         0.755000  
Metal5          H         1.00         0.755000  
Metal6          V         1.00         0.755000  
Metal7          H         1.00         0.755000  
Metal8          V         1.00         0.267500  
Metal9          H         1.00         0.267500  
Metal10         V         1.00         0.097273  
Metal11         H         1.00         0.095455  

                                        Area     
  Layer                               / Length        Data source:
Name        Direction Utilization     (micron)        lef_library
-------------------------------------------------
Metal1          H         0.00         0.060000  
Metal2          V         1.00         0.080000  
Metal3          H         1.00         0.080000  
Metal4          V         1.00         0.080000  
Metal5          H         1.00         0.080000  
Metal6          V         1.00         0.080000  
Metal7          H         1.00         0.080000  
Metal8          V         1.00         0.080000  
Metal9          H         1.00         0.080000  
Metal10         V         1.00         0.220000  
Metal11         H         1.00         0.220000  

Info    : Incrementally optimizing. [SYNTH-7]
        : Incrementally optimizing 'counter' using 'medium' effort.
 
Incremental optimization status
===============================
                                   Group   
                                  Tot Wrst     Total - - DRC Totals - -
                           Total  Weighted      Neg      Max       Max 
Operation                   Area   Slacks      Slack    Trans      Cap 
 init_iopt                    30        0         0         0        0
-------------------------------------------------------------------------------
 const_prop                   30        0         0         0        0
 
Incremental optimization status
===============================
                                   Group   
                                  Tot Wrst     Total - - DRC Totals - -
                           Total  Weighted      Neg      Max       Max 
Operation                   Area   Slacks      Slack    Trans      Cap 
 init_delay                   30        0         0         0        0

           Trick     Calls     Accepts   Attempts    Time(secs) 
-----------------------------------------------------------
       crit_upsz         0  (        0 /        0 )  0.00
    plc_bal_star         0  (        0 /        0 )  0.00
     drc_buftimb         0  (        0 /        0 )  0.00
          plc_st         0  (        0 /        0 )  0.00
    plc_st_fence         0  (        0 /        0 )  0.00
        plc_star         0  (        0 /        0 )  0.00
      plc_laf_st         0  (        0 /        0 )  0.00
 plc_laf_st_fence         0  (        0 /        0 )  0.00
     drc_buftims         0  (        0 /        0 )  0.00
   plc_laf_lo_st         0  (        0 /        0 )  0.00
       plc_lo_st         0  (        0 /        0 )  0.00
            fopt         0  (        0 /        0 )  0.00
       crit_dnsz         0  (        0 /        0 )  0.00
             dup         0  (        0 /        0 )  0.00
            fopt         0  (        0 /        0 )  0.00
        setup_dn         0  (        0 /        0 )  0.00
         buf2inv         0  (        0 /        0 )  0.00
        mb_split         0  (        0 /        0 )  0.00
             exp         0  (        0 /        0 )  0.00
       gate_deco         0  (        0 /        0 )  0.00
       gcomp_tim         0  (        0 /        0 )  0.00
  inv_pair_2_buf         0  (        0 /        0 )  0.00

 init_drc                     30        0         0         0        0

           Trick     Calls     Accepts   Attempts    Time(secs) 
-----------------------------------------------------------
          plc_st         0  (        0 /        0 )  0.00
        plc_star         0  (        0 /        0 )  0.00
        drc_bufs         0  (        0 /        0 )  0.00
        drc_fopt         0  (        0 /        0 )  0.00
        drc_bufb         0  (        0 /        0 )  0.00
      simple_buf         0  (        0 /        0 )  0.00
             dup         0  (        0 /        0 )  0.00
       crit_dnsz         0  (        0 /        0 )  0.00
       crit_upsz         0  (        0 /        0 )  0.00


           Trick     Calls     Accepts   Attempts    Time(secs) 
-----------------------------------------------------------
          plc_st         0  (        0 /        0 )  0.00
        plc_star         0  (        0 /        0 )  0.00
      drc_buf_sp         0  (        0 /        0 )  0.00
        drc_bufs         0  (        0 /        0 )  0.00
        drc_fopt         0  (        0 /        0 )  0.00
        drc_bufb         0  (        0 /        0 )  0.00
      simple_buf         0  (        0 /        0 )  0.00
             dup         0  (        0 /        0 )  0.00
       crit_dnsz         0  (        0 /        0 )  0.00
       crit_upsz         0  (        0 /        0 )  0.00


           Trick     Calls     Accepts   Attempts    Time(secs) 
-----------------------------------------------------------
          plc_st         0  (        0 /        0 )  0.00
        plc_star         0  (        0 /        0 )  0.00
      drc_buf_sp         0  (        0 /        0 )  0.00
        drc_bufs         0  (        0 /        0 )  0.00
        drc_fopt         0  (        0 /        0 )  0.00
        drc_bufb         0  (        0 /        0 )  0.00
             dup         0  (        0 /        0 )  0.00
       crit_dnsz         0  (        0 /        0 )  0.00
       crit_upsz         0  (        0 /        0 )  0.00

 init_tns                     30        0         0         0        0

           Trick     Calls     Accepts   Attempts    Time(secs) 
-----------------------------------------------------------
    plc_bal_star         0  (        0 /        0 )  0.00
     drc_buftimb         0  (        0 /        0 )  0.00
     drc_buftims         0  (        0 /        0 )  0.00
       crit_upsz         0  (        0 /        0 )  0.00
   plc_laf_lo_st         0  (        0 /        0 )  0.00
       plc_lo_st         0  (        0 /        0 )  0.00
            fopt         0  (        0 /        0 )  0.00
       crit_dnsz         0  (        0 /        0 )  0.00
             dup         0  (        0 /        0 )  0.00
        setup_dn         0  (        0 /        0 )  0.00
         buf2inv         0  (        0 /        0 )  0.00
        mb_split         0  (        0 /        0 )  0.00

 init_area                    30        0         0         0        0
 rem_inv_qb                   29        0         0         0        0

           Trick     Calls     Accepts   Attempts    Time(secs) 
-----------------------------------------------------------
           undup         0  (        0 /        0 )  0.00
         rem_buf         0  (        0 /        0 )  0.00
         rem_inv         0  (        0 /        0 )  0.00
        merge_bi         0  (        0 /        0 )  0.00
      rem_inv_qb         1  (        1 /        1 )  0.00
        io_phase         0  (        0 /        0 )  0.00
       gate_comp         0  (        0 /        0 )  0.00
       gcomp_mog         0  (        0 /        0 )  0.00
       glob_area         8  (        0 /        8 )  0.00
       area_down         0  (        0 /        0 )  0.00
      size_n_buf         0  (        0 /        0 )  0.00
  gate_deco_area         0  (        0 /        0 )  0.00
         rem_buf         0  (        0 /        0 )  0.00
         rem_inv         0  (        0 /        0 )  0.00
        merge_bi         0  (        0 /        0 )  0.00
      rem_inv_qb         0  (        0 /        0 )  0.00

 
Incremental optimization status
===============================
                                   Group   
                                  Tot Wrst     Total - - DRC Totals - -
                           Total  Weighted      Neg      Max       Max 
Operation                   Area   Slacks      Slack    Trans      Cap 
 init_delay                   29        0         0         0        0

           Trick     Calls     Accepts   Attempts    Time(secs) 
-----------------------------------------------------------
       crit_upsz         0  (        0 /        0 )  0.00
    plc_bal_star         0  (        0 /        0 )  0.00
     drc_buftimb         0  (        0 /        0 )  0.00
          plc_st         0  (        0 /        0 )  0.00
    plc_st_fence         0  (        0 /        0 )  0.00
        plc_star         0  (        0 /        0 )  0.00
      plc_laf_st         0  (        0 /        0 )  0.00
 plc_laf_st_fence         0  (        0 /        0 )  0.00
     drc_buftims         0  (        0 /        0 )  0.00
   plc_laf_lo_st         0  (        0 /        0 )  0.00
       plc_lo_st         0  (        0 /        0 )  0.00
            fopt         0  (        0 /        0 )  0.00
       crit_dnsz         0  (        0 /        0 )  0.00
             dup         0  (        0 /        0 )  0.00
            fopt         0  (        0 /        0 )  0.00
        setup_dn         0  (        0 /        0 )  0.00
         buf2inv         0  (        0 /        0 )  0.00
        mb_split         0  (        0 /        0 )  0.00
             exp         0  (        0 /        0 )  0.00
       gate_deco         0  (        0 /        0 )  0.00
       gcomp_tim         0  (        0 /        0 )  0.00
  inv_pair_2_buf         0  (        0 /        0 )  0.00

 init_drc                     29        0         0         0        0

           Trick     Calls     Accepts   Attempts    Time(secs) 
-----------------------------------------------------------
          plc_st         0  (        0 /        0 )  0.00
        plc_star         0  (        0 /        0 )  0.00
        drc_bufs         0  (        0 /        0 )  0.00
        drc_fopt         0  (        0 /        0 )  0.00
        drc_bufb         0  (        0 /        0 )  0.00
      simple_buf         0  (        0 /        0 )  0.00
             dup         0  (        0 /        0 )  0.00
       crit_dnsz         0  (        0 /        0 )  0.00
       crit_upsz         0  (        0 /        0 )  0.00


           Trick     Calls     Accepts   Attempts    Time(secs) 
-----------------------------------------------------------
          plc_st         0  (        0 /        0 )  0.00
        plc_star         0  (        0 /        0 )  0.00
        drc_bufs         0  (        0 /        0 )  0.00
        drc_fopt         0  (        0 /        0 )  0.00
        drc_bufb         0  (        0 /        0 )  0.00
      simple_buf         0  (        0 /        0 )  0.00
             dup         0  (        0 /        0 )  0.00
       crit_dnsz         0  (        0 /        0 )  0.00
       crit_upsz         0  (        0 /        0 )  0.00


           Trick     Calls     Accepts   Attempts    Time(secs) 
-----------------------------------------------------------
          plc_st         0  (        0 /        0 )  0.00
        plc_star         0  (        0 /        0 )  0.00
        drc_bufs         0  (        0 /        0 )  0.00
        drc_fopt         0  (        0 /        0 )  0.00
        drc_bufb         0  (        0 /        0 )  0.00
             dup         0  (        0 /        0 )  0.00
       crit_dnsz         0  (        0 /        0 )  0.00
       crit_upsz         0  (        0 /        0 )  0.00

 init_area                    29        0         0         0        0

           Trick     Calls     Accepts   Attempts    Time(secs) 
-----------------------------------------------------------
           undup         0  (        0 /        0 )  0.00
         rem_buf         0  (        0 /        0 )  0.00
         rem_inv         0  (        0 /        0 )  0.00
        merge_bi         0  (        0 /        0 )  0.00
      rem_inv_qb         0  (        0 /        0 )  0.00
        io_phase         0  (        0 /        0 )  0.00
       gate_comp         0  (        0 /        0 )  0.00
       gcomp_mog         0  (        0 /        0 )  0.00
       glob_area         8  (        0 /        8 )  0.00
       area_down         0  (        0 /        0 )  0.00
      size_n_buf         0  (        0 /        0 )  0.00
  gate_deco_area         0  (        0 /        0 )  0.00

==================================
Stage : incr_opt 
==================================
  =================
   Message Summary
  =================
---------------------------------------------------------------------------------------
|   Id   |  Sev  |Count|                         Message Text                         |
---------------------------------------------------------------------------------------
|CFM-1   |Info   |    1|Wrote dofile.                                                 |
|CFM-5   |Info   |    1|Wrote formal verification information.                        |
|PA-7    |Info   |    4|Resetting power analysis results.                             |
|        |       |     |All computed switching activities are removed.                |
|SYNTH-5 |Info   |    1|Done mapping.                                                 |
|SYNTH-7 |Info   |    1|Incrementally optimizing.                                     |
|SYNTH-33|Warning|    1|The selected flow setting will be removed in a future release.|
|        |       |     |Contact Cadence support to understand current flows.          |
---------------------------------------------------------------------------------------
Info    : Done incrementally optimizing. [SYNTH-8]
        : Done incrementally optimizing 'counter'.
      flow.cputime  flow.realtime  timing.setup.tns  timing.setup.wns  snapshot
UM:*                                                                   syn_opt
@genus:root: 18> write_db counter -to_file design.db
Finished exporting design database to file 'design.db' for 'counter' (command execution time mm:ss cpu = 00:00, real = 00:01).
@genus:root: 19> write_hdl > design_syn.v
@genus:root: 20> write_sdc > design_syn.sdc
Finished SDC export (command execution time mm:ss (real) = 00:00).
