Cadence Genus(TM) Synthesis Solution.
Copyright 2025 Cadence Design Systems, Inc. All rights reserved worldwide.
Cadence and the Cadence logo are registered trademarks and Genus is a trademark
of Cadence Design Systems, Inc. in the United States and other countries.

[09:48:58.172049] Configured Lic search path (25.01-s002): 5280@ec2-44-229-184-69.us-west-2.compute.amazonaws.com

Version: 25.12-s067_1, built Mon Nov 17 08:10:10 PST 2025
Options: -log synth_flow.log -files ./script.tcl 
Date:    Sat Aug 22 09:48:58 2026
Host:    localhost.localdomain (x86_64 w/Linux 5.14.0-687.39.1.el9_8.x86_64) (8cores*16cpus*1physical cpu*AMD Ryzen 7 5700G with Radeon Graphics 512KB) (31967232KB)
PID:     6951
OS:      Rocky Linux 9.8 (Blue Onyx)

Checking out license: Genus_Synthesis
[09:49:01.302256] Periodic Lic check successful
[09:49:01.826553] Feature usage summary:
[09:49:01.826553] Genus_Synthesis  
License checkout complete (3 seconds elapsed).


***********************************************************************************************************
***********************************************************************************************************



Finished executable startup (9 seconds elapsed).

Loading tool scripts...
Finished loading tool scripts (13 seconds elapsed).

#@ Processing -files option
@genus:root: 1> source ./script.tcl
#@ Begin verbose source ./script.tcl
@file(script.tcl) 1: read_libs {../LAB7/slow_vdd1v0_basicCells.lib}

  Message Summary for Library slow_vdd1v0_basicCells.lib:
  *******************************************************
  Missing a function attribute in the output pin definition. [LBR-518]: 1
  *******************************************************
 
Info    : Created nominal operating condition. [LBR-412]
        : Operating condition '_nominal_' was created for the PVT values (1.000000, 0.900000, 125.000000) in library 'slow_vdd1v0_basicCells.lib'.
        : The nominal operating condition is represented, either by the nominal PVT values specified in the library source (via nom_process,nom_voltage and nom_temperature respectively), or by the default PVT values (1.0,1.0,1.0).
Warning : Library cell has no output pins defined. [LBR-9]
        : Library cell 'ANTENNA' must have an output pin.
        : Add the missing output pin(s), then reload the library. Else the library cell will be marked as timing model i.e. unusable. Timing_model means that the cell does not have any defined function. If there is no output pin, Genus will mark library cell as unusable i.e. the attribute 'usable' will be marked to 'false' on the libcell. Therefore, the cell is not used for mapping and it will not be picked up from the library for synthesis. If you query the attribute 'unusable_reason' on the libcell; result will be: 'Library cell has no output pins.'Note: The message LBR-9 is only for the logical pins and not for the power_ground pins. Genus will depend upon the output function defined in the pin group (output pin) of the cell, to use it for mapping. The pg_pin will not have any function defined.
Warning : Library cell has no output pins defined. [LBR-9]
        : Library cell 'ANTENNA' must have an output pin.
@file(script.tcl) 3: read_hdl "./mac_param.v"
@file(script.tcl) 4: read_hdl "./buffer.v"
@file(script.tcl) 5: read_hdl "./fsm.v"
@file(script.tcl) 6: read_hdl "./pattern_detector.v"
@file(script.tcl) 7: elaborate pattern_detector
  Library has 324 usable logic and 128 usable sequential lib-cells.
Info    : Elaborating Design. [ELAB-1]
        : Elaborating top-level block 'pattern_detector' from file 'pattern_detector.v'.
Warning : Using default parameter value for module elaboration. [CDFG-818]
        : Elaborating block 'pattern_detector' with default parameters value.
Info    : Done Elaborating Design. [ELAB-3]
        : Done elaborating 'pattern_detector'.
Checking for source RTL...
Check completed for source RTL.
Running Unified Mux Engine Tricks...
Completed Unified Mux Engine Tricks

Stage: post_elab
-------------------------------------------------------
| Trick             | Accepts | Rejects | Runtime (s) | 
-------------------------------------------------------
| ume_constant_bmux |       0 |       0 |        0.00 | 
| ume_merge         |       0 |       0 |        0.00 | 
| ume_ssm           |       0 |       0 |        0.00 | 
| ume_cse           |       1 |       0 |        0.00 | 
| ume_shrink        |       0 |       0 |        0.00 | 
| ume_sweep         |       0 |       0 |        0.00 | 
| ume_constant_bmux |       0 |       0 |        0.00 | 
| ume_merge         |       0 |       0 |        0.00 | 
| ume_ssm           |       0 |       0 |        0.00 | 
| ume_cse           |       0 |       0 |        0.00 | 
| ume_shrink        |       0 |       0 |        0.00 | 
| ume_sweep         |       0 |       0 |        0.00 | 
-------------------------------------------------------
Starting optimize datapath shifters [v1.0] (stage: post_elab, startdef: pattern_detector, recur: true)
Completed optimize datapath shifters (accepts: 0, rejects: 0, runtime: 0.000s)
Starting clip mux common data inputs [v1.0] (stage: post_elab, startdef: pattern_detector, recur: true)
Completed clip mux common data inputs (accepts: 0, rejects: 0, runtime: 0.000s)
Starting clip the non-user hierarchies [v2.0] (stage: post_elab, startdef: pattern_detector, recur: true)
Completed clip the non-user hierarchies (accepts: 0, rejects: 0, runtime: 0.000s)
Starting basic netlist cleanup [v1.0] (stage: post_elab, startdef: pattern_detector, recur: true)
Completed basic netlist cleanup (accepts: 0, rejects: 0, runtime: 0.000s)

Stage: post_elab
--------------------------------------------------------------------
| Transform                      | Accepts | Rejects | Runtime (s) | 
--------------------------------------------------------------------
| hlo_optimize_datapath_shifters |       0 |       0 |        0.00 | 
| hlo_clip_mux_input             |       0 |       0 |        0.00 | 
| hlo_clip                       |       0 |       0 |        0.00 | 
| hlo_cleanup                    |       0 |       0 |        0.00 | 
--------------------------------------------------------------------
UM:   flow.cputime  flow.realtime  timing.setup.tns  timing.setup.wns  snapshot
UM:*                                                                   elaborate
@file(script.tcl) 8: check_design -unresolved


 	 Check Design Report (c)
	 ------------------- 

  Unresolved References & Empty Modules
  ------------------------------------- 
No unresolved references in design 'pattern_detector'

No empty modules in design 'pattern_detector'

  Done Checking the design.
@file(script.tcl) 10: read_sdc "./constraint.sdc"
Statistics for commands executed by read_sdc:
 "create_clock"             - successful      1 , failed      0 (runtime  0.01)
 "get_clocks"               - successful      6 , failed      0 (runtime  0.00)
 "get_ports"                - successful     10 , failed      0 (runtime  0.01)
 "set_clock_transition"     - successful      1 , failed      0 (runtime  0.00)
 "set_clock_uncertainty"    - successful      1 , failed      0 (runtime  0.00)
 "set_false_path"           - successful      1 , failed      0 (runtime  0.00)
 "set_input_delay"          - successful      2 , failed      0 (runtime  0.01)
 "set_input_transition"     - successful      2 , failed      0 (runtime  0.00)
 "set_load"                 - successful      2 , failed      0 (runtime  0.00)
 "set_output_delay"         - successful      2 , failed      0 (runtime  0.00)
read_sdc completed in 00:00:00 (hh:mm:ss)
@file(script.tcl) 12: set_db / .syn_generic_effort medium
  Setting attribute of root '/': 'syn_generic_effort' = medium
@file(script.tcl) 13: set_db / .syn_map_effort medium
  Setting attribute of root '/': 'syn_map_effort' = medium
@file(script.tcl) 14: set_db / .syn_opt_effort medium
  Setting attribute of root '/': 'syn_opt_effort' = medium
@file(script.tcl) 16: syn_generic
stamp 'PBS_Generic-Start' being created for table 'pbs_debug'

  Total Time (Wall) |  Stage Time (Wall)  |   % (Wall)   |    Date - Time     |  Memory   | Stage
--------------------+---------------------+--------------+--------------------+-----------+----------------------
 00:00:18(00:00:14) |  00:00:00(00:00:00) |   0.0(  0.0) |    9:49:16 (Aug22) |  909.6 MB | PBS_Generic-Start
--------------------+---------------------+--------------+--------------------+-----------+----------------------
Number of threads: 8 * 1   (id: pbs_debug, time_info v1.57)
Info: (*N*) indicates data that was populated from previously saved time_info database
Info: CPU time includes time of parent + longest thread

Stage: pre_early_cg
-----------------------------------------------
| Transform | Accepts | Rejects | Runtime (s) | 
-----------------------------------------------
-----------------------------------------------
Mapping ChipWare ICG instances in pattern_detector
Found 0 unmapped ChipWare ICG instances
Mapped 0 of 0 ChipWare ICG instances
##Generic Timing Info: typical gate delay  132.7 ps   std_slew:   15.8 ps   std_load:  0.6 fF  for library domain _default_
Starting mux data reorder optimization [v1.0] (stage: pre_to_gen_setup, startdef: pattern_detector, recur: true)
Completed mux data reorder optimization (accepts: 0, rejects: 0, runtime: 0.000s)

Stage: pre_to_gen_setup
-----------------------------------------------------
| Transform       | Accepts | Rejects | Runtime (s) | 
-----------------------------------------------------
| hlo_mux_reorder |       0 |       0 |        0.00 | 
-----------------------------------------------------
Running DP early constant propagation (netlist pattern_detector)...
Running DP early redundancy removal
Completed DP early redundancy removal on pattern_detector (runtime = 0.0s)
Multi-threaded constant propagation [4|0] ...
...done running DP early constant propagation (0 seconds CPU time, 0 seconds wall time, netlist pattern_detector).
Info    : Synthesizing. [SYNTH-1]
        : Synthesizing 'pattern_detector' to generic gates using 'medium' effort.
Running Synthesis Turbo Flow Version 4.
Info    : Partition Based Synthesis execution skipped. [PHYS-752]
        : Design size is less than the partition size '100000' for distributed generic optimization to kick in.
Starting mux data reorder optimization [v1.0] (stage: pre_to_gen_setup, startdef: pattern_detector, recur: true)
Completed mux data reorder optimization (accepts: 0, rejects: 0, runtime: 0.001s)

Stage: pre_to_gen_setup
-----------------------------------------------------
| Transform       | Accepts | Rejects | Runtime (s) | 
-----------------------------------------------------
| hlo_mux_reorder |       0 |       0 |        0.00 | 
-----------------------------------------------------
Starting mux data reorder optimization [v1.0] (stage: post_to_gen_setup, startdef: pattern_detector, recur: true)
Completed mux data reorder optimization (accepts: 0, rejects: 0, runtime: 0.000s)

Stage: post_to_gen_setup
-----------------------------------------------------
| Transform       | Accepts | Rejects | Runtime (s) | 
-----------------------------------------------------
| hlo_mux_reorder |       0 |       0 |        0.00 | 
-----------------------------------------------------
Running Unified Mux Engine Tricks...
Completed Unified Mux Engine Tricks

Stage: pre_hlo_rtlopt
-----------------------------------------------
| Trick     | Accepts | Rejects | Runtime (s) | 
-----------------------------------------------
| ume_ssm   |       0 |       0 |        0.00 | 
| ume_sweep |       0 |       0 |        0.00 | 
| ume_share |       0 |       0 |        0.00 | 
-----------------------------------------------
Begin SDR optimization CTX_region 
No special hier is found 
End SDR optimization CTX_region 
Begin SDR optimization UME_region 
No special hier is found 
End SDR optimization UME_region 
Begin SDR optimization IMPL_BASED_region 
No special hier is found 
End SDR optimization IMPL_BASED_region 
Starting timing based select reordering [v1.0] (stage: pre_rtlopt, startdef: pattern_detector, recur: true)
Completed timing based select reordering (accepts: 0, rejects: 0, runtime: 0.051s)
Starting recase case-box optimization [v1.0] (stage: pre_rtlopt, startdef: pattern_detector, recur: true)
Completed recase case-box optimization (accepts: 0, rejects: 0, runtime: 0.000s)
Starting infer macro optimization [v1.0] (stage: pre_rtlopt, startdef: pattern_detector, recur: true)
Completed infer macro optimization (accepts: 0, rejects: 4, runtime: 0.002s)
Starting decode mux sandwich optimization [v2.0] (stage: pre_rtlopt, startdef: pattern_detector, recur: true)
Completed decode mux sandwich optimization (accepts: 0, rejects: 0, runtime: 0.000s)
Starting decode mux optimization [v1.0] (stage: pre_rtlopt, startdef: pattern_detector, recur: true)
Completed decode mux optimization (accepts: 0, rejects: 0, runtime: 0.000s)
Starting chop wide muxes [v1.0] (stage: pre_rtlopt, startdef: pattern_detector, recur: true)
Completed chop wide muxes (accepts: 0, rejects: 0, runtime: 0.000s)
Starting common data mux cascade opt [v1.0] (stage: pre_rtlopt, startdef: pattern_detector, recur: true)
Completed common data mux cascade opt (accepts: 0, rejects: 0, runtime: 0.000s)
Starting mux input consolidation [v1.0] (stage: pre_rtlopt, startdef: pattern_detector, recur: true)
Completed mux input consolidation (accepts: 0, rejects: 0, runtime: 0.000s)
Starting constant-data mux optimization [v1.0] (stage: pre_rtlopt, startdef: pattern_detector, recur: true)
Completed constant-data mux optimization (accepts: 0, rejects: 0, runtime: 0.000s)
Starting chain-to-tree inequality transform [v2.0] (stage: pre_rtlopt, startdef: pattern_detector, recur: true)
Completed chain-to-tree inequality transform (accepts: 0, rejects: 0, runtime: 0.002s)
Starting reconvergence optimization [v1.0] (stage: pre_rtlopt, startdef: pattern_detector, recur: true)
Completed reconvergence optimization (accepts: 0, rejects: 0, runtime: 0.000s)
Starting logic restructure optimization [v1.0] (stage: pre_rtlopt, startdef: pattern_detector, recur: true)
Completed logic restructure optimization (accepts: 0, rejects: 0, runtime: 0.000s)
Starting identity transform [v3.0] (stage: pre_rtlopt, startdef: pattern_detector, recur: true)
Completed identity transform (accepts: 0, rejects: 0, runtime: 0.001s)
Starting reduce operator chain [v1.0] (stage: pre_rtlopt, startdef: pattern_detector, recur: true)
Completed reduce operator chain (accepts: 0, rejects: 0, runtime: 0.000s)
Starting common data mux cascade opt [v1.0] (stage: pre_rtlopt, startdef: pattern_detector, recur: true)
Completed common data mux cascade opt (accepts: 0, rejects: 0, runtime: 0.000s)
Starting mux input consolidation [v1.0] (stage: pre_rtlopt, startdef: pattern_detector, recur: true)
Completed mux input consolidation (accepts: 0, rejects: 0, runtime: 0.000s)
Starting optimize datapath elements [v1.0] (stage: pre_rtlopt, startdef: pattern_detector, recur: true)
Completed optimize datapath elements (accepts: 0, rejects: 0, runtime: 0.000s)
Starting datapath recasting [v1.0] (stage: pre_rtlopt, startdef: pattern_detector, recur: true)
Completed datapath recasting (accepts: 0, rejects: 0, runtime: 0.001s)
Starting word-level redundancy removal [v1.0] (stage: pre_rtlopt, startdef: pattern_detector, recur: true)
Word-level redundancy removal for def pattern_detector (round= 0, cands= 0, i/o= 0/0)
Word-level redundancy removal for def pattern_detector (round= 1, cands= 0, i/o= 0/0)
Word-level redundancy removal for def buffer_N8_DATA_WIDTH16_NLOG23 (round= 0, cands= 7, i/o= 10/7)
Word-level redundancy removal for def buffer_N8_DATA_WIDTH16_NLOG23 (round= 1, cands= 7, i/o= 10/7)
Word-level redundancy removal for def fsm_N8_NLOG23 (round= 0, cands= 10, i/o= 11/10)
Word-level redundancy removal for def fsm_N8_NLOG23 (round= 1, cands= 10, i/o= 11/10)
Word-level redundancy removal for def mac_param_DATA_WIDTH16_NUM_TERMS8_ACC_WIDTH35 (round= 0, cands= 3, i/o= 5/3)
Word-level redundancy removal for def mac_param_DATA_WIDTH16_NUM_TERMS8_ACC_WIDTH35 (round= 1, cands= 3, i/o= 5/3)
Completed word-level redundancy removal (accepts: 0, rejects: 2, runtime: 0.086s)
Starting clip mux common data inputs [v1.0] (stage: pre_rtlopt, startdef: pattern_detector, recur: true)
Completed clip mux common data inputs (accepts: 0, rejects: 0, runtime: 0.000s)
Starting clip the non-user hierarchies [v2.0] (stage: pre_rtlopt, startdef: pattern_detector, recur: true)
Completed clip the non-user hierarchies (accepts: 0, rejects: 0, runtime: 0.000s)
Starting basic netlist cleanup [v1.0] (stage: pre_rtlopt, startdef: pattern_detector, recur: true)
Completed basic netlist cleanup (accepts: 0, rejects: 0, runtime: 0.000s)

Stage: pre_rtlopt
-----------------------------------------------------------------
| Transform                   | Accepts | Rejects | Runtime (s) | 
-----------------------------------------------------------------
| hlo_timing_reorder          |       0 |       0 |        0.05 | 
| hlo_recase_casebox          |       0 |       0 |        0.00 | 
| hlo_infer_macro             |       0 |       4 |        0.00 | 
| hlo_decode_mux_sandwich     |       0 |       0 |        0.00 | 
| hlo_mux_decode              |       0 |       0 |        0.00 | 
| hlo_chop_mux                |       0 |       0 |        0.00 | 
| hlo_mux_cascade_opt         |       0 |       0 |        0.00 | 
| hlo_mux_consolidation       |       0 |       0 |        0.00 | 
| hlo_constant_mux_opt        |       0 |       0 |        0.00 | 
| hlo_inequality_transform    |       0 |       0 |        0.00 | 
| hlo_reconv_opt              |       0 |       0 |        0.00 | 
| hlo_restructure             |       0 |       0 |        0.00 | 
| hlo_identity_transform      |       0 |       0 |        0.00 | 
| hlo_reduce_operator_chain   |       0 |       0 |        0.00 | 
| hlo_mux_cascade_opt         |       0 |       0 |        0.00 | 
| hlo_mux_consolidation       |       0 |       0 |        0.00 | 
| hlo_optimize_datapath       |       0 |       0 |        0.00 | 
| hlo_datapath_recast         |       0 |       0 |        0.00 | 
| hlo_redundancy_removal_word |       0 |       2 |        0.09 | 
| hlo_clip_mux_input          |       0 |       0 |        0.00 | 
| hlo_clip                    |       0 |       0 |        0.00 | 
| hlo_cleanup                 |       0 |       0 |        0.00 | 
-----------------------------------------------------------------
Running Unified Mux Engine Tricks...
Completed Unified Mux Engine Tricks

Stage: post_hlo_rtlopt
----------------------------------------------------------
| Trick                | Accepts | Rejects | Runtime (s) | 
----------------------------------------------------------
| ume_sweep_aggressive |       0 |       0 |        0.00 | 
| ume_runtime          |       0 |       0 |        0.00 | 
----------------------------------------------------------
Number of big hc bmuxes before = 0

==========================
 Sanity Check for PRE-DATAPATH 
==========================
                Boundary check : PASS (TOTAL:   22, PASS:   22, BREAK:    0, SKIPPED:    0)
     Hw code and builder check : PASS (TOTAL:    0, PASS:    0, BREAK:    0, SKIPPED:    0)
 PhaseTable connectivity check : PASS (TOTAL:   13, PASS:   13, BREAK:    0, SKIPPED:    0)
          Rebuildability check : PASS (TOTAL:   11, PASS:   11, BREAK:    0, SKIPPED:    0)
==========================

Info    : Pre-processed datapath logic. [DPOPT-6]
        : No pre-processing optimizations applied to datapath logic in 'pattern_detector'.

==========================
 Sanity Check for POST-PREPARE-NETLIST 
==========================
 PhaseTable connectivity check : PASS
==========================

Info    : Optimizing datapath logic. [DPOPT-1]
        : Optimizing datapath logic in 'pattern_detector'.

==========================
 Sanity Check for POST-TIM-MODEL 
==========================
        Model conversion check : PASS (TOTAL:   23, PASS:   23, BREAK:    0, SKIPPED:    0)
==========================

Info    : Implementing datapath configurations. [DPOPT-3]
        : Implementing datapath configurations for 'CDN_DP_region_1_0'
  CSAGen Prep Share:0 Re-Write:0 Speculation: 0

($signed(in_0) * $signed(in_1))
CDN_DP_region_1_0 level = 0 loads = 0 drivers = 0
CDN_DP_region_1_0_c0 in pattern_detector: area: 5674931800 , DP = 4  Decode = 1  Mux = 1  sg = slow     
    wns: 0  norm_wns:  -1.0000 
    tns:  0
 skipped
CDN_DP_region_1_0_c1 in pattern_detector: area: 5222485450 , CSA = 1  DP = 1  Decode = 1  Mux = 1  sg = fast     
    wns: 0  norm_wns:  -1.0000 
    tns:  0
 is current best
CDN_DP_region_1_0_c2 in pattern_detector: area: 5222485450 , CSA = 1  DP = 1  Decode = 1  Mux = 1  sg = very_slow
    wns: 0  norm_wns:  -1.0000 
    tns:  0
 is current best
CDN_DP_region_1_0_c3 in pattern_detector: area: 5222485450 , CSA = 1  DP = 1  Decode = 1  Mux = 1  sg = very_fast
    wns: 0  norm_wns:  -1.0000 
    tns:  0
 is current best
CDN_DP_region_1_0_c4 in pattern_detector: area: 5222485450 , CSA = 1  DP = 1  Decode = 1  Mux = 1  sg = very_fast
    wns: 0  norm_wns:  -1.0000 
    tns:  0
 is current best
CDN_DP_region_1_0_c5 in pattern_detector: area: 5222485450 , CSA = 1  DP = 1  Decode = 1  Mux = 1  sg = very_fast
    wns: 0  norm_wns:  -1.0000 
    tns:  0
 is current best
CDN_DP_region_1_0_c6 in pattern_detector: area: 5222485450 , CSA = 1  DP = 1  Decode = 1  Mux = 1  sg = very_fast
    wns: 0  norm_wns:  -1.0000 
    tns:  0
 is current best
CDN_DP_region_1_0_c7 in pattern_detector: area: 5222485450 , CSA = 1  DP = 1  Decode = 1  Mux = 1  sg = very_fast
    wns: 0  norm_wns:  -1.0000 
    tns:  0
 is current best
Best config: CDN_DP_region_1_0_c7 in pattern_detector: area: 5222485450 , CSA = 1  DP = 1  Decode = 1  Mux = 1  sg = very_fast
    wns: 0  norm_wns:  -1.0000 
    tns:  0
  Smallest config area : 5222485450.  Fastest config wns;  0
##>+----------------------------------------------------------------------------------------------------------------------------------------------------------------+
##>Summary table of configs (Best config is CDN_DP_region_1_0_c7)
##>+----------------------------------------------------------------------------------------------------------------------------------------------------------------+
##>                     0                  1                  2                  3                  4                  5                  6                  7            
##>+----------------------------------------------------------------------------------------------------------------------------------------------------------------+
##>           Area       5674931800         5222485450         5222485450         5222485450         5222485450         5222485450         5222485450         5222485450  
##>            WNS         +4827.80           +5502.80           +5502.80           +5502.80           +5502.80           +5502.80           +5502.80           +5502.80  
##>            TNS                0                  0                  0                  0                  0                  0                  0                  0  
##>    Num Rewrite                0                  0                  0                  0                  0                  0                  0                  0  
##>      Num Share                0                  0                  0                  0                  0                  0                  0                  0  
##>  Num Speculate                0                  0                  0                  0                  0                  0                  0                  0  
##>        Num CSA                0                  1                  1                  1                  1                  1                  1                  1  
##>         Num DP                4                  1                  1                  1                  1                  1                  1                  1  
##>     Num Decode                1                  1                  1                  1                  1                  1                  1                  1  
##>        Num Mux                1                  1                  1                  1                  1                  1                  1                  1  
##>     Runtime(s)                0                  0                  0                  0                  0                  0                  0                  1  
+----------------------------------------------------------------------------------------------------------------------------------------------------------------+
##>
##>

CSA report for CDN_DP_region_1_0_c7, cover 0 
---------------------------
| POs | Operation   | FRC | 
---------------------------
| 1   | SUB_TC_OP   | -   | 
|     | SUB_TC_OP_1 | -   | 
---------------------------
-------------------------------------------------------------------------------------------
| Input/Output | Driver | Type | Reason | Polarity | Bitwidth | Expression                | 
-------------------------------------------------------------------------------------------
| SUB_TC_OP[0] | in_130 | PI   | -      | signed   | 3        | in_130[2,0]               | 
| SUB_TC_OP[1] | in_133 | PI   | -      | signed   | 3        | in_133[2,0]               | 
| SUB_TC_OP_1  | -      | PO   | -      | signed   | 3        | in_130[2,0]-in_133[2,0]-1 | 
-------------------------------------------------------------------------------------------
 

CSA report for CDN_DP_region_1_0_c7, cover 1 
--------------------------
| POs | Operation  | FRC | 
--------------------------
| 1   | MULT_TC_OP | -   | 
|     | ADD_TC_OP  | -   | 
--------------------------
-----------------------------------------------------------------------------------------------------------------------------
| Input/Output  | Driver                           | Type | Reason | Polarity | Bitwidth | Expression                       | 
-----------------------------------------------------------------------------------------------------------------------------
| MULT_TC_OP[0] | buffer_i_mux_mem[rd_index]_49_19 | PI   | -      | signed   | 16       | buffer_i_mux_mem[rd_index]_49_19 | 
| MULT_TC_OP[1] | in_184                           | PI   | -      | signed   | 16       | in_184[15,0]                     | 
| ADD_TC_OP[1]  | in_168                           | PI   | -      | signed   | 35       | in_168[34,0]                     | 
| ADD_TC_OP     | -                                | PO   | -      | signed   | 35       | buffer_i_mux_mem[rd_index]_49_19 | 
|               |                                  |      |        |          |          | *in_184[15,0]+in_168[34,0]       | 
-----------------------------------------------------------------------------------------------------------------------------
 
##>+-----------------------------------------------------------------------------------------------------------------------------------------------------------------------------------------------------+
##>Optimization Step DEBUG Table for config CDN_DP_region_1_0_c7
##>
##>                          Step                        Area   (  % Chg)         WNS (Change)          TNS (Change)                Power   (  % Chg)        Runtime (s)        Comment                   
##>+-----------------------------------------------------------------------------------------------------------------------------------------------------------------------------------------------------+
##>EquationExtraction              START             5674931800 (       )     4827.80 (        )          0 (        )                    0 (       )              
##> rewrite                        START            22388753750 (+294.52)     4585.20 ( -242.60)          0 (       0)                    0 (  +0.00)              (a,ar) Expr0_from --> Expr0_to
##>                                  END            22422120000 (  +0.15)     4335.40 ( -249.80)          0 (       0)                    0 (  +0.00)           0  
##> rewrite                        START            22422120000 (  +0.00)     4335.40 (   +0.00)          0 (       0)                    0 (  +0.00)              (a,ar) Expr1_from --> Expr1_to
##>                                  END            11021539700 ( -50.85)     4826.10 ( +490.70)          0 (       0)                    0 (  +0.00)           0  
##>                                  END             5724313850 (  +0.87)     4829.40 (   +1.60)          0 (       0)                    0 (  +0.00)           0  
##>createMaxCarrySave              START             5724313850 (  +0.00)     4829.40 (   +0.00)          0 (       0)                    0 (  +0.00)              
##> datapath_rewrite_one_def       START             5724313850 (  +0.00)     4829.40 (   +0.00)          0 (       0)                    0 (  +0.00)              
##>                                  END             5724313850 (  +0.00)     4829.40 (   +0.00)          0 (       0)                    0 (  +0.00)           0  
##> speculate_in_gdef              START             5724313850 (  +0.00)     4829.40 (   +0.00)          0 (       0)                    0 (  +0.00)              
##>  pre_speculate_mux_merge       START             5724313850 (  +0.00)     4829.40 (   +0.00)          0 (       0)                    0 (  +0.00)              
##>                                  END             5724313850 (  +0.00)     4829.40 (   +0.00)          0 (       0)                    0 (  +0.00)           0  
##>                                  END             5724313850 (  +0.00)     4829.40 (   +0.00)          0 (       0)                    0 (  +0.00)           0  
##> csa_opto                       START             5724313850 (  +0.00)     4829.40 (   +0.00)          0 (       0)                    0 (  +0.00)              
##>                                  END             5233162650 (  -8.58)     5508.20 ( +678.80)          0 (       0)                    0 (  +0.00)           0  
##>                                  END             5233162650 (  -8.58)     5508.20 ( +678.80)          0 (       0)                    0 (  +0.00)           0  
##>canonicalize_by_names           START             5233162650 (  +0.00)     5508.20 (   +0.00)          0 (       0)                    0 (  +0.00)              
##>                                  END             5233162650 (  +0.00)     5508.20 (   +0.00)          0 (       0)                    0 (  +0.00)           0  
##>datapath_rewrite_post_csa_one_  START             5233162650 (  +0.00)     5508.20 (   +0.00)          0 (       0)                    0 (  +0.00)              
##>                                  END             5233162650 (  +0.00)     5508.20 (   +0.00)          0 (       0)                    0 (  +0.00)           0  
##>datapath_csa_factoring_one_gde  START             5233162650 (  +0.00)     5508.20 (   +0.00)          0 (       0)                    0 (  +0.00)              
##>                                  END             5233162650 (  +0.00)     5508.20 (   +0.00)          0 (       0)                    0 (  +0.00)           0  
##>dpopt_share_one_def             START             5233162650 (  +0.00)     5508.20 (   +0.00)          0 (       0)                    0 (  +0.00)              
##>                                  END             5233162650 (  +0.00)     5508.20 (   +0.00)          0 (       0)                    0 (  +0.00)           0  
##>datapath_rewrite_post_share     START             5233162650 (  +0.00)     5508.20 (   +0.00)          0 (       0)                    0 (  +0.00)              
##>                                  END             5233162650 (  +0.00)     5508.20 (   +0.00)          0 (       0)                    0 (  +0.00)           0  
##>dp_combine_const_mult_with_com  START             5233162650 (  +0.00)     5508.20 (   +0.00)          0 (       0)                    0 (  +0.00)              
##>                                  END             5233162650 (  +0.00)     5508.20 (   +0.00)          0 (       0)                    0 (  +0.00)           0  
##>speculate_in_gdef               START             5233162650 (  +0.00)     5508.20 (   +0.00)          0 (       0)                    0 (  +0.00)              
##> pre_speculate_mux_merge        START             5233162650 (  +0.00)     5508.20 (   +0.00)          0 (       0)                    0 (  +0.00)              
##>                                  END             5233162650 (  +0.00)     5508.20 (   +0.00)          0 (       0)                    0 (  +0.00)           0  
##>                                  END             5233162650 (  +0.00)     5508.20 (   +0.00)          0 (       0)                    0 (  +0.00)           0  
##>dp_operator_level_decompositio  START             5233162650 (  +0.00)     5508.20 (   +0.00)          0 (       0)                    0 (  +0.00)              
##>                                  END             5233162650 (  +0.00)     5508.20 (   +0.00)          0 (       0)                    0 (  +0.00)           0  
##>selective_flatten_dp_config     START             5233162650 (  +0.00)     5508.20 (   +0.00)          0 (       0)                    0 (  +0.00)              
##>                                  END             5233162650 (  +0.00)     5508.20 (   +0.00)          0 (       0)                    0 (  +0.00)           0  
##>createMaxCarrySave              START             5233162650 (  +0.00)     5508.20 (   +0.00)          0 (       0)                    0 (  +0.00)              
##> datapath_rewrite_one_def       START             5233162650 (  +0.00)     5508.20 (   +0.00)          0 (       0)                    0 (  +0.00)              
##>  fast_cse_elim                 START             5233162650 (  +0.00)     5508.20 (   +0.00)          0 (       0)                    0 (  +0.00)              
##>                                  END             5233162650 (  +0.00)     5508.20 (   +0.00)          0 (       0)                    0 (  +0.00)           0  
##>  fast_cse_elim                 START             5233162650 (  +0.00)     5508.20 (   +0.00)          0 (       0)                    0 (  +0.00)              
##>                                  END             5233162650 (  +0.00)     5508.20 (   +0.00)          0 (       0)                    0 (  +0.00)           0  
##>                                  END             5233162650 (  +0.00)     5508.20 (   +0.00)          0 (       0)                    0 (  +0.00)           0  
##> speculate_in_gdef              START             5233162650 (  +0.00)     5508.20 (   +0.00)          0 (       0)                    0 (  +0.00)              
##>  pre_speculate_mux_merge       START             5233162650 (  +0.00)     5508.20 (   +0.00)          0 (       0)                    0 (  +0.00)              
##>                                  END             5233162650 (  +0.00)     5508.20 (   +0.00)          0 (       0)                    0 (  +0.00)           0  
##>                                  END             5233162650 (  +0.00)     5508.20 (   +0.00)          0 (       0)                    0 (  +0.00)           0  
##> csa_opto                       START             5233162650 (  +0.00)     5508.20 (   +0.00)          0 (       0)                    0 (  +0.00)              
##>                                  END             5233162650 (  +0.00)     5508.20 (   +0.00)          0 (       0)                    0 (  +0.00)           0  
##>                                  END             5233162650 (  +0.00)     5508.20 (   +0.00)          0 (       0)                    0 (  +0.00)           0  
##>context_based_simplify          START             5222485450 (  -0.20)     5508.20 (   +0.00)          0 (       0)                    0 (  +0.00)              
##>                                  END             5222485450 (  +0.00)     5508.20 (   +0.00)          0 (       0)                    0 (  +0.00)           0  
##>group_csa_final_adder_dp        START             5222485450 (  +0.00)     5508.20 (   +0.00)          0 (       0)                    0 (  +0.00)              
##>                                  END             5222485450 (  +0.00)     5502.80 (   -5.40)          0 (       0)                    0 (  +0.00)           0  
##>dpopt_flatten_critical_muxes_i  START             5222485450 (  +0.00)     5502.80 (   +0.00)          0 (       0)                    0 (  +0.00)              
##>                                  END             5222485450 (  +0.00)     5502.80 (   +0.00)          0 (       0)                    0 (  +0.00)           0  
##>speculate_in_gdef               START             5222485450 (  +0.00)     5502.80 (   +0.00)          0 (       0)                    0 (  +0.00)              
##> pre_speculate_mux_merge        START             5222485450 (  +0.00)     5502.80 (   +0.00)          0 (       0)                    0 (  +0.00)              
##>                                  END             5222485450 (  +0.00)     5502.80 (   +0.00)          0 (       0)                    0 (  +0.00)           0  
##>                                  END             5222485450 (  +0.00)     5502.80 (   +0.00)          0 (       0)                    0 (  +0.00)           0  
##>create_score                    START             5222485450 (  +0.00)     5502.80 (   +0.00)          0 (       0)                    0 (  +0.00)              
##>                                  END             5222485450 (  +0.00)     5502.80 (   +0.00)          0 (       0)                    0 (  +0.00)           0  
##>+-----------------------------------------------------------------------------------------------------------------------------------------------------------------------------------------------------+
Committed config: CDN_DP_region_1_0_c7
Info    : Done implementing datapath configurations. [DPOPT-4]
        : Selected 'very_fast' configuration 7 for module 'CDN_DP_region_1_0_c7'.
          Optimizations applied to 'very_fast' configuration:
            rewriting(0), factoring(0), sharing(0), cmultcse(0), downsizing(0), speculation(0)
Info    : Implementing datapath configurations. [DPOPT-3]
        : Implementing datapath configurations for 'CDN_DP_region_0_0'
  CSAGen Prep Share:0 Re-Write:0 Speculation: 0

CDN_DP_region_0_0 level = 0 loads = 0 drivers = 0
CDN_DP_region_0_0_c0 in fsm_N8_NLOG23: area: 240237000 , DP = 1  Decode = 1  Mux = 7  ctl_case = 1  other = 6  sg = slow     
    wns: 0  norm_wns:  -1.0000 
    tns:  0
 skipped
CDN_DP_region_0_0_c1 in fsm_N8_NLOG23: area: 236233050 , DP = 1  Decode = 1  Mux = 7  other = 14  sg = fast     
    wns: 0  norm_wns:  -1.0000 
    tns:  0
 is current best
CDN_DP_region_0_0_c2 in fsm_N8_NLOG23: area: 236233050 , DP = 1  Decode = 1  Mux = 7  other = 14  sg = very_slow
    wns: 0  norm_wns:  -1.0000 
    tns:  0
 is current best
CDN_DP_region_0_0_c3 in fsm_N8_NLOG23: area: 236233050 , DP = 1  Decode = 1  Mux = 7  other = 14  sg = very_fast
    wns: 0  norm_wns:  -1.0000 
    tns:  0
 is current best
CDN_DP_region_0_0_c4 in fsm_N8_NLOG23: area: 236233050 , DP = 1  Decode = 1  Mux = 7  other = 14  sg = very_fast
    wns: 0  norm_wns:  -1.0000 
    tns:  0
 is current best
CDN_DP_region_0_0_c5 in fsm_N8_NLOG23: area: 236233050 , DP = 1  Decode = 1  Mux = 7  other = 14  sg = very_fast
    wns: 0  norm_wns:  -1.0000 
    tns:  0
 is current best
CDN_DP_region_0_0_c6 in fsm_N8_NLOG23: area: 236233050 , DP = 1  Decode = 1  Mux = 7  other = 14  sg = very_fast
    wns: 0  norm_wns:  -1.0000 
    tns:  0
 is current best
CDN_DP_region_0_0_c7 in fsm_N8_NLOG23: area: 236233050 , DP = 1  Decode = 1  Mux = 7  other = 14  sg = very_fast
    wns: 0  norm_wns:  -1.0000 
    tns:  0
 is current best
Best config: CDN_DP_region_0_0_c7 in fsm_N8_NLOG23: area: 236233050 , DP = 1  Decode = 1  Mux = 7  other = 14  sg = very_fast
    wns: 0  norm_wns:  -1.0000 
    tns:  0
  Smallest config area : 236233050.  Fastest config wns;  0
##>+----------------------------------------------------------------------------------------------------------------------------------------------------------------+
##>Summary table of configs (Best config is CDN_DP_region_0_0_c7)
##>+----------------------------------------------------------------------------------------------------------------------------------------------------------------+
##>                     0                  1                  2                  3                  4                  5                  6                  7            
##>+----------------------------------------------------------------------------------------------------------------------------------------------------------------+
##>           Area        240237000          236233050          236233050          236233050          236233050          236233050          236233050          236233050  
##>            WNS         +6164.90           +6164.90           +6164.90           +6164.90           +6164.90           +6164.90           +6164.90           +6164.90  
##>            TNS                0                  0                  0                  0                  0                  0                  0                  0  
##>    Num Rewrite                0                  0                  0                  0                  0                  0                  0                  0  
##>      Num Share                0                  0                  0                  0                  0                  0                  0                  0  
##>  Num Speculate                0                  0                  0                  0                  0                  0                  0                  0  
##>         Num DP                1                  1                  1                  1                  1                  1                  1                  1  
##>     Num Decode                1                  1                  1                  1                  1                  1                  1                  1  
##>        Num Mux                7                  7                  7                  7                  7                  7                  7                  7  
##>   Num ctl_case                1                  0                  0                  0                  0                  0                  0                  0  
##>      Num other                6                 14                 14                 14                 14                 14                 14                 14  
##>     Runtime(s)                0                  0                  0                  0                  0                  0                  0                  0  
+----------------------------------------------------------------------------------------------------------------------------------------------------------------+
##>
##>
##>+-----------------------------------------------------------------------------------------------------------------------------------------------------------------------------------------------------+
##>Optimization Step DEBUG Table for config CDN_DP_region_0_0_c7
##>
##>                          Step                        Area   (  % Chg)         WNS (Change)          TNS (Change)                Power   (  % Chg)        Runtime (s)        Comment                   
##>+-----------------------------------------------------------------------------------------------------------------------------------------------------------------------------------------------------+
##>EquationExtraction              START              240237000 (       )     6164.90 (        )          0 (        )                    0 (       )              
##> rewrite                        START              252248850 (  +5.00)     6145.60 (  -19.30)          0 (       0)                    0 (  +0.00)              (a,ar) Expr2_from --> Expr2_to
##>                                  END              278941850 ( +10.58)     6145.60 (   +0.00)          0 (       0)                    0 (  +0.00)           0  
##>                                  END              240237000 (  +0.00)     6164.90 (   +0.00)          0 (       0)                    0 (  +0.00)           0  
##>createMaxCarrySave              START              240237000 (  +0.00)     6164.90 (   +0.00)          0 (       0)                    0 (  +0.00)              
##> datapath_rewrite_one_def       START              240237000 (  +0.00)     6164.90 (   +0.00)          0 (       0)                    0 (  +0.00)              
##>                                  END              240237000 (  +0.00)     6164.90 (   +0.00)          0 (       0)                    0 (  +0.00)           0  
##> csa_opto                       START              240237000 (  +0.00)     6164.90 (   +0.00)          0 (       0)                    0 (  +0.00)              
##>                                  END              237567700 (  -1.11)     6164.90 (   +0.00)          0 (       0)                    0 (  +0.00)           0  
##>                                  END              237567700 (  -1.11)     6164.90 (   +0.00)          0 (       0)                    0 (  +0.00)           0  
##>canonicalize_by_names           START              237567700 (  +0.00)     6164.90 (   +0.00)          0 (       0)                    0 (  +0.00)              
##>                                  END              237567700 (  +0.00)     6164.90 (   +0.00)          0 (       0)                    0 (  +0.00)           0  
##>datapath_rewrite_post_csa_one_  START              237567700 (  +0.00)     6164.90 (   +0.00)          0 (       0)                    0 (  +0.00)              
##>                                  END              237567700 (  +0.00)     6164.90 (   +0.00)          0 (       0)                    0 (  +0.00)           0  
##>datapath_csa_factoring_one_gde  START              237567700 (  +0.00)     6164.90 (   +0.00)          0 (       0)                    0 (  +0.00)              
##>                                  END              237567700 (  +0.00)     6164.90 (   +0.00)          0 (       0)                    0 (  +0.00)           0  
##>dpopt_share_one_def             START              237567700 (  +0.00)     6164.90 (   +0.00)          0 (       0)                    0 (  +0.00)              
##>                                  END              237567700 (  +0.00)     6164.90 (   +0.00)          0 (       0)                    0 (  +0.00)           0  
##>datapath_rewrite_post_share     START              237567700 (  +0.00)     6164.90 (   +0.00)          0 (       0)                    0 (  +0.00)              
##>                                  END              237567700 (  +0.00)     6164.90 (   +0.00)          0 (       0)                    0 (  +0.00)           0  
##>dp_combine_const_mult_with_com  START              237567700 (  +0.00)     6164.90 (   +0.00)          0 (       0)                    0 (  +0.00)              
##>                                  END              237567700 (  +0.00)     6164.90 (   +0.00)          0 (       0)                    0 (  +0.00)           0  
##>dp_operator_level_decompositio  START              237567700 (  +0.00)     6164.90 (   +0.00)          0 (       0)                    0 (  +0.00)              
##>                                  END              237567700 (  +0.00)     6164.90 (   +0.00)          0 (       0)                    0 (  +0.00)           0  
##>selective_flatten_dp_config     START              237567700 (  +0.00)     6164.90 (   +0.00)          0 (       0)                    0 (  +0.00)              
##>                                  END              237567700 (  +0.00)     6164.90 (   +0.00)          0 (       0)                    0 (  +0.00)           0  
##>createMaxCarrySave              START              237567700 (  +0.00)     6164.90 (   +0.00)          0 (       0)                    0 (  +0.00)              
##> datapath_rewrite_one_def       START              237567700 (  +0.00)     6164.90 (   +0.00)          0 (       0)                    0 (  +0.00)              
##>  fast_cse_elim                 START              237567700 (  +0.00)     6164.90 (   +0.00)          0 (       0)                    0 (  +0.00)              
##>                                  END              237567700 (  +0.00)     6164.90 (   +0.00)          0 (       0)                    0 (  +0.00)           0  
##>  fast_cse_elim                 START              237567700 (  +0.00)     6164.90 (   +0.00)          0 (       0)                    0 (  +0.00)              
##>                                  END              237567700 (  +0.00)     6164.90 (   +0.00)          0 (       0)                    0 (  +0.00)           0  
##>                                  END              237567700 (  +0.00)     6164.90 (   +0.00)          0 (       0)                    0 (  +0.00)           0  
##> csa_opto                       START              237567700 (  +0.00)     6164.90 (   +0.00)          0 (       0)                    0 (  +0.00)              
##>                                  END              237567700 (  +0.00)     6164.90 (   +0.00)          0 (       0)                    0 (  +0.00)           0  
##>                                  END              237567700 (  +0.00)     6164.90 (   +0.00)          0 (       0)                    0 (  +0.00)           0  
##>context_based_simplify          START              237567700 (  +0.00)     6164.90 (   +0.00)          0 (       0)                    0 (  +0.00)              
##>                                  END              236233050 (  -0.56)     6164.90 (   +0.00)          0 (       0)                    0 (  +0.00)           0  
##>group_csa_final_adder_dp        START              236233050 (  +0.00)     6164.90 (   +0.00)          0 (       0)                    0 (  +0.00)              
##>                                  END              236233050 (  +0.00)     6164.90 (   +0.00)          0 (       0)                    0 (  +0.00)           0  
##>dpopt_flatten_critical_muxes_i  START              236233050 (  +0.00)     6164.90 (   +0.00)          0 (       0)                    0 (  +0.00)              
##>                                  END              236233050 (  +0.00)     6164.90 (   +0.00)          0 (       0)                    0 (  +0.00)           0  
##>create_score                    START              236233050 (  +0.00)     6164.90 (   +0.00)          0 (       0)                    0 (  +0.00)              
##>                                  END              236233050 (  +0.00)     6164.90 (   +0.00)          0 (       0)                    0 (  +0.00)           0  
##>+-----------------------------------------------------------------------------------------------------------------------------------------------------------------------------------------------------+
Committed config: CDN_DP_region_0_0_c7
Info    : Done implementing datapath configurations. [DPOPT-4]
        : Selected 'very_fast' configuration 7 for module 'CDN_DP_region_0_0_c7'.
          Optimizations applied to 'very_fast' configuration:
            rewriting(0), factoring(0), sharing(0), cmultcse(0), downsizing(0), speculation(0)
Info    : Implementing datapath configurations. [DPOPT-3]
        : Implementing datapath configurations for 'CDN_DP_region_1_1'
  CSAGen Prep Share:0 Re-Write:0 Speculation: 0

CDN_DP_region_1_1 level = 0 loads = 0 drivers = 0
CDN_DP_region_1_1_c0 in pattern_detector: area: 49382050 , DP = 1  Mux = 3  other = 4  sg = slow     
    wns: 0  norm_wns:  -1.0000 
    tns:  0
 skipped
CDN_DP_region_1_1_c1 in pattern_detector: area: 45378100 , DP = 1  Mux = 3  other = 4  sg = fast     
    wns: 0  norm_wns:  -1.0000 
    tns:  0
 is current best
CDN_DP_region_1_1_c2 in pattern_detector: area: 45378100 , DP = 1  Mux = 3  other = 4  sg = very_slow
    wns: 0  norm_wns:  -1.0000 
    tns:  0
 is current best
CDN_DP_region_1_1_c3 in pattern_detector: area: 45378100 , DP = 1  Mux = 3  other = 4  sg = very_fast
    wns: 0  norm_wns:  -1.0000 
    tns:  0
 is current best
CDN_DP_region_1_1_c4 in pattern_detector: area: 45378100 , DP = 1  Mux = 3  other = 4  sg = very_fast
    wns: 0  norm_wns:  -1.0000 
    tns:  0
 is current best
CDN_DP_region_1_1_c5 in pattern_detector: area: 45378100 , DP = 1  Mux = 3  other = 4  sg = very_fast
    wns: 0  norm_wns:  -1.0000 
    tns:  0
 is current best
CDN_DP_region_1_1_c6 in pattern_detector: area: 45378100 , DP = 1  Mux = 3  other = 4  sg = very_fast
    wns: 0  norm_wns:  -1.0000 
    tns:  0
 is current best
CDN_DP_region_1_1_c7 in pattern_detector: area: 45378100 , DP = 1  Mux = 3  other = 4  sg = very_fast
    wns: 0  norm_wns:  -1.0000 
    tns:  0
 is current best
Best config: CDN_DP_region_1_1_c7 in pattern_detector: area: 45378100 , DP = 1  Mux = 3  other = 4  sg = very_fast
    wns: 0  norm_wns:  -1.0000 
    tns:  0
  Smallest config area : 45378100.  Fastest config wns;  0
##>+----------------------------------------------------------------------------------------------------------------------------------------------------------------+
##>Summary table of configs (Best config is CDN_DP_region_1_1_c7)
##>+----------------------------------------------------------------------------------------------------------------------------------------------------------------+
##>                     0                  1                  2                  3                  4                  5                  6                  7            
##>+----------------------------------------------------------------------------------------------------------------------------------------------------------------+
##>           Area         49382050           45378100           45378100           45378100           45378100           45378100           45378100           45378100  
##>            WNS         +8876.40           +8877.00           +8877.00           +8877.00           +8877.00           +8877.00           +8877.00           +8877.00  
##>            TNS                0                  0                  0                  0                  0                  0                  0                  0  
##>    Num Rewrite                0                  0                  0                  0                  0                  0                  0                  0  
##>      Num Share                0                  0                  0                  0                  0                  0                  0                  0  
##>  Num Speculate                0                  0                  0                  0                  0                  0                  0                  0  
##>         Num DP                1                  1                  1                  1                  1                  1                  1                  1  
##>        Num Mux                3                  3                  3                  3                  3                  3                  3                  3  
##>      Num other                4                  4                  4                  4                  4                  4                  4                  4  
##>     Runtime(s)                0                  0                  0                  0                  0                  0                  0                  0  
+----------------------------------------------------------------------------------------------------------------------------------------------------------------+
##>
##>
##>+-----------------------------------------------------------------------------------------------------------------------------------------------------------------------------------------------------+
##>Optimization Step DEBUG Table for config CDN_DP_region_1_1_c7
##>
##>                          Step                        Area   (  % Chg)         WNS (Change)          TNS (Change)                Power   (  % Chg)        Runtime (s)        Comment                   
##>+-----------------------------------------------------------------------------------------------------------------------------------------------------------------------------------------------------+
##>EquationExtraction              START               49382050 (       )     8876.40 (        )          0 (        )                    0 (       )              
##> rewrite                        START               61393900 ( +24.32)     8861.30 (  -15.10)          0 (       0)                    0 (  +0.00)              (a,ar) Expr3_from --> Expr3_to
##>                                  END               88086900 ( +43.48)     8861.30 (   +0.00)          0 (       0)                    0 (  +0.00)           0  
##>                                  END               49382050 (  +0.00)     8876.40 (   +0.00)          0 (       0)                    0 (  +0.00)           0  
##>createMaxCarrySave              START               49382050 (  +0.00)     8876.40 (   +0.00)          0 (       0)                    0 (  +0.00)              
##> datapath_rewrite_one_def       START               49382050 (  +0.00)     8876.40 (   +0.00)          0 (       0)                    0 (  +0.00)              
##>                                  END               49382050 (  +0.00)     8876.40 (   +0.00)          0 (       0)                    0 (  +0.00)           0  
##> csa_opto                       START               49382050 (  +0.00)     8876.40 (   +0.00)          0 (       0)                    0 (  +0.00)              
##>                                  END               46712750 (  -5.41)     8876.40 (   +0.00)          0 (       0)                    0 (  +0.00)           0  
##>                                  END               46712750 (  -5.41)     8876.40 (   +0.00)          0 (       0)                    0 (  +0.00)           0  
##>canonicalize_by_names           START               46712750 (  +0.00)     8876.40 (   +0.00)          0 (       0)                    0 (  +0.00)              
##>                                  END               46712750 (  +0.00)     8876.40 (   +0.00)          0 (       0)                    0 (  +0.00)           0  
##>datapath_rewrite_post_csa_one_  START               46712750 (  +0.00)     8876.40 (   +0.00)          0 (       0)                    0 (  +0.00)              
##>                                  END               46712750 (  +0.00)     8876.40 (   +0.00)          0 (       0)                    0 (  +0.00)           0  
##>datapath_csa_factoring_one_gde  START               46712750 (  +0.00)     8876.40 (   +0.00)          0 (       0)                    0 (  +0.00)              
##>                                  END               46712750 (  +0.00)     8876.40 (   +0.00)          0 (       0)                    0 (  +0.00)           0  
##>dpopt_share_one_def             START               46712750 (  +0.00)     8876.40 (   +0.00)          0 (       0)                    0 (  +0.00)              
##>                                  END               46712750 (  +0.00)     8876.40 (   +0.00)          0 (       0)                    0 (  +0.00)           0  
##>datapath_rewrite_post_share     START               46712750 (  +0.00)     8876.40 (   +0.00)          0 (       0)                    0 (  +0.00)              
##>                                  END               46712750 (  +0.00)     8876.40 (   +0.00)          0 (       0)                    0 (  +0.00)           0  
##>dp_combine_const_mult_with_com  START               46712750 (  +0.00)     8876.40 (   +0.00)          0 (       0)                    0 (  +0.00)              
##>                                  END               46712750 (  +0.00)     8876.40 (   +0.00)          0 (       0)                    0 (  +0.00)           0  
##>dp_operator_level_decompositio  START               46712750 (  +0.00)     8876.40 (   +0.00)          0 (       0)                    0 (  +0.00)              
##>                                  END               46712750 (  +0.00)     8876.40 (   +0.00)          0 (       0)                    0 (  +0.00)           0  
##>selective_flatten_dp_config     START               46712750 (  +0.00)     8876.40 (   +0.00)          0 (       0)                    0 (  +0.00)              
##>                                  END               46712750 (  +0.00)     8876.40 (   +0.00)          0 (       0)                    0 (  +0.00)           0  
##>createMaxCarrySave              START               46712750 (  +0.00)     8876.40 (   +0.00)          0 (       0)                    0 (  +0.00)              
##> datapath_rewrite_one_def       START               46712750 (  +0.00)     8876.40 (   +0.00)          0 (       0)                    0 (  +0.00)              
##>  fast_cse_elim                 START               46712750 (  +0.00)     8876.40 (   +0.00)          0 (       0)                    0 (  +0.00)              
##>                                  END               46712750 (  +0.00)     8876.40 (   +0.00)          0 (       0)                    0 (  +0.00)           0  
##>  fast_cse_elim                 START               46712750 (  +0.00)     8876.40 (   +0.00)          0 (       0)                    0 (  +0.00)              
##>                                  END               46712750 (  +0.00)     8876.40 (   +0.00)          0 (       0)                    0 (  +0.00)           0  
##>                                  END               46712750 (  +0.00)     8876.40 (   +0.00)          0 (       0)                    0 (  +0.00)           0  
##> csa_opto                       START               46712750 (  +0.00)     8876.40 (   +0.00)          0 (       0)                    0 (  +0.00)              
##>                                  END               46712750 (  +0.00)     8876.40 (   +0.00)          0 (       0)                    0 (  +0.00)           0  
##>                                  END               46712750 (  +0.00)     8876.40 (   +0.00)          0 (       0)                    0 (  +0.00)           0  
##>context_based_simplify          START               46712750 (  +0.00)     8876.40 (   +0.00)          0 (       0)                    0 (  +0.00)              
##>                                  END               45378100 (  -2.86)     8877.00 (   +0.60)          0 (       0)                    0 (  +0.00)           0  
##>group_csa_final_adder_dp        START               45378100 (  +0.00)     8877.00 (   +0.00)          0 (       0)                    0 (  +0.00)              
##>                                  END               45378100 (  +0.00)     8877.00 (   +0.00)          0 (       0)                    0 (  +0.00)           0  
##>dpopt_flatten_critical_muxes_i  START               45378100 (  +0.00)     8877.00 (   +0.00)          0 (       0)                    0 (  +0.00)              
##>                                  END               45378100 (  +0.00)     8877.00 (   +0.00)          0 (       0)                    0 (  +0.00)           0  
##>create_score                    START               45378100 (  +0.00)     8877.00 (   +0.00)          0 (       0)                    0 (  +0.00)              
##>                                  END               45378100 (  +0.00)     8877.00 (   +0.00)          0 (       0)                    0 (  +0.00)           0  
##>+-----------------------------------------------------------------------------------------------------------------------------------------------------------------------------------------------------+
Committed config: CDN_DP_region_1_1_c7
Info    : Done implementing datapath configurations. [DPOPT-4]
        : Selected 'very_fast' configuration 7 for module 'CDN_DP_region_1_1_c7'.
          Optimizations applied to 'very_fast' configuration:
            rewriting(0), factoring(0), sharing(0), cmultcse(0), downsizing(0), speculation(0)
Info    : Implementing datapath configurations. [DPOPT-3]
        : Implementing datapath configurations for 'CDN_DP_region_1_2'
  CSAGen Prep Share:0 Re-Write:0 Speculation: 0

CDN_DP_region_1_2 level = 0 loads = 0 drivers = 0
CDN_DP_region_1_2_c0 in pattern_detector: area: 34700900 , DP = 1  Mux = 1  other = 2  sg = slow     
    wns: 0  norm_wns:  -1.0000 
    tns:  0
 skipped
CDN_DP_region_1_2_c1 in pattern_detector: area: 30696950 , DP = 1  Mux = 1  other = 2  sg = fast     
    wns: 0  norm_wns:  -1.0000 
    tns:  0
 is current best
CDN_DP_region_1_2_c2 in pattern_detector: area: 30696950 , DP = 1  Mux = 1  other = 2  sg = very_slow
    wns: 0  norm_wns:  -1.0000 
    tns:  0
 is current best
CDN_DP_region_1_2_c3 in pattern_detector: area: 30696950 , DP = 1  Mux = 1  other = 2  sg = very_fast
    wns: 0  norm_wns:  -1.0000 
    tns:  0
 is current best
CDN_DP_region_1_2_c4 in pattern_detector: area: 30696950 , DP = 1  Mux = 1  other = 2  sg = very_fast
    wns: 0  norm_wns:  -1.0000 
    tns:  0
 is current best
CDN_DP_region_1_2_c5 in pattern_detector: area: 30696950 , DP = 1  Mux = 1  other = 2  sg = very_fast
    wns: 0  norm_wns:  -1.0000 
    tns:  0
 is current best
CDN_DP_region_1_2_c6 in pattern_detector: area: 30696950 , DP = 1  Mux = 1  other = 2  sg = very_fast
    wns: 0  norm_wns:  -1.0000 
    tns:  0
 is current best
CDN_DP_region_1_2_c7 in pattern_detector: area: 30696950 , DP = 1  Mux = 1  other = 2  sg = very_fast
    wns: 0  norm_wns:  -1.0000 
    tns:  0
 is current best
Best config: CDN_DP_region_1_2_c7 in pattern_detector: area: 30696950 , DP = 1  Mux = 1  other = 2  sg = very_fast
    wns: 0  norm_wns:  -1.0000 
    tns:  0
  Smallest config area : 30696950.  Fastest config wns;  0
##>+----------------------------------------------------------------------------------------------------------------------------------------------------------------+
##>Summary table of configs (Best config is CDN_DP_region_1_2_c7)
##>+----------------------------------------------------------------------------------------------------------------------------------------------------------------+
##>                     0                  1                  2                  3                  4                  5                  6                  7            
##>+----------------------------------------------------------------------------------------------------------------------------------------------------------------+
##>           Area         34700900           30696950           30696950           30696950           30696950           30696950           30696950           30696950  
##>            WNS         +6174.30           +6174.30           +6174.30           +6174.30           +6174.30           +6174.30           +6174.30           +6174.30  
##>            TNS                0                  0                  0                  0                  0                  0                  0                  0  
##>    Num Rewrite                0                  0                  0                  0                  0                  0                  0                  0  
##>      Num Share                0                  0                  0                  0                  0                  0                  0                  0  
##>  Num Speculate                0                  0                  0                  0                  0                  0                  0                  0  
##>         Num DP                1                  1                  1                  1                  1                  1                  1                  1  
##>        Num Mux                1                  1                  1                  1                  1                  1                  1                  1  
##>      Num other                2                  2                  2                  2                  2                  2                  2                  2  
##>     Runtime(s)                0                  0                  0                  0                  0                  0                  0                  0  
+----------------------------------------------------------------------------------------------------------------------------------------------------------------+
##>
##>
##>+-----------------------------------------------------------------------------------------------------------------------------------------------------------------------------------------------------+
##>Optimization Step DEBUG Table for config CDN_DP_region_1_2_c7
##>
##>                          Step                        Area   (  % Chg)         WNS (Change)          TNS (Change)                Power   (  % Chg)        Runtime (s)        Comment                   
##>+-----------------------------------------------------------------------------------------------------------------------------------------------------------------------------------------------------+
##>EquationExtraction              START               34700900 (       )     6174.30 (        )          0 (        )                    0 (       )              
##> rewrite                        START               46712750 ( +34.62)     6160.30 (  -14.00)          0 (       0)                    0 (  +0.00)              (a,ar) Expr4_from --> Expr4_to
##>                                  END               73405750 ( +57.14)     6160.30 (   +0.00)          0 (       0)                    0 (  +0.00)           0  
##>                                  END               34700900 (  +0.00)     6174.30 (   +0.00)          0 (       0)                    0 (  +0.00)           0  
##>createMaxCarrySave              START               34700900 (  +0.00)     6174.30 (   +0.00)          0 (       0)                    0 (  +0.00)              
##> datapath_rewrite_one_def       START               34700900 (  +0.00)     6174.30 (   +0.00)          0 (       0)                    0 (  +0.00)              
##>                                  END               34700900 (  +0.00)     6174.30 (   +0.00)          0 (       0)                    0 (  +0.00)           0  
##> csa_opto                       START               34700900 (  +0.00)     6174.30 (   +0.00)          0 (       0)                    0 (  +0.00)              
##>                                  END               32031600 (  -7.69)     6174.30 (   +0.00)          0 (       0)                    0 (  +0.00)           0  
##>                                  END               32031600 (  -7.69)     6174.30 (   +0.00)          0 (       0)                    0 (  +0.00)           0  
##>canonicalize_by_names           START               32031600 (  +0.00)     6174.30 (   +0.00)          0 (       0)                    0 (  +0.00)              
##>                                  END               32031600 (  +0.00)     6174.30 (   +0.00)          0 (       0)                    0 (  +0.00)           0  
##>datapath_rewrite_post_csa_one_  START               32031600 (  +0.00)     6174.30 (   +0.00)          0 (       0)                    0 (  +0.00)              
##>                                  END               32031600 (  +0.00)     6174.30 (   +0.00)          0 (       0)                    0 (  +0.00)           0  
##>datapath_csa_factoring_one_gde  START               32031600 (  +0.00)     6174.30 (   +0.00)          0 (       0)                    0 (  +0.00)              
##>                                  END               32031600 (  +0.00)     6174.30 (   +0.00)          0 (       0)                    0 (  +0.00)           0  
##>dpopt_share_one_def             START               32031600 (  +0.00)     6174.30 (   +0.00)          0 (       0)                    0 (  +0.00)              
##>                                  END               32031600 (  +0.00)     6174.30 (   +0.00)          0 (       0)                    0 (  +0.00)           0  
##>datapath_rewrite_post_share     START               32031600 (  +0.00)     6174.30 (   +0.00)          0 (       0)                    0 (  +0.00)              
##>                                  END               32031600 (  +0.00)     6174.30 (   +0.00)          0 (       0)                    0 (  +0.00)           0  
##>dp_combine_const_mult_with_com  START               32031600 (  +0.00)     6174.30 (   +0.00)          0 (       0)                    0 (  +0.00)              
##>                                  END               32031600 (  +0.00)     6174.30 (   +0.00)          0 (       0)                    0 (  +0.00)           0  
##>dp_operator_level_decompositio  START               32031600 (  +0.00)     6174.30 (   +0.00)          0 (       0)                    0 (  +0.00)              
##>                                  END               32031600 (  +0.00)     6174.30 (   +0.00)          0 (       0)                    0 (  +0.00)           0  
##>selective_flatten_dp_config     START               32031600 (  +0.00)     6174.30 (   +0.00)          0 (       0)                    0 (  +0.00)              
##>                                  END               32031600 (  +0.00)     6174.30 (   +0.00)          0 (       0)                    0 (  +0.00)           0  
##>createMaxCarrySave              START               32031600 (  +0.00)     6174.30 (   +0.00)          0 (       0)                    0 (  +0.00)              
##> datapath_rewrite_one_def       START               32031600 (  +0.00)     6174.30 (   +0.00)          0 (       0)                    0 (  +0.00)              
##>  fast_cse_elim                 START               32031600 (  +0.00)     6174.30 (   +0.00)          0 (       0)                    0 (  +0.00)              
##>                                  END               32031600 (  +0.00)     6174.30 (   +0.00)          0 (       0)                    0 (  +0.00)           0  
##>  fast_cse_elim                 START               32031600 (  +0.00)     6174.30 (   +0.00)          0 (       0)                    0 (  +0.00)              
##>                                  END               32031600 (  +0.00)     6174.30 (   +0.00)          0 (       0)                    0 (  +0.00)           0  
##>                                  END               32031600 (  +0.00)     6174.30 (   +0.00)          0 (       0)                    0 (  +0.00)           0  
##> csa_opto                       START               32031600 (  +0.00)     6174.30 (   +0.00)          0 (       0)                    0 (  +0.00)              
##>                                  END               32031600 (  +0.00)     6174.30 (   +0.00)          0 (       0)                    0 (  +0.00)           0  
##>                                  END               32031600 (  +0.00)     6174.30 (   +0.00)          0 (       0)                    0 (  +0.00)           0  
##>context_based_simplify          START               32031600 (  +0.00)     6174.30 (   +0.00)          0 (       0)                    0 (  +0.00)              
##>                                  END               30696950 (  -4.17)     6174.30 (   +0.00)          0 (       0)                    0 (  +0.00)           0  
##>group_csa_final_adder_dp        START               30696950 (  +0.00)     6174.30 (   +0.00)          0 (       0)                    0 (  +0.00)              
##>                                  END               30696950 (  +0.00)     6174.30 (   +0.00)          0 (       0)                    0 (  +0.00)           0  
##>dpopt_flatten_critical_muxes_i  START               30696950 (  +0.00)     6174.30 (   +0.00)          0 (       0)                    0 (  +0.00)              
##>                                  END               30696950 (  +0.00)     6174.30 (   +0.00)          0 (       0)                    0 (  +0.00)           0  
##>create_score                    START               30696950 (  +0.00)     6174.30 (   +0.00)          0 (       0)                    0 (  +0.00)              
##>                                  END               30696950 (  +0.00)     6174.30 (   +0.00)          0 (       0)                    0 (  +0.00)           0  
##>+-----------------------------------------------------------------------------------------------------------------------------------------------------------------------------------------------------+
Committed config: CDN_DP_region_1_2_c7
Info    : Done implementing datapath configurations. [DPOPT-4]
        : Selected 'very_fast' configuration 7 for module 'CDN_DP_region_1_2_c7'.
          Optimizations applied to 'very_fast' configuration:
            rewriting(0), factoring(0), sharing(0), cmultcse(0), downsizing(0), speculation(0)
Info    : Implementing datapath configurations. [DPOPT-3]
        : Implementing datapath configurations for 'CDN_DP_region_0_1'
  CSAGen Prep Share:0 Re-Write:0 Speculation: 0

CDN_DP_region_0_1 level = 0 loads = 0 drivers = 0
CDN_DP_region_0_1_c0 in fsm_N8_NLOG23: area: 13346500 , DP = 1  sg = slow     
    wns: 0  norm_wns:  -1.0000 
    tns:  0
 skipped
CDN_DP_region_0_1_c1 in fsm_N8_NLOG23: area: 9342550 , DP = 1  sg = fast     
    wns: 0  norm_wns:  -1.0000 
    tns:  0
 is current best
CDN_DP_region_0_1_c2 in fsm_N8_NLOG23: area: 9342550 , DP = 1  sg = very_slow
    wns: 0  norm_wns:  -1.0000 
    tns:  0
 is current best
CDN_DP_region_0_1_c3 in fsm_N8_NLOG23: area: 9342550 , DP = 1  sg = very_fast
    wns: 0  norm_wns:  -1.0000 
    tns:  0
 is current best
CDN_DP_region_0_1_c4 in fsm_N8_NLOG23: area: 9342550 , DP = 1  sg = very_fast
    wns: 0  norm_wns:  -1.0000 
    tns:  0
 is current best
CDN_DP_region_0_1_c5 in fsm_N8_NLOG23: area: 9342550 , DP = 1  sg = very_fast
    wns: 0  norm_wns:  -1.0000 
    tns:  0
 is current best
CDN_DP_region_0_1_c6 in fsm_N8_NLOG23: area: 9342550 , DP = 1  sg = very_fast
    wns: 0  norm_wns:  -1.0000 
    tns:  0
 is current best
CDN_DP_region_0_1_c7 in fsm_N8_NLOG23: area: 9342550 , DP = 1  sg = very_fast
    wns: 0  norm_wns:  -1.0000 
    tns:  0
 is current best
Best config: CDN_DP_region_0_1_c7 in fsm_N8_NLOG23: area: 9342550 , DP = 1  sg = very_fast
    wns: 0  norm_wns:  -1.0000 
    tns:  0
  Smallest config area : 9342550.  Fastest config wns;  0
##>+----------------------------------------------------------------------------------------------------------------------------------------------------------------+
##>Summary table of configs (Best config is CDN_DP_region_0_1_c7)
##>+----------------------------------------------------------------------------------------------------------------------------------------------------------------+
##>                     0                  1                  2                  3                  4                  5                  6                  7            
##>+----------------------------------------------------------------------------------------------------------------------------------------------------------------+
##>           Area         13346500            9342550            9342550            9342550            9342550            9342550            9342550            9342550  
##>            WNS         +8801.30           +8801.30           +8801.30           +8801.30           +8801.30           +8801.30           +8801.30           +8801.30  
##>            TNS                0                  0                  0                  0                  0                  0                  0                  0  
##>    Num Rewrite                0                  0                  0                  0                  0                  0                  0                  0  
##>      Num Share                0                  0                  0                  0                  0                  0                  0                  0  
##>  Num Speculate                0                  0                  0                  0                  0                  0                  0                  0  
##>         Num DP                1                  1                  1                  1                  1                  1                  1                  1  
##>     Runtime(s)                0                  0                  0                  0                  0                  0                  0                  0  
+----------------------------------------------------------------------------------------------------------------------------------------------------------------+
##>
##>
##>+-----------------------------------------------------------------------------------------------------------------------------------------------------------------------------------------------------+
##>Optimization Step DEBUG Table for config CDN_DP_region_0_1_c7
##>
##>                          Step                        Area   (  % Chg)         WNS (Change)          TNS (Change)                Power   (  % Chg)        Runtime (s)        Comment                   
##>+-----------------------------------------------------------------------------------------------------------------------------------------------------------------------------------------------------+
##>EquationExtraction              START               13346500 (       )     8801.30 (        )          0 (        )                    0 (       )              
##> rewrite                        START               25358350 ( +90.00)     8785.30 (  -16.00)          0 (       0)                    0 (  +0.00)              (a,ar) Expr5_from --> Expr5_to
##>                                  END               52051350 (+105.26)     8785.30 (   +0.00)          0 (       0)                    0 (  +0.00)           0  
##>                                  END               13346500 (  +0.00)     8801.30 (   +0.00)          0 (       0)                    0 (  +0.00)           0  
##>createMaxCarrySave              START               13346500 (  +0.00)     8801.30 (   +0.00)          0 (       0)                    0 (  +0.00)              
##> datapath_rewrite_one_def       START               13346500 (  +0.00)     8801.30 (   +0.00)          0 (       0)                    0 (  +0.00)              
##>                                  END               13346500 (  +0.00)     8801.30 (   +0.00)          0 (       0)                    0 (  +0.00)           0  
##> csa_opto                       START               13346500 (  +0.00)     8801.30 (   +0.00)          0 (       0)                    0 (  +0.00)              
##>                                  END               10677200 ( -20.00)     8801.30 (   +0.00)          0 (       0)                    0 (  +0.00)           0  
##>                                  END               10677200 ( -20.00)     8801.30 (   +0.00)          0 (       0)                    0 (  +0.00)           0  
##>canonicalize_by_names           START               10677200 (  +0.00)     8801.30 (   +0.00)          0 (       0)                    0 (  +0.00)              
##>                                  END               10677200 (  +0.00)     8801.30 (   +0.00)          0 (       0)                    0 (  +0.00)           0  
##>datapath_rewrite_post_csa_one_  START               10677200 (  +0.00)     8801.30 (   +0.00)          0 (       0)                    0 (  +0.00)              
##>                                  END               10677200 (  +0.00)     8801.30 (   +0.00)          0 (       0)                    0 (  +0.00)           0  
##>datapath_csa_factoring_one_gde  START               10677200 (  +0.00)     8801.30 (   +0.00)          0 (       0)                    0 (  +0.00)              
##>                                  END               10677200 (  +0.00)     8801.30 (   +0.00)          0 (       0)                    0 (  +0.00)           0  
##>dpopt_share_one_def             START               10677200 (  +0.00)     8801.30 (   +0.00)          0 (       0)                    0 (  +0.00)              
##>                                  END               10677200 (  +0.00)     8801.30 (   +0.00)          0 (       0)                    0 (  +0.00)           0  
##>datapath_rewrite_post_share     START               10677200 (  +0.00)     8801.30 (   +0.00)          0 (       0)                    0 (  +0.00)              
##>                                  END               10677200 (  +0.00)     8801.30 (   +0.00)          0 (       0)                    0 (  +0.00)           0  
##>dp_combine_const_mult_with_com  START               10677200 (  +0.00)     8801.30 (   +0.00)          0 (       0)                    0 (  +0.00)              
##>                                  END               10677200 (  +0.00)     8801.30 (   +0.00)          0 (       0)                    0 (  +0.00)           0  
##>dp_operator_level_decompositio  START               10677200 (  +0.00)     8801.30 (   +0.00)          0 (       0)                    0 (  +0.00)              
##>                                  END               10677200 (  +0.00)     8801.30 (   +0.00)          0 (       0)                    0 (  +0.00)           0  
##>selective_flatten_dp_config     START               10677200 (  +0.00)     8801.30 (   +0.00)          0 (       0)                    0 (  +0.00)              
##>                                  END               10677200 (  +0.00)     8801.30 (   +0.00)          0 (       0)                    0 (  +0.00)           0  
##>createMaxCarrySave              START               10677200 (  +0.00)     8801.30 (   +0.00)          0 (       0)                    0 (  +0.00)              
##> datapath_rewrite_one_def       START               10677200 (  +0.00)     8801.30 (   +0.00)          0 (       0)                    0 (  +0.00)              
##>  fast_cse_elim                 START               10677200 (  +0.00)     8801.30 (   +0.00)          0 (       0)                    0 (  +0.00)              
##>                                  END               10677200 (  +0.00)     8801.30 (   +0.00)          0 (       0)                    0 (  +0.00)           0  
##>  fast_cse_elim                 START               10677200 (  +0.00)     8801.30 (   +0.00)          0 (       0)                    0 (  +0.00)              
##>                                  END               10677200 (  +0.00)     8801.30 (   +0.00)          0 (       0)                    0 (  +0.00)           0  
##>                                  END               10677200 (  +0.00)     8801.30 (   +0.00)          0 (       0)                    0 (  +0.00)           0  
##> csa_opto                       START               10677200 (  +0.00)     8801.30 (   +0.00)          0 (       0)                    0 (  +0.00)              
##>                                  END               10677200 (  +0.00)     8801.30 (   +0.00)          0 (       0)                    0 (  +0.00)           0  
##>                                  END               10677200 (  +0.00)     8801.30 (   +0.00)          0 (       0)                    0 (  +0.00)           0  
##>context_based_simplify          START               10677200 (  +0.00)     8801.30 (   +0.00)          0 (       0)                    0 (  +0.00)              
##>                                  END                9342550 ( -12.50)     8801.30 (   +0.00)          0 (       0)                    0 (  +0.00)           0  
##>group_csa_final_adder_dp        START                9342550 (  +0.00)     8801.30 (   +0.00)          0 (       0)                    0 (  +0.00)              
##>                                  END                9342550 (  +0.00)     8801.30 (   +0.00)          0 (       0)                    0 (  +0.00)           0  
##>dpopt_flatten_critical_muxes_i  START                9342550 (  +0.00)     8801.30 (   +0.00)          0 (       0)                    0 (  +0.00)              
##>                                  END                9342550 (  +0.00)     8801.30 (   +0.00)          0 (       0)                    0 (  +0.00)           0  
##>create_score                    START                9342550 (  +0.00)     8801.30 (   +0.00)          0 (       0)                    0 (  +0.00)              
##>                                  END                9342550 (  +0.00)     8801.30 (   +0.00)          0 (       0)                    0 (  +0.00)           0  
##>+-----------------------------------------------------------------------------------------------------------------------------------------------------------------------------------------------------+
Committed config: CDN_DP_region_0_1_c7
Info    : Done implementing datapath configurations. [DPOPT-4]
        : Selected 'very_fast' configuration 7 for module 'CDN_DP_region_0_1_c7'.
          Optimizations applied to 'very_fast' configuration:
            rewriting(0), factoring(0), sharing(0), cmultcse(0), downsizing(0), speculation(0)
Info:  Ungrouped 0 dp-cluster instances.  0 cluster instances were left intact, to aid verification.

==========================
 Sanity Check for POST-DATAPATH 
==========================
     DPOPT_INTERNAL_HIER check : PASS
 Components naming style check : PASS
==========================

Info    : Done optimizing datapath logic. [DPOPT-2]
        : Done optimizing datapath logic in 'pattern_detector'.
Number of big hc bmuxes after = 0
Starting bit-level redundancy removal [v1.0] (stage: post_rtlopt, startdef: pattern_detector, recur: true)
Bit-level redundancy removal for def pattern_detector (round= 0, cands= 10, i/o= 15/9)
Bit-level redundancy removal for def pattern_detector (round= 1, cands= 10, i/o= 15/9)
Bit-level redundancy removal for def fsm_N8_NLOG23 (round= 0, cands= 7, i/o= 13/7)
Bit-level redundancy removal for def fsm_N8_NLOG23 (round= 1, cands= 7, i/o= 13/7)
Completed bit-level redundancy removal (accepts: 0, rejects: 0, runtime: 0.034s)
Starting logic reduction [v1.0] (stage: post_rtlopt, startdef: pattern_detector, recur: true)
Completed logic reduction (accepts: 0, rejects: 0, runtime: 0.000s)
Starting mux data reorder optimization [v1.0] (stage: post_rtlopt, startdef: pattern_detector, recur: true)
Completed mux data reorder optimization (accepts: 0, rejects: 0, runtime: 0.000s)
Starting timing based select reordering [v1.0] (stage: post_rtlopt, startdef: pattern_detector, recur: true)
Completed timing based select reordering (accepts: 0, rejects: 0, runtime: 0.037s)

Stage: post_rtlopt
----------------------------------------------------------------
| Transform                  | Accepts | Rejects | Runtime (s) | 
----------------------------------------------------------------
| hlo_redundancy_removal_bit |       0 |       0 |        0.03 | 
| hlo_logic_reduction        |       0 |       0 |        0.00 | 
| hlo_mux_reorder            |       0 |       0 |        0.00 | 
| hlo_timing_reorder         |       0 |       0 |        0.04 | 
----------------------------------------------------------------
Running post blast mux optimization. Please follow up with Cadence support if runtime issues are seen with this optimization.
Running post blast mux optimization. Please follow up with Cadence support if runtime issues are seen with this optimization.
Starting mux speculation [v1.0] (stage: post_muxopt, startdef: pattern_detector, recur: true)
Starting speculation optimization
Completed speculation optimization (accepts:0)
Completed mux speculation (accepts: 0, rejects: 0, runtime: 0.036s)
Starting timing based select reordering [v1.0] (stage: post_muxopt, startdef: pattern_detector, recur: true)
Completed timing based select reordering (accepts: 0, rejects: 0, runtime: 0.033s)

Stage: post_muxopt
--------------------------------------------------------
| Transform          | Accepts | Rejects | Runtime (s) | 
--------------------------------------------------------
| hlo_speculation    |       0 |       0 |        0.04 | 
| hlo_timing_reorder |       0 |       0 |        0.03 | 
--------------------------------------------------------
==================================
Stage : to_generic 
==================================
  =================
   Message Summary
  =================
---------------------------------------------------------------------------------------------------------------------------------------------------------------
|   Id   |  Sev  |Count|                                                             Message Text                                                             |
---------------------------------------------------------------------------------------------------------------------------------------------------------------
|CDFG-250|Info   |    1|Processing multi-dimensional arrays.                                                                                                  |
|CDFG-372|Info   |    1|Bitwidth mismatch in assignment.                                                                                                      |
|        |       |     |Review and make sure the mismatch is intentional. Genus can possibly issue bitwidth mismatch warning for explicit assignments present |
|        |       |     | in RTL as-well-as for implicit assignments inferred by the tool. For example, in case of enum declaration without value, the tool    |
|        |       |     | will implicitly assign value to the enum variables. It also issues the warning for any bitwidth mismatch that appears in this        |
|        |       |     | implicit assignment.                                                                                                                 |
|CDFG-567|Info   |    3|Instantiating Subdesign.                                                                                                              |
|CDFG-738|Info   |    4|Common subexpression eliminated.                                                                                                      |
|CDFG-739|Info   |    4|Common subexpression kept.                                                                                                            |
|CDFG-818|Warning|    1|Using default parameter value for module elaboration.                                                                                 |
|CWD-19  |Info   |   68|An implementation was inferred.                                                                                                       |
|DPOPT-1 |Info   |    1|Optimizing datapath logic.                                                                                                            |
|DPOPT-2 |Info   |    1|Done optimizing datapath logic.                                                                                                       |
|DPOPT-3 |Info   |    5|Implementing datapath configurations.                                                                                                 |
|DPOPT-4 |Info   |    5|Done implementing datapath configurations.                                                                                            |
|DPOPT-6 |Info   |    1|Pre-processed datapath logic.                                                                                                         |
|ELAB-1  |Info   |    1|Elaborating Design.                                                                                                                   |
|ELAB-2  |Info   |    3|Elaborating Subdesign.                                                                                                                |
|ELAB-3  |Info   |    1|Done Elaborating Design.                                                                                                              |
|GLO-46  |Info   |    1|Combinational hierarchical instances are merged.                                                                                      |
|GLO-51  |Info   |    2|Hierarchical instance automatically ungrouped.                                                                                        |
|        |       |     |Hierarchical instances can be automatically ungrouped to allow for better area or timing optimization. To prevent this ungroup, set   |
|        |       |     | the root-level attribute 'auto_ungroup' to 'none'. You can also prevent individual ungroup with setting the attribute 'ungroup_ok' of|
|        |       |     | instances or modules to 'false'.                                                                                                     |
|GLO-62  |Info   |   18|On tool_generated instance/module 'strict_no' is set.                                                                                 |
|        |       |     |This shall only be used for special purposes like formal verification.                                                                |
|LBR-9   |Warning|    2|Library cell has no output pins defined.                                                                                              |
|        |       |     |Add the missing output pin(s)                                                                                                         |
|        |       |     | , then reload the library. Else the library cell will be marked as timing model i.e. unusable. Timing_model means that the cell does |
|        |       |     | not have any defined function. If there is no output pin, Genus will mark library cell as unusable i.e. the attribute 'usable' will  |
|        |       |     | be marked to 'false' on the libcell. Therefore, the cell is not used for mapping and it will not be picked up from the library for   |
|        |       |     | synthesis. If you query the attribute 'unusable_reason' on the libcell; result will be: 'Library cell has no output pins.'Note: The  |
|        |       |     | message LBR-9 is only for the logical pins and not for the power_ground pins. Genus will depend upon the output function defined in  |
|        |       |     | the pin group (output pin) of the cell, to use it for mapping. The pg_pin will not have any function defined.                        |
|LBR-41  |Info   |    1|An output library pin lacks a function attribute.                                                                                     |
|        |       |     |If the remainder of this library cell's semantic checks are successful, it will be considered as a timing-model                       |
|        |       |     | (because one of its outputs does not have a valid function.                                                                          |
|LBR-155 |Info   |  264|Mismatch in unateness between 'timing_sense' attribute and the function.                                                              |
|        |       |     |The 'timing_sense' attribute will be respected.                                                                                       |
|LBR-161 |Info   |    1|Setting the maximum print count of this message to 10 if information_level is less than 9.                                            |
|LBR-162 |Info   |  124|Both 'pos_unate' and 'neg_unate' timing_sense arcs have been processed.                                                               |
|        |       |     |Setting the 'timing_sense' to non_unate.                                                                                              |
|LBR-412 |Info   |    1|Created nominal operating condition.                                                                                                  |
|        |       |     |The nominal operating condition is represented, either by the nominal PVT values specified in the library source                      |
|        |       |     | (via nom_process,nom_voltage and nom_temperature respectively), or by the default PVT values (1.0,1.0,1.0).                          |
|LBR-518 |Info   |    1|Missing a function attribute in the output pin definition.                                                                            |
|PHYS-752|Info   |    1|Partition Based Synthesis execution skipped.                                                                                          |
|SYNTH-1 |Info   |    1|Synthesizing.                                                                                                                         |
|TIM-1000|Info   |    1|Multimode clock gating check is disabled.                                                                                             |
---------------------------------------------------------------------------------------------------------------------------------------------------------------
Ungrouping: CDN_PAS_CONNECTED_MUXi count=240 ratio=1.0
Mapper: Libraries have:
	domain _default_: 324 combo usable cells and 128 sequential usable cells
Multi-threaded Virtual Mapping    (8 threads per ST process, 8 of 16 CPUs usable)
Normal Structuring mode def=cb_part
Normal Structuring mode def=cb_oseq
Normal Structuring mode def=csa_tree_ADD_TC_OP_group_2
Normal Structuring mode def=cb_part_104
Normal Structuring mode def=cb_seq
Normal Structuring mode def=cb_seq_102
==================================
Stage : first_condense 
==================================
  =================
   Message Summary
  =================
------------------------------------------------------------------------------------------
|  Id  |Sev |Count|                             Message Text                             |
------------------------------------------------------------------------------------------
|GB-6  |Info|    5|A datapath component has been ungrouped.                              |
|GLO-62|Info|   17|On tool_generated instance/module 'strict_no' is set.                 |
|      |    |     |This shall only be used for special purposes like formal verification.|
------------------------------------------------------------------------------------------
 
Global mapping target info
==========================
Cost Group 'clk' target slack:   243 ps
Target path end-point (Pin: mac_i_result_reg[34]/d)

/home/cidigital/projects/aulas-ci-digital/aula_15_08/LAB8/.st_launch_localhost_6951

State Retention Synthesis Status
================================

Category                        Flops   Percentage
--------------------------------------------------
Total instances                   215        100.0
Excluded from State Retention     215        100.0
    - Will not convert            215        100.0
      - Preserved                   0          0.0
      - Power intent excluded     215        100.0
    - Could not convert             0          0.0
      - Scan type                   0          0.0
      - No suitable cell            0          0.0
State Retention instances           0          0.0
--------------------------------------------------

Starting post first-condense unobservable FF removal
Detecting unobservable FF's ... (design is uniquified)
Detected 0 unobservable FF's cputime(detection/total) = 0.023 /0.032 seconds
Unobservable FF redundancy removal succeeded.
Done post first-condense unobservable FF removal (0.00 cpu seconds) (0.00 elapsed cpu seconds)
Advanced structuring report (syn_gen):
----------------------------------------------------------------------------------------------------------------------
|                                  | Graph                | Opt. Graph           | Result         |                  | 
|----------------------------------+----------------------+----------------------+----------------+------------------|
| Name                     | Tag   | #nodes | #and | #lvl | #nodes | #and | #lvl | Acc | Time     | Netlist ID       | 
----------------------------------------------------------------------------------------------------------------------
----------------------------------------------------------------------------------------------------------------------
Number of LFLHs filtered from table: 3
Runtime accepts/rejects/total =     0.83 /     0.00 /     0.83
Accepts/rejects/total = 3 / 0 / 3
Sum of reduced nodes/levels = 33 / 133
PBS_Generic_Opt-Post - Elapsed_Time 11, CPU_Time 11.63635
stamp 'PBS_Generic_Opt-Post' being created for table 'pbs_debug'

  Total Time (Wall) |  Stage Time (Wall)  |   % (Wall)   |    Date - Time     |  Memory   | Stage
--------------------+---------------------+--------------+--------------------+-----------+----------------------
 00:00:18(00:00:14) |  00:00:00(00:00:00) |   0.0(  0.0) |    9:49:16 (Aug22) |  909.6 MB | PBS_Generic-Start
--------------------+---------------------+--------------+--------------------+-----------+----------------------
 00:00:29(00:00:26) |  00:00:11(00:00:12) | 100.0(100.0) |    9:49:28 (Aug22) |   1.29 GB | PBS_Generic_Opt-Post
--------------------+---------------------+--------------+--------------------+-----------+----------------------
Number of threads: 8 * 1   (id: pbs_debug, time_info v1.57)
Info: (*N*) indicates data that was populated from previously saved time_info database
Info: CPU time includes time of parent + longest thread
PBS_Generic-Postgen HBO Optimizations - Elapsed_Time 0, CPU_Time 0.0
stamp 'PBS_Generic-Postgen HBO Optimizations' being created for table 'pbs_debug'

  Total Time (Wall) |  Stage Time (Wall)  |   % (Wall)   |    Date - Time     |  Memory   | Stage
--------------------+---------------------+--------------+--------------------+-----------+----------------------
 00:00:18(00:00:14) |  00:00:00(00:00:00) |   0.0(  0.0) |    9:49:16 (Aug22) |  909.6 MB | PBS_Generic-Start
--------------------+---------------------+--------------+--------------------+-----------+----------------------
 00:00:29(00:00:26) |  00:00:11(00:00:12) | 100.0(100.0) |    9:49:28 (Aug22) |   1.29 GB | PBS_Generic_Opt-Post
--------------------+---------------------+--------------+--------------------+-----------+----------------------
 00:00:29(00:00:26) |  00:00:00(00:00:00) |   0.0(  0.0) |    9:49:28 (Aug22) |   1.29 GB | PBS_Generic-Postgen HBO Optimizations
--------------------+---------------------+--------------+--------------------+-----------+----------------------
Number of threads: 8 * 1   (id: pbs_debug, time_info v1.57)
Info: (*N*) indicates data that was populated from previously saved time_info database
Info: CPU time includes time of parent + longest thread
Starting post syn_generic ultra-effort Boolean optimization
Redundancy removal succeeded.
Done post syn_generic ultra-effort Boolean optimization (0.00 cpu seconds) (0.00 elapsed cpu seconds)
Info    : Done synthesizing. [SYNTH-2]
        : Done synthesizing 'pattern_detector' to generic gates.
##>=================== Cadence Confidential (Generic-Logical) ===================
##>=================== Cadence Confidential (Generic-Logical) ===================
      flow.cputime  flow.realtime  timing.setup.tns  timing.setup.wns  snapshot
UM:*                                                                   syn_gen
@file(script.tcl) 17: syn_map
#----------------------------------------------------------------------------------------
# Root attributes for category: opt
#----------------------------------------------------------------------------------------
# Feature                           | Attribute                    | Value            
#----------------------------------------------------------------------------------------
# Avoid tied inputs                 | avoid_tied_inputs            | false (default)  
# Allow floating outputs            | opt_allow_floating_outputs   | false (default)  
# Power optimization effort         | design_power_effort          | none (default)   
# Do not use qbar sequential pins   | dont_use_qbar_seq_pins       | false (default)  
#----------------------------------------------------------------------------------------

##Generic Timing Info: typical gate delay  132.7 ps   std_slew:   15.8 ps   std_load:  0.6 fF  for library domain _default_
Mapping ChipWare ICG instances in pattern_detector
Found 0 unmapped ChipWare ICG instances
Mapped 0 of 0 ChipWare ICG instances
Info    : Mapping. [SYNTH-4]
        : Mapping 'pattern_detector' using 'medium' effort.
Mapper: Libraries have:
	domain _default_: 324 combo usable cells and 128 sequential usable cells
PBS_TechMap-Start - Elapsed_Time 0, CPU_Time 0.0
stamp 'PBS_TechMap-Start' being created for table 'pbs_debug'

  Total Time (Wall) |  Stage Time (Wall)  |   % (Wall)   |    Date - Time     |  Memory   | Stage
--------------------+---------------------+--------------+--------------------+-----------+----------------------
 00:00:18(00:00:14) |  00:00:00(00:00:00) |   0.0(  0.0) |    9:49:16 (Aug22) |  909.6 MB | PBS_Generic-Start
--------------------+---------------------+--------------+--------------------+-----------+----------------------
 00:00:29(00:00:26) |  00:00:11(00:00:12) | 100.0(100.0) |    9:49:28 (Aug22) |   1.29 GB | PBS_Generic_Opt-Post
--------------------+---------------------+--------------+--------------------+-----------+----------------------
 00:00:29(00:00:26) |  00:00:00(00:00:00) |   0.0(  0.0) |    9:49:28 (Aug22) |   1.29 GB | PBS_Generic-Postgen HBO Optimizations
--------------------+---------------------+--------------+--------------------+-----------+----------------------
 00:00:29(00:00:26) |  00:00:00(00:00:00) |   0.0(  0.0) |    9:49:28 (Aug22) |   1.29 GB | PBS_TechMap-Start
--------------------+---------------------+--------------+--------------------+-----------+----------------------
Number of threads: 8 * 1   (id: pbs_debug, time_info v1.57)
Info: (*N*) indicates data that was populated from previously saved time_info database
Info: CPU time includes time of parent + longest thread
PBS_TechMap-Premap HBO Optimizations - Elapsed_Time 1, CPU_Time 0.0
stamp 'PBS_TechMap-Premap HBO Optimizations' being created for table 'pbs_debug'

  Total Time (Wall) |  Stage Time (Wall)  |   % (Wall)   |    Date - Time     |  Memory   | Stage
--------------------+---------------------+--------------+--------------------+-----------+----------------------
 00:00:18(00:00:14) |  00:00:00(00:00:00) |   0.0(  0.0) |    9:49:16 (Aug22) |  909.6 MB | PBS_Generic-Start
--------------------+---------------------+--------------+--------------------+-----------+----------------------
 00:00:29(00:00:26) |  00:00:11(00:00:12) | 100.0( 92.3) |    9:49:28 (Aug22) |   1.29 GB | PBS_Generic_Opt-Post
--------------------+---------------------+--------------+--------------------+-----------+----------------------
 00:00:29(00:00:26) |  00:00:00(00:00:00) |   0.0(  0.0) |    9:49:28 (Aug22) |   1.29 GB | PBS_Generic-Postgen HBO Optimizations
--------------------+---------------------+--------------+--------------------+-----------+----------------------
 00:00:29(00:00:26) |  00:00:00(00:00:00) |   0.0(  0.0) |    9:49:28 (Aug22) |   1.29 GB | PBS_TechMap-Start
--------------------+---------------------+--------------+--------------------+-----------+----------------------
 00:00:29(00:00:27) |  00:00:00(00:00:01) |   0.0(  7.7) |    9:49:29 (Aug22) |   1.29 GB | PBS_TechMap-Premap HBO Optimizations
--------------------+---------------------+--------------+--------------------+-----------+----------------------
Number of threads: 8 * 1   (id: pbs_debug, time_info v1.57)
Info: (*N*) indicates data that was populated from previously saved time_info database
Info: CPU time includes time of parent + longest thread
Info    : Partition Based Synthesis execution skipped. [PHYS-752]
        : Design size is less than the partition size '100000' for distributed mapping optimization to kick in.
Mapper: Libraries have:
	domain _default_: 324 combo usable cells and 128 sequential usable cells
Multi-threaded Virtual Mapping    (8 threads per ST process, 8 of 16 CPUs usable)
Normal Structuring mode def=cb_oseq
Normal Structuring mode def=cb_oseq_106
Working on Hinst: CDN_PAS_SKIP_FFC_0i
[gig_analyze] should_ungroup = 0
[gig_analyze] should_ungroup = 0
[gig_analyze] should_ungroup = 0
[gig_analyze] should_ungroup = 0
[gig_analyze] should_ungroup = 0
[gig_analyze] should_ungroup = 0

INFO: Identified hierarchy for CAS: hinst:iopt_partition/CDN_PAS_SKIP_FFC_0i

Normal Structuring mode def=csa_tree_ADD_TC_OP_group_2
Normal Structuring mode def=cb_seq
Normal Structuring mode def=cb_seq_105
Working on Hinst: CDN_PAS_SKIP_FFC_0i
[gig_analyze] should_ungroup = 0
[gig_analyze] should_ungroup = 0
[gig_analyze] should_ungroup = 0
[gig_analyze] should_ungroup = 0
[gig_analyze] should_ungroup = 0
[gig_analyze] should_ungroup = 0

INFO: Identified hierarchy for CAS: hinst:iopt_partition/CDN_PAS_SKIP_FFC_0i

Working on Hinst: CDN_PAS_SKIP_FFC_1i
[gig_analyze] should_ungroup = 0
[gig_analyze] should_ungroup = 0
[gig_analyze] should_ungroup = 0
[gig_analyze] should_ungroup = 0
[gig_analyze] should_ungroup = 0
[gig_analyze] should_ungroup = 0

INFO: Identified hierarchy for CAS: hinst:iopt_partition/CDN_PAS_SKIP_FFC_1i

==================================
Stage : first_condense 
==================================
  =================
   Message Summary
  =================
--------------------------------------------------------------------------------------------
|   Id   |Sev |Count|                             Message Text                             |
--------------------------------------------------------------------------------------------
|GLO-62  |Info|  244|On tool_generated instance/module 'strict_no' is set.                 |
|        |    |     |This shall only be used for special purposes like formal verification.|
|PHYS-752|Info|    1|Partition Based Synthesis execution skipped.                          |
|SYNTH-2 |Info|    1|Done synthesizing.                                                    |
|SYNTH-4 |Info|    1|Mapping.                                                              |
--------------------------------------------------------------------------------------------
 
Global mapping target info
==========================
Cost Group 'clk' target slack:   243 ps
Target path end-point (Pin: mac_i_result_reg[34]/d)

Multi-threaded Technology Mapping (8 threads per ST process, 8 of 16 CPUs usable)
Normal Structuring mode def=cb_seq
Normal Structuring mode def=cb_seq_105
Working on Hinst: CDN_PAS_SKIP_FFC_0i
[gig_analyze] should_ungroup = 0
[gig_analyze] should_ungroup = 0
[gig_analyze] should_ungroup = 0
[gig_analyze] should_ungroup = 0
[gig_analyze] should_ungroup = 0
[gig_analyze] should_ungroup = 0

INFO: Identified hierarchy for CAS: hinst:iopt_partition/CDN_PAS_SKIP_FFC_0i

Working on Hinst: CDN_PAS_SKIP_FFC_1i
[gig_analyze] should_ungroup = 0
[gig_analyze] should_ungroup = 0
[gig_analyze] should_ungroup = 0
[gig_analyze] should_ungroup = 0
[gig_analyze] should_ungroup = 0
[gig_analyze] should_ungroup = 0

INFO: Identified hierarchy for CAS: hinst:iopt_partition/CDN_PAS_SKIP_FFC_1i

Normal Structuring mode def=csa_tree_ADD_TC_OP_group_2
Normal Structuring mode def=csa_tree_ADD_TC_OP_group
Normal Structuring mode def=csa_tree_ADD_TC_OP_group
Normal Structuring mode def=csa_tree_ADD_TC_OP_group
Normal Structuring mode def=csa_tree_ADD_TC_OP_group
Normal Structuring mode def=cb_oseq_106
Working on Hinst: CDN_PAS_SKIP_FFC_0i
[gig_analyze] should_ungroup = 0
[gig_analyze] should_ungroup = 0
[gig_analyze] should_ungroup = 0
[gig_analyze] should_ungroup = 0
[gig_analyze] should_ungroup = 0
[gig_analyze] should_ungroup = 0

INFO: Identified hierarchy for CAS: hinst:iopt_partition/CDN_PAS_SKIP_FFC_0i

Normal Structuring mode def=cb_oseq
 
Global mapping status
=====================
                                   Group   
                                  Tot Wrst 
                           Total  Weighted 
Operation                   Area   Slacks  
 global_map                 3624        0 

    Cost Group            Target    Slack    Diff.  Constr.
-----------------------------------------------------------
           clk               243      954             10000 

 
Global incremental target info
==============================
Cost Group 'clk' target slack:   162 ps
Target path end-point (Pin: mac_i_result_reg[34]/D (DFFRHQX1/D))

==================================
Stage : global_incr_map 
==================================
  =================
   Message Summary
  =================
------------------------------------------------------------------------------------------
|  Id  |Sev |Count|                             Message Text                             |
------------------------------------------------------------------------------------------
|GLO-62|Info|  241|On tool_generated instance/module 'strict_no' is set.                 |
|      |    |     |This shall only be used for special purposes like formal verification.|
|PA-7  |Info|   10|Resetting power analysis results.                                     |
|      |    |     |All computed switching activities are removed.                        |
------------------------------------------------------------------------------------------
 
Global incremental optimization status
======================================
                                   Group   
                                  Tot Wrst 
                           Total  Weighted 
Operation                   Area   Slacks  
 global_incr                3593        0 

    Cost Group            Target    Slack    Diff.  Constr.
-----------------------------------------------------------
           clk               162      824             10000 

/home/cidigital/projects/aulas-ci-digital/aula_15_08/LAB8/.st_launch_localhost_6951

State Retention Synthesis Status
================================

Category                        Flops   Percentage
--------------------------------------------------
Total instances                   215        100.0
Excluded from State Retention     215        100.0
    - Will not convert            215        100.0
      - Preserved                   0          0.0
      - Power intent excluded     215        100.0
    - Could not convert             0          0.0
      - Scan type                   0          0.0
      - No suitable cell            0          0.0
State Retention instances           0          0.0
--------------------------------------------------

INFO: skipping constant propagation
PBS_Techmap-Global Mapping - Elapsed_Time 15, CPU_Time 15.012955999999996
stamp 'PBS_Techmap-Global Mapping' being created for table 'pbs_debug'

  Total Time (Wall) |  Stage Time (Wall)  |   % (Wall)   |    Date - Time     |  Memory   | Stage
--------------------+---------------------+--------------+--------------------+-----------+----------------------
 00:00:18(00:00:14) |  00:00:00(00:00:00) |   0.0(  0.0) |    9:49:16 (Aug22) |  909.6 MB | PBS_Generic-Start
--------------------+---------------------+--------------+--------------------+-----------+----------------------
 00:00:29(00:00:26) |  00:00:11(00:00:12) |  43.7( 42.9) |    9:49:28 (Aug22) |   1.29 GB | PBS_Generic_Opt-Post
--------------------+---------------------+--------------+--------------------+-----------+----------------------
 00:00:29(00:00:26) |  00:00:00(00:00:00) |   0.0(  0.0) |    9:49:28 (Aug22) |   1.29 GB | PBS_Generic-Postgen HBO Optimizations
--------------------+---------------------+--------------+--------------------+-----------+----------------------
 00:00:29(00:00:26) |  00:00:00(00:00:00) |   0.0(  0.0) |    9:49:28 (Aug22) |   1.29 GB | PBS_TechMap-Start
--------------------+---------------------+--------------+--------------------+-----------+----------------------
 00:00:29(00:00:27) |  00:00:00(00:00:01) |   0.0(  3.6) |    9:49:29 (Aug22) |   1.29 GB | PBS_TechMap-Premap HBO Optimizations
--------------------+---------------------+--------------+--------------------+-----------+----------------------
 00:00:44(00:00:42) |  00:00:15(00:00:15) |  56.3( 53.6) |    9:49:44 (Aug22) |   1.29 GB | PBS_Techmap-Global Mapping
--------------------+---------------------+--------------+--------------------+-----------+----------------------
Number of threads: 8 * 1   (id: pbs_debug, time_info v1.57)
Info: (*N*) indicates data that was populated from previously saved time_info database
Info: CPU time includes time of parent + longest thread
Advanced structuring report (syn_map):
----------------------------------------------------------------------------------------------------------------------
|                                  | Graph                | Opt. Graph           | Result         |                  | 
|----------------------------------+----------------------+----------------------+----------------+------------------|
| Name                     | Tag   | #nodes | #and | #lvl | #nodes | #and | #lvl | Acc | Time     | Netlist ID       | 
----------------------------------------------------------------------------------------------------------------------
| cb_seq_105               | CONDE |   3762 |   32 |   79 |   3756 |   26 |    5 | Y   |     0.95 | cb_seq_105       | 
----------------------------------------------------------------------------------------------------------------------
Number of LFLHs filtered from table: 10
Runtime accepts/rejects/total =     1.61 /     0.09 /     1.70
Accepts/rejects/total = 3 / 1 / 4
Sum of reduced nodes/levels = 11 / 136
----------------------------------------------------------------------------------------------------------------------
|                                  | Graph                | Opt. Graph           | Result         |                  | 
|----------------------------------+----------------------+----------------------+----------------+------------------|
| Name                     | Tag   | #nodes | #and | #lvl | #nodes | #and | #lvl | Acc | Time     | Netlist ID       | 
----------------------------------------------------------------------------------------------------------------------
| cb_seq_105               | REIFI |   3762 |   32 |   79 |   3756 |   26 |    5 | Y   |     0.90 | cb_seq_105       | 
----------------------------------------------------------------------------------------------------------------------
Number of LFLHs filtered from table: 10
Runtime accepts/rejects/total =     0.98 /     0.51 /     1.49
Accepts/rejects/total = 2 / 2 / 4
Sum of reduced nodes/levels = 8 / 100
Info    : Wrote formal verification information. [CFM-5]
        : Wrote 'fv/pattern_detector/fv_map.fv.json' for netlist 'fv/pattern_detector/fv_map.v.gz'.
Info    : Wrote dofile. [CFM-1]
        : Dofile is 'fv/pattern_detector/rtl_to_fv_map.do'.
        : RTL names flow is enabled.
PBS_TechMap-Datapath Postmap Operations - Elapsed_Time 2, CPU_Time 1.9938399999999987
stamp 'PBS_TechMap-Datapath Postmap Operations' being created for table 'pbs_debug'

  Total Time (Wall) |  Stage Time (Wall)  |   % (Wall)   |    Date - Time     |  Memory   | Stage
--------------------+---------------------+--------------+--------------------+-----------+----------------------
 00:00:18(00:00:14) |  00:00:00(00:00:00) |   0.0(  0.0) |    9:49:16 (Aug22) |  909.6 MB | PBS_Generic-Start
--------------------+---------------------+--------------+--------------------+-----------+----------------------
 00:00:29(00:00:26) |  00:00:11(00:00:12) |  40.6( 40.0) |    9:49:28 (Aug22) |   1.29 GB | PBS_Generic_Opt-Post
--------------------+---------------------+--------------+--------------------+-----------+----------------------
 00:00:29(00:00:26) |  00:00:00(00:00:00) |   0.0(  0.0) |    9:49:28 (Aug22) |   1.29 GB | PBS_Generic-Postgen HBO Optimizations
--------------------+---------------------+--------------+--------------------+-----------+----------------------
 00:00:29(00:00:26) |  00:00:00(00:00:00) |   0.0(  0.0) |    9:49:28 (Aug22) |   1.29 GB | PBS_TechMap-Start
--------------------+---------------------+--------------+--------------------+-----------+----------------------
 00:00:29(00:00:27) |  00:00:00(00:00:01) |   0.0(  3.3) |    9:49:29 (Aug22) |   1.29 GB | PBS_TechMap-Premap HBO Optimizations
--------------------+---------------------+--------------+--------------------+-----------+----------------------
 00:00:44(00:00:42) |  00:00:15(00:00:15) |  52.4( 50.0) |    9:49:44 (Aug22) |   1.29 GB | PBS_Techmap-Global Mapping
--------------------+---------------------+--------------+--------------------+-----------+----------------------
 00:00:46(00:00:44) |  00:00:01(00:00:02) |   7.0(  6.7) |    9:49:46 (Aug22) |   1.29 GB | PBS_TechMap-Datapath Postmap Operations
--------------------+---------------------+--------------+--------------------+-----------+----------------------
Number of threads: 8 * 1   (id: pbs_debug, time_info v1.57)
Info: (*N*) indicates data that was populated from previously saved time_info database
Info: CPU time includes time of parent + longest thread
PBS_TechMap-Postmap HBO Optimizations - Elapsed_Time 0, CPU_Time -0.00707199999999375
stamp 'PBS_TechMap-Postmap HBO Optimizations' being created for table 'pbs_debug'

  Total Time (Wall) |  Stage Time (Wall)  |   % (Wall)   |    Date - Time     |  Memory   | Stage
--------------------+---------------------+--------------+--------------------+-----------+----------------------
 00:00:18(00:00:14) |  00:00:00(00:00:00) |   0.0(  0.0) |    9:49:16 (Aug22) |  909.6 MB | PBS_Generic-Start
--------------------+---------------------+--------------+--------------------+-----------+----------------------
 00:00:29(00:00:26) |  00:00:11(00:00:12) |  40.6( 40.0) |    9:49:28 (Aug22) |   1.29 GB | PBS_Generic_Opt-Post
--------------------+---------------------+--------------+--------------------+-----------+----------------------
 00:00:29(00:00:26) |  00:00:00(00:00:00) |   0.0(  0.0) |    9:49:28 (Aug22) |   1.29 GB | PBS_Generic-Postgen HBO Optimizations
--------------------+---------------------+--------------+--------------------+-----------+----------------------
 00:00:29(00:00:26) |  00:00:00(00:00:00) |   0.0(  0.0) |    9:49:28 (Aug22) |   1.29 GB | PBS_TechMap-Start
--------------------+---------------------+--------------+--------------------+-----------+----------------------
 00:00:29(00:00:27) |  00:00:00(00:00:01) |   0.0(  3.3) |    9:49:29 (Aug22) |   1.29 GB | PBS_TechMap-Premap HBO Optimizations
--------------------+---------------------+--------------+--------------------+-----------+----------------------
 00:00:44(00:00:42) |  00:00:15(00:00:15) |  52.4( 50.0) |    9:49:44 (Aug22) |   1.29 GB | PBS_Techmap-Global Mapping
--------------------+---------------------+--------------+--------------------+-----------+----------------------
 00:00:46(00:00:44) |  00:00:01(00:00:02) |   7.0(  6.7) |    9:49:46 (Aug22) |   1.29 GB | PBS_TechMap-Datapath Postmap Operations
--------------------+---------------------+--------------+--------------------+-----------+----------------------
 00:00:46(00:00:44) |  00:00:00(00:00:00) |  -0.0(  0.0) |    9:49:46 (Aug22) |   1.29 GB | PBS_TechMap-Postmap HBO Optimizations
--------------------+---------------------+--------------+--------------------+-----------+----------------------
Number of threads: 8 * 1   (id: pbs_debug, time_info v1.57)
Info: (*N*) indicates data that was populated from previously saved time_info database
Info: CPU time includes time of parent + longest thread
 Doing ConstProp on design:pattern_detector ... 

Time taken by ConstProp Step: 00:00:00
PBS_TechMap-Postmap Clock Gating - Elapsed_Time 0, CPU_Time 1.0
stamp 'PBS_TechMap-Postmap Clock Gating' being created for table 'pbs_debug'

  Total Time (Wall) |  Stage Time (Wall)  |   % (Wall)   |    Date - Time     |  Memory   | Stage
--------------------+---------------------+--------------+--------------------+-----------+----------------------
 00:00:18(00:00:14) |  00:00:00(00:00:00) |   0.0(  0.0) |    9:49:16 (Aug22) |  909.6 MB | PBS_Generic-Start
--------------------+---------------------+--------------+--------------------+-----------+----------------------
 00:00:29(00:00:26) |  00:00:11(00:00:12) |  39.3( 40.0) |    9:49:28 (Aug22) |   1.29 GB | PBS_Generic_Opt-Post
--------------------+---------------------+--------------+--------------------+-----------+----------------------
 00:00:29(00:00:26) |  00:00:00(00:00:00) |   0.0(  0.0) |    9:49:28 (Aug22) |   1.29 GB | PBS_Generic-Postgen HBO Optimizations
--------------------+---------------------+--------------+--------------------+-----------+----------------------
 00:00:29(00:00:26) |  00:00:00(00:00:00) |   0.0(  0.0) |    9:49:28 (Aug22) |   1.29 GB | PBS_TechMap-Start
--------------------+---------------------+--------------+--------------------+-----------+----------------------
 00:00:29(00:00:27) |  00:00:00(00:00:01) |   0.0(  3.3) |    9:49:29 (Aug22) |   1.29 GB | PBS_TechMap-Premap HBO Optimizations
--------------------+---------------------+--------------+--------------------+-----------+----------------------
 00:00:44(00:00:42) |  00:00:15(00:00:15) |  50.7( 50.0) |    9:49:44 (Aug22) |   1.29 GB | PBS_Techmap-Global Mapping
--------------------+---------------------+--------------+--------------------+-----------+----------------------
 00:00:46(00:00:44) |  00:00:01(00:00:02) |   6.7(  6.7) |    9:49:46 (Aug22) |   1.29 GB | PBS_TechMap-Datapath Postmap Operations
--------------------+---------------------+--------------+--------------------+-----------+----------------------
 00:00:46(00:00:44) |  00:00:00(00:00:00) |  -0.0(  0.0) |    9:49:46 (Aug22) |   1.29 GB | PBS_TechMap-Postmap HBO Optimizations
--------------------+---------------------+--------------+--------------------+-----------+----------------------
 00:00:47(00:00:44) |  00:00:01(00:00:00) |   3.4(  0.0) |    9:49:46 (Aug22) |   1.29 GB | PBS_TechMap-Postmap Clock Gating
--------------------+---------------------+--------------+--------------------+-----------+----------------------
Number of threads: 8 * 1   (id: pbs_debug, time_info v1.57)
Info: (*N*) indicates data that was populated from previously saved time_info database
Info: CPU time includes time of parent + longest thread
-------------------------------------------------------------------------------
 hi_fo_buf                  3591        0         0         0        0

           Trick     Calls     Accepts   Attempts    Time(secs) 
-----------------------------------------------------------
       hi_fo_buf         0  (        0 /        0 )  0.00

 
Incremental optimization status
===============================
                                   Group   
                                  Tot Wrst     Total - - DRC Totals - -
                           Total  Weighted      Neg      Max       Max 
Operation                   Area   Slacks      Slack    Trans      Cap 
 init_delay                 3591        0         0         0        0

           Trick     Calls     Accepts   Attempts    Time(secs) 
-----------------------------------------------------------
       crit_upsz         0  (        0 /        0 )  0.00
    plc_bal_star         0  (        0 /        0 )  0.00
     drc_buftimb         0  (        0 /        0 )  0.00
          plc_st         0  (        0 /        0 )  0.00
    plc_st_fence         0  (        0 /        0 )  0.00
        plc_star         0  (        0 /        0 )  0.00
      plc_laf_st         0  (        0 /        0 )  0.00
 plc_laf_st_fence         0  (        0 /        0 )  0.00
     drc_buftims         0  (        0 /        0 )  0.00
            fopt         0  (        0 /        0 )  0.00
   plc_laf_lo_st         0  (        0 /        0 )  0.00
       plc_lo_st         0  (        0 /        0 )  0.00
        mb_split         0  (        0 /        0 )  0.00

 
Local TNS optimization status
=============================
                                   Group   
                                  Tot Wrst     Total - - DRC Totals - -
                           Total  Weighted      Neg      Max       Max 
Operation                   Area   Slacks      Slack    Trans      Cap 
 init_tns                   3591        0         0         0        0

           Trick     Calls     Accepts   Attempts    Time(secs) 
-----------------------------------------------------------
    plc_bal_star         0  (        0 /        0 )  0.00
     drc_buftimb         0  (        0 /        0 )  0.00
     drc_buftims         0  (        0 /        0 )  0.00
       crit_upsz         0  (        0 /        0 )  0.00
   plc_laf_lo_st         0  (        0 /        0 )  0.00
       plc_lo_st         0  (        0 /        0 )  0.00
            fopt         0  (        0 /        0 )  0.00
       crit_dnsz         0  (        0 /        0 )  0.00
             dup         0  (        0 /        0 )  0.00
        setup_dn         0  (        0 /        0 )  0.00
        mb_split         0  (        0 /        0 )  0.00

PBS_TechMap-Postmap Cleanup - Elapsed_Time 0, CPU_Time -0.007219000000006304
stamp 'PBS_TechMap-Postmap Cleanup' being created for table 'pbs_debug'

  Total Time (Wall) |  Stage Time (Wall)  |   % (Wall)   |    Date - Time     |  Memory   | Stage
--------------------+---------------------+--------------+--------------------+-----------+----------------------
 00:00:18(00:00:14) |  00:00:00(00:00:00) |   0.0(  0.0) |    9:49:16 (Aug22) |  909.6 MB | PBS_Generic-Start
--------------------+---------------------+--------------+--------------------+-----------+----------------------
 00:00:29(00:00:26) |  00:00:11(00:00:12) |  39.3( 40.0) |    9:49:28 (Aug22) |   1.29 GB | PBS_Generic_Opt-Post
--------------------+---------------------+--------------+--------------------+-----------+----------------------
 00:00:29(00:00:26) |  00:00:00(00:00:00) |   0.0(  0.0) |    9:49:28 (Aug22) |   1.29 GB | PBS_Generic-Postgen HBO Optimizations
--------------------+---------------------+--------------+--------------------+-----------+----------------------
 00:00:29(00:00:26) |  00:00:00(00:00:00) |   0.0(  0.0) |    9:49:28 (Aug22) |   1.29 GB | PBS_TechMap-Start
--------------------+---------------------+--------------+--------------------+-----------+----------------------
 00:00:29(00:00:27) |  00:00:00(00:00:01) |   0.0(  3.3) |    9:49:29 (Aug22) |   1.29 GB | PBS_TechMap-Premap HBO Optimizations
--------------------+---------------------+--------------+--------------------+-----------+----------------------
 00:00:44(00:00:42) |  00:00:15(00:00:15) |  50.7( 50.0) |    9:49:44 (Aug22) |   1.29 GB | PBS_Techmap-Global Mapping
--------------------+---------------------+--------------+--------------------+-----------+----------------------
 00:00:46(00:00:44) |  00:00:01(00:00:02) |   6.7(  6.7) |    9:49:46 (Aug22) |   1.29 GB | PBS_TechMap-Datapath Postmap Operations
--------------------+---------------------+--------------+--------------------+-----------+----------------------
 00:00:46(00:00:44) |  00:00:00(00:00:00) |  -0.0(  0.0) |    9:49:46 (Aug22) |   1.29 GB | PBS_TechMap-Postmap HBO Optimizations
--------------------+---------------------+--------------+--------------------+-----------+----------------------
 00:00:47(00:00:44) |  00:00:01(00:00:00) |   3.4(  0.0) |    9:49:46 (Aug22) |   1.29 GB | PBS_TechMap-Postmap Clock Gating
--------------------+---------------------+--------------+--------------------+-----------+----------------------
 00:00:47(00:00:44) |  00:00:00(00:00:00) |  -0.0(  0.0) |    9:49:46 (Aug22) |   1.29 GB | PBS_TechMap-Postmap Cleanup
--------------------+---------------------+--------------+--------------------+-----------+----------------------
Number of threads: 8 * 1   (id: pbs_debug, time_info v1.57)
Info: (*N*) indicates data that was populated from previously saved time_info database
Info: CPU time includes time of parent + longest thread
PBS_Techmap-Post_MBCI - Elapsed_Time 0, CPU_Time 0.0
stamp 'PBS_Techmap-Post_MBCI' being created for table 'pbs_debug'

  Total Time (Wall) |  Stage Time (Wall)  |   % (Wall)   |    Date - Time     |  Memory   | Stage
--------------------+---------------------+--------------+--------------------+-----------+----------------------
 00:00:18(00:00:14) |  00:00:00(00:00:00) |   0.0(  0.0) |    9:49:16 (Aug22) |  909.6 MB | PBS_Generic-Start
--------------------+---------------------+--------------+--------------------+-----------+----------------------
 00:00:29(00:00:26) |  00:00:11(00:00:12) |  39.3( 40.0) |    9:49:28 (Aug22) |   1.29 GB | PBS_Generic_Opt-Post
--------------------+---------------------+--------------+--------------------+-----------+----------------------
 00:00:29(00:00:26) |  00:00:00(00:00:00) |   0.0(  0.0) |    9:49:28 (Aug22) |   1.29 GB | PBS_Generic-Postgen HBO Optimizations
--------------------+---------------------+--------------+--------------------+-----------+----------------------
 00:00:29(00:00:26) |  00:00:00(00:00:00) |   0.0(  0.0) |    9:49:28 (Aug22) |   1.29 GB | PBS_TechMap-Start
--------------------+---------------------+--------------+--------------------+-----------+----------------------
 00:00:29(00:00:27) |  00:00:00(00:00:01) |   0.0(  3.3) |    9:49:29 (Aug22) |   1.29 GB | PBS_TechMap-Premap HBO Optimizations
--------------------+---------------------+--------------+--------------------+-----------+----------------------
 00:00:44(00:00:42) |  00:00:15(00:00:15) |  50.7( 50.0) |    9:49:44 (Aug22) |   1.29 GB | PBS_Techmap-Global Mapping
--------------------+---------------------+--------------+--------------------+-----------+----------------------
 00:00:46(00:00:44) |  00:00:01(00:00:02) |   6.7(  6.7) |    9:49:46 (Aug22) |   1.29 GB | PBS_TechMap-Datapath Postmap Operations
--------------------+---------------------+--------------+--------------------+-----------+----------------------
 00:00:46(00:00:44) |  00:00:00(00:00:00) |  -0.0(  0.0) |    9:49:46 (Aug22) |   1.29 GB | PBS_TechMap-Postmap HBO Optimizations
--------------------+---------------------+--------------+--------------------+-----------+----------------------
 00:00:47(00:00:44) |  00:00:01(00:00:00) |   3.4(  0.0) |    9:49:46 (Aug22) |   1.29 GB | PBS_TechMap-Postmap Clock Gating
--------------------+---------------------+--------------+--------------------+-----------+----------------------
 00:00:47(00:00:44) |  00:00:00(00:00:00) |  -0.0(  0.0) |    9:49:46 (Aug22) |   1.29 GB | PBS_TechMap-Postmap Cleanup
--------------------+---------------------+--------------+--------------------+-----------+----------------------
 00:00:47(00:00:44) |  00:00:00(00:00:00) |   0.0(  0.0) |    9:49:46 (Aug22) |   1.29 GB | PBS_Techmap-Post_MBCI
--------------------+---------------------+--------------+--------------------+-----------+----------------------
Number of threads: 8 * 1   (id: pbs_debug, time_info v1.57)
Info: (*N*) indicates data that was populated from previously saved time_info database
Info: CPU time includes time of parent + longest thread
##>=================== Cadence Confidential (Mapping-Logical) ===================
##>Main Thread Summary:
##>----------------------------------------------------------------------------------------
##>STEP                           Elapsed       WNS       TNS     Insts      Area    Memory
##>----------------------------------------------------------------------------------------
##>M:Initial                            0         -         -      3582     10982      1285
##>M:Early Clock Gating                 0         -         -         -         -         -
##>M:Pre Cleanup                        1         -         -      3582     10982      1285
##>M:Setup                              0         -         -         -         -         -
##>M:Launch ST                          0         -         -         -         -         -
##>M:Design Partition                   0         -         -         -         -         -
##>M:Create Partition Netlists          0         -         -         -         -         -
##>M:Init Power                         0         -         -         -         -         -
##>M:Budgeting                          0         -         -         -         -         -
##>M:Derenv-DB                          0         -         -         -         -         -
##>M:Debug Outputs                      0         -         -         -         -         -
##>M:ST loading                         0         -         -         -         -         -
##>M:Distributed                        0         -         -         -         -         -
##>M:Timer                              0         -         -         -         -         -
##>M:Assembly                           0         -         -         -         -         -
##>M:DFT                                0         -         -         -         -         -
##>M:DP Operations                      2         -         -       957      3593      1286
##>M:Const Prop                         0       823         0       957      3593      1286
##>M:Cleanup                            0      1010         0       957      3591      1286
##>M:MBCI                               0         -         -       957      3591      1286
##>M:PostGen Opt                        0         -         -         -         -         -
##>M:Const Gate Removal                 0         -         -         -         -         -
##>M:Early Clock Gating Cleanup         0         -         -         -         -         -
##>M:Misc                              15
##>----------------------------------------------------------------------------------------
##>Total Elapsed                       18
##>========================================================================================
Info    : Done mapping. [SYNTH-5]
        : Done mapping 'pattern_detector'.
      flow.cputime  flow.realtime  timing.setup.tns  timing.setup.wns  snapshot
UM:*                                                                   syn_map
@file(script.tcl) 18: syn_opt
Warning : The selected flow setting will be removed in a future release. [SYNTH-33]
        : The use of 'syn_opt' for logical only optimization will be obsolete in a future release.
	Transition to 'syn_opt -logical' or 'syn_opt -spatial'.

        : Contact Cadence support to understand current flows.
Info    : Incrementally optimizing. [SYNTH-7]
        : Incrementally optimizing 'pattern_detector' using 'medium' effort.
 
Incremental optimization status
===============================
                                   Group   
                                  Tot Wrst     Total - - DRC Totals - -
                           Total  Weighted      Neg      Max       Max 
Operation                   Area   Slacks      Slack    Trans      Cap 
 init_iopt                  3591        0         0         0        0
-------------------------------------------------------------------------------
 const_prop                 3591        0         0         0        0
 
Incremental optimization status
===============================
                                   Group   
                                  Tot Wrst     Total - - DRC Totals - -
                           Total  Weighted      Neg      Max       Max 
Operation                   Area   Slacks      Slack    Trans      Cap 
 init_delay                 3591        0         0         0        0

           Trick     Calls     Accepts   Attempts    Time(secs) 
-----------------------------------------------------------
       crit_upsz         0  (        0 /        0 )  0.00
    plc_bal_star         0  (        0 /        0 )  0.00
     drc_buftimb         0  (        0 /        0 )  0.00
          plc_st         0  (        0 /        0 )  0.00
    plc_st_fence         0  (        0 /        0 )  0.00
        plc_star         0  (        0 /        0 )  0.00
      plc_laf_st         0  (        0 /        0 )  0.00
 plc_laf_st_fence         0  (        0 /        0 )  0.00
     drc_buftims         0  (        0 /        0 )  0.00
   plc_laf_lo_st         0  (        0 /        0 )  0.00
       plc_lo_st         0  (        0 /        0 )  0.00
            fopt         0  (        0 /        0 )  0.00
       crit_dnsz         0  (        0 /        0 )  0.00
             dup         0  (        0 /        0 )  0.00
            fopt         0  (        0 /        0 )  0.00
        setup_dn         0  (        0 /        0 )  0.00
         buf2inv         0  (        0 /        0 )  0.00
        mb_split         0  (        0 /        0 )  0.00
             exp         0  (        0 /        0 )  0.00
       gate_deco         0  (        0 /        0 )  0.00
       gcomp_tim         0  (        0 /        0 )  0.00
  inv_pair_2_buf         0  (        0 /        0 )  0.00

 init_drc                   3591        0         0         0        0

           Trick     Calls     Accepts   Attempts    Time(secs) 
-----------------------------------------------------------
          plc_st         0  (        0 /        0 )  0.00
        plc_star         0  (        0 /        0 )  0.00
        drc_bufs         0  (        0 /        0 )  0.00
        drc_fopt         0  (        0 /        0 )  0.00
        drc_bufb         0  (        0 /        0 )  0.00
      simple_buf         0  (        0 /        0 )  0.00
             dup         0  (        0 /        0 )  0.00
       crit_dnsz         0  (        0 /        0 )  0.00
       crit_upsz         0  (        0 /        0 )  0.00


           Trick     Calls     Accepts   Attempts    Time(secs) 
-----------------------------------------------------------
          plc_st         0  (        0 /        0 )  0.00
        plc_star         0  (        0 /        0 )  0.00
      drc_buf_sp         0  (        0 /        0 )  0.00
        drc_bufs         0  (        0 /        0 )  0.00
        drc_fopt         0  (        0 /        0 )  0.00
        drc_bufb         0  (        0 /        0 )  0.00
      simple_buf         0  (        0 /        0 )  0.00
             dup         0  (        0 /        0 )  0.00
       crit_dnsz         0  (        0 /        0 )  0.00
       crit_upsz         0  (        0 /        0 )  0.00


           Trick     Calls     Accepts   Attempts    Time(secs) 
-----------------------------------------------------------
          plc_st         0  (        0 /        0 )  0.00
        plc_star         0  (        0 /        0 )  0.00
      drc_buf_sp         0  (        0 /        0 )  0.00
        drc_bufs         0  (        0 /        0 )  0.00
        drc_fopt         0  (        0 /        0 )  0.00
        drc_bufb         0  (        0 /        0 )  0.00
             dup         0  (        0 /        0 )  0.00
       crit_dnsz         0  (        0 /        0 )  0.00
       crit_upsz         0  (        0 /        0 )  0.00

 init_tns                   3591        0         0         0        0

           Trick     Calls     Accepts   Attempts    Time(secs) 
-----------------------------------------------------------
    plc_bal_star         0  (        0 /        0 )  0.00
     drc_buftimb         0  (        0 /        0 )  0.00
     drc_buftims         0  (        0 /        0 )  0.00
       crit_upsz         0  (        0 /        0 )  0.00
   plc_laf_lo_st         0  (        0 /        0 )  0.00
       plc_lo_st         0  (        0 /        0 )  0.00
            fopt         0  (        0 /        0 )  0.00
       crit_dnsz         0  (        0 /        0 )  0.00
             dup         0  (        0 /        0 )  0.00
        setup_dn         0  (        0 /        0 )  0.00
         buf2inv         0  (        0 /        0 )  0.00
        mb_split         0  (        0 /        0 )  0.00

 init_area                  3591        0         0         0        0
 rem_buf                    3590        0         0         0        0
 merge_bi                   3588        0         0         0        0
 rem_inv_qb                 3588        0         0         0        0

           Trick     Calls     Accepts   Attempts    Time(secs) 
-----------------------------------------------------------
           undup         0  (        0 /        0 )  0.00
         rem_buf         1  (        1 /        1 )  0.00
         rem_inv         0  (        0 /        0 )  0.00
        merge_bi         2  (        2 /        2 )  0.01
      rem_inv_qb        13  (        2 /        2 )  0.03
        io_phase         7  (        0 /        0 )  0.01
       gate_comp        11  (        0 /        0 )  0.05
       gcomp_mog         2  (        0 /        0 )  0.01
       glob_area        48  (        0 /       48 )  0.03
       area_down        16  (        0 /        0 )  0.10
      size_n_buf         3  (        0 /        0 )  0.03
  gate_deco_area         0  (        0 /        0 )  0.00
         rem_buf         0  (        0 /        0 )  0.00
         rem_inv         0  (        0 /        0 )  0.00
        merge_bi         0  (        0 /        0 )  0.00
      rem_inv_qb         0  (        0 /        0 )  0.00

 
Incremental optimization status
===============================
                                   Group   
                                  Tot Wrst     Total - - DRC Totals - -
                           Total  Weighted      Neg      Max       Max 
Operation                   Area   Slacks      Slack    Trans      Cap 
 init_delay                 3588        0         0         0        0

           Trick     Calls     Accepts   Attempts    Time(secs) 
-----------------------------------------------------------
       crit_upsz         0  (        0 /        0 )  0.00
    plc_bal_star         0  (        0 /        0 )  0.00
     drc_buftimb         0  (        0 /        0 )  0.00
          plc_st         0  (        0 /        0 )  0.00
    plc_st_fence         0  (        0 /        0 )  0.00
        plc_star         0  (        0 /        0 )  0.00
      plc_laf_st         0  (        0 /        0 )  0.00
 plc_laf_st_fence         0  (        0 /        0 )  0.00
     drc_buftims         0  (        0 /        0 )  0.00
   plc_laf_lo_st         0  (        0 /        0 )  0.00
       plc_lo_st         0  (        0 /        0 )  0.00
            fopt         0  (        0 /        0 )  0.00
       crit_dnsz         0  (        0 /        0 )  0.00
             dup         0  (        0 /        0 )  0.00
            fopt         0  (        0 /        0 )  0.00
        setup_dn         0  (        0 /        0 )  0.00
         buf2inv         0  (        0 /        0 )  0.00
        mb_split         0  (        0 /        0 )  0.00
             exp         0  (        0 /        0 )  0.00
       gate_deco         0  (        0 /        0 )  0.00
       gcomp_tim         0  (        0 /        0 )  0.00
  inv_pair_2_buf         0  (        0 /        0 )  0.00

 init_drc                   3588        0         0         0        0

           Trick     Calls     Accepts   Attempts    Time(secs) 
-----------------------------------------------------------
          plc_st         0  (        0 /        0 )  0.00
        plc_star         0  (        0 /        0 )  0.00
        drc_bufs         0  (        0 /        0 )  0.00
        drc_fopt         0  (        0 /        0 )  0.00
        drc_bufb         0  (        0 /        0 )  0.00
      simple_buf         0  (        0 /        0 )  0.00
             dup         0  (        0 /        0 )  0.00
       crit_dnsz         0  (        0 /        0 )  0.00
       crit_upsz         0  (        0 /        0 )  0.00


           Trick     Calls     Accepts   Attempts    Time(secs) 
-----------------------------------------------------------
          plc_st         0  (        0 /        0 )  0.00
        plc_star         0  (        0 /        0 )  0.00
        drc_bufs         0  (        0 /        0 )  0.00
        drc_fopt         0  (        0 /        0 )  0.00
        drc_bufb         0  (        0 /        0 )  0.00
      simple_buf         0  (        0 /        0 )  0.00
             dup         0  (        0 /        0 )  0.00
       crit_dnsz         0  (        0 /        0 )  0.00
       crit_upsz         0  (        0 /        0 )  0.00


           Trick     Calls     Accepts   Attempts    Time(secs) 
-----------------------------------------------------------
          plc_st         0  (        0 /        0 )  0.00
        plc_star         0  (        0 /        0 )  0.00
        drc_bufs         0  (        0 /        0 )  0.00
        drc_fopt         0  (        0 /        0 )  0.00
        drc_bufb         0  (        0 /        0 )  0.00
             dup         0  (        0 /        0 )  0.00
       crit_dnsz         0  (        0 /        0 )  0.00
       crit_upsz         0  (        0 /        0 )  0.00

 init_area                  3588        0         0         0        0

           Trick     Calls     Accepts   Attempts    Time(secs) 
-----------------------------------------------------------
           undup         0  (        0 /        0 )  0.00
         rem_buf         0  (        0 /        0 )  0.00
         rem_inv         0  (        0 /        0 )  0.00
        merge_bi         0  (        0 /        0 )  0.00
      rem_inv_qb         0  (        0 /        0 )  0.00
        io_phase         7  (        0 /        0 )  0.01
       gate_comp        11  (        0 /        0 )  0.04
       gcomp_mog         2  (        0 /        0 )  0.01
       glob_area        48  (        0 /       48 )  0.03
       area_down        16  (        0 /        0 )  0.10
      size_n_buf         0  (        0 /        0 )  0.00
  gate_deco_area         0  (        0 /        0 )  0.00

==================================
Stage : incr_opt 
==================================
  =================
   Message Summary
  =================
---------------------------------------------------------------------------------------
|   Id   |  Sev  |Count|                         Message Text                         |
---------------------------------------------------------------------------------------
|CFM-1   |Info   |    1|Wrote dofile.                                                 |
|CFM-5   |Info   |    1|Wrote formal verification information.                        |
|PA-7    |Info   |    4|Resetting power analysis results.                             |
|        |       |     |All computed switching activities are removed.                |
|SYNTH-5 |Info   |    1|Done mapping.                                                 |
|SYNTH-7 |Info   |    1|Incrementally optimizing.                                     |
|SYNTH-33|Warning|    1|The selected flow setting will be removed in a future release.|
|        |       |     |Contact Cadence support to understand current flows.          |
---------------------------------------------------------------------------------------
Info    : Done incrementally optimizing. [SYNTH-8]
        : Done incrementally optimizing 'pattern_detector'.
      flow.cputime  flow.realtime  timing.setup.tns  timing.setup.wns  snapshot
UM:*                                                                   syn_opt
@file(script.tcl) 20: file mkdir reports
@file(script.tcl) 21: file mkdir outputs
@file(script.tcl) 23: write_db pattern_detector -to_file design.db
Finished exporting design database to file 'design.db' for 'pattern_detector' (command execution time mm:ss cpu = 00:00, real = 00:01).
@file(script.tcl) 24: write_hdl > pattern_detector_netlist.v
@file(script.tcl) 25: write_sdc > pattern_detector_syn.sdc
Finished SDC export (command execution time mm:ss (real) = 00:00).
@file(script.tcl) 27: report_timing > reports/report_timing.rpt
@file(script.tcl) 28: report_power > reports/report_power.rpt
Warning: Library 'slow_vdd1v0' found in multiple domains.
Info: Use -domain to uniquify.
Info: Selecting library 'slow_vdd1v0' in domain '-1'
Info    : Joules engine is used. [RPT-16]
        : Joules engine is being used for the command report_power.
Info   : ACTP-0001 [ACTPInfo] Activity propagation started for stim#0 netlist
       : pattern_detector
Info   : ACTP-0009 [ACTPInfo] Activity Propagation Progress Report :   0%   1%   2%   3%   4%   5%   6%   7%   8%   9%  10%  11%  12%  13%  14%  15%  16%  17%  18%  19%  20%  21%  22%  23%  24%  25%  26%  27%  28%  29%  30%  31%  32%  33%  34%  35%  36%  37%  38%  39%  40%  41%  42%  43%  44%  45%  46%  47%  48%  49%  50%  51%  52%  53%  54%  55%  56%  57%  58%  59%  60%  61%  62%  63%  64%  65%  66%  67%  68%  69%  70%  71%  72%  73%  74%  75%  76%  77%  78%  79%  80%  81%  82%  83%  84%  85%  86%  87%  88%  89%  90%  91%  92%  93%  94%  95%  96%  97%  98%  99% 100%
Info   : ACTP-0001 Activity propagation ended for stim#0
Info   : PWRA-0001 [PwrInfo] compute_power effective options 
       : -mode : vectorless
       : -skip_propagation : 1
       : -use_clock_freq : stim
       : -fromGenus : 1
Info   : ACTP-0001 Timing initialization started
Info   : ACTP-0001 Timing initialization ended
Info   : PWRA-0002 [PwrInfo] Skipping activity propagation due to -skip_ap
       : option....
Info   : PWRA-0002 Started 'vectorless' power computation.
Info   : PWRA-0009 [PwrInfo] Power Computation Progress Report :   0%   1%   2%   3%   4%   5%   6%   7%   8%   9%  10%  11%  12%  13%  14%  15%  16%  17%  18%  19%  20%  21%  22%  23%  24%  25%  26%  27%  28%  29%  30%  31%  32%  33%  34%  35%  36%  37%  38%  39%  40%  41%  42%  43%  44%  45%  46%  47%  48%  49%  50%  51%  52%  53%  54%  55%  56%  57%  58%  59%  60%  61%  62%  63%  64%  65%  66%  67%  68%  69%  70%  71%  72%  73%  74%  75%  76%  77%  78%  79%  80%  81%  82%  83%  84%  85%  86%  87%  88%  89%  90%  91%  92%  93%  94%  95%  96%  97%  98%  99% 100%
Info   : PWRA-0002 Finished power computation.
Info   : PWRA-0007 [PwrInfo] Completed successfully.
       : Info=6, Warn=0, Error=0, Fatal=0
Output file: reports/report_power.rpt
@file(script.tcl) 29: report_area > reports/report_area.rpt
@file(script.tcl) 30: report_qor > reports/report_qor.rpt
@file(script.tcl) 32: write_sdf -timescale ns -nonegchecks -recrem split -edges check_edge -setuphold split > outputs/delays.sdf
@file(script.tcl) 33: exit

Lic Summary:
[09:49:49.160504] Cdslmd servers: ip-10-0-0-94
[09:49:49.160515] Feature usage summary:
[09:49:49.160515] Genus_Synthesis  
Normal exit.