======================================================================

Annotating SDF timing data:
  Compiled SDF file:     delays.sdf.X
  Log file:              delays.sdf.X_sdf_annotation.log
  Backannotation scope:  mac_param_tb.dut
  Configuration file:    
  MTM control:           
  Scale factors:         
  Scale type:            

Time units: 1ns


Annotating to instance g1464 of module BUFX2
	ABSOLUTE (IOPATH A Y) = ((), ())

Annotating to instance g1443 of module BUFX2
	ABSOLUTE (IOPATH A Y) = ((), ())

Annotating to instance g1452 of module BUFX2
	ABSOLUTE (IOPATH A Y) = ((), ())

Annotating to instance g1459 of module BUFX2
	ABSOLUTE (IOPATH A Y) = ((), ())

Annotating to instance g1453 of module BUFX2
	ABSOLUTE (IOPATH A Y) = ((), ())

Annotating to instance g1456 of module BUFX2
	ABSOLUTE (IOPATH A Y) = ((), ())

Annotating to instance g1454 of module BUFX2
	ABSOLUTE (IOPATH A Y) = ((), ())

Annotating to instance g1455 of module BUFX2
	ABSOLUTE (IOPATH A Y) = ((), ())

Annotating to instance g1451 of module BUFX2
	ABSOLUTE (IOPATH A Y) = ((), ())

Annotating to instance g1465 of module BUFX2
	ABSOLUTE (IOPATH A Y) = ((), ())

Annotating to instance g1445 of module BUFX2
	ABSOLUTE (IOPATH A Y) = ((), ())

Annotating to instance g1462 of module BUFX2
	ABSOLUTE (IOPATH A Y) = ((), ())

Annotating to instance g1467 of module BUFX3
	ABSOLUTE (IOPATH A Y) = ((), ())

Annotating to instance g1447 of module BUFX2
	ABSOLUTE (IOPATH A Y) = ((), ())

Annotating to instance g1460 of module BUFX2
	ABSOLUTE (IOPATH A Y) = ((), ())

Annotating to instance done_reg of module DFFRHQX1
	ABSOLUTE (IOPATH RN Q) = ((), ())
	ABSOLUTE (IOPATH CK Q) = ((), ())
	TIMINGCHECK (REMOVAL (posedge RN) (posedge CK) ())
	TIMINGCHECK (RECOVERY (posedge RN) (posedge CK) ())
	TIMINGCHECK (HOLD (negedge D) (posedge CK) ())
	TIMINGCHECK (HOLD (posedge D) (posedge CK) ())
	TIMINGCHECK (SETUP (negedge D) (posedge CK) ())
	TIMINGCHECK (SETUP (posedge D) (posedge CK) ())

Annotating to instance g1660 of module INVXL
	ABSOLUTE (IOPATH A Y) = ((), ())

Annotating to instance g1661__2398 of module NAND2X1
	ABSOLUTE (IOPATH A Y) = ((), ())
	ABSOLUTE (IOPATH B Y) = ((), ())

Annotating to instance g1662__5107 of module NOR2XL
	ABSOLUTE (IOPATH A Y) = ((), ())
	ABSOLUTE (IOPATH B Y) = ((), ())

Annotating to instance g1663__6260 of module NAND2X1
	ABSOLUTE (IOPATH A Y) = ((), ())
	ABSOLUTE (IOPATH B Y) = ((), ())

Annotating to instance g1664 of module INVXL
	ABSOLUTE (IOPATH A Y) = ((), ())

Annotating to instance g1665__4319 of module NAND3X1
	ABSOLUTE (IOPATH A Y) = ((), ())
	ABSOLUTE (IOPATH B Y) = ((), ())
	ABSOLUTE (IOPATH C Y) = ((), ())

Annotating to instance g1666__8428 of module NOR2X1
	ABSOLUTE (IOPATH A Y) = ((), ())
	ABSOLUTE (IOPATH B Y) = ((), ())

Annotating to instance g1667 of module INVX1
	ABSOLUTE (IOPATH A Y) = ((), ())

Annotating to instance g1669__5526 of module NAND2X1
	ABSOLUTE (IOPATH A Y) = ((), ())
	ABSOLUTE (IOPATH B Y) = ((), ())

Annotating to instance g1670__6783 of module NAND2X1
	ABSOLUTE (IOPATH A Y) = ((), ())
	ABSOLUTE (IOPATH B Y) = ((), ())

Annotating to instance fopt of module CLKBUFX20
	ABSOLUTE (IOPATH A Y) = ((), ())

Annotating to instance g2__3680 of module AND2XL
	ABSOLUTE (IOPATH A Y) = ((), ())
	ABSOLUTE (IOPATH B Y) = ((), ())

Annotating to instance busy_reg of module DFFRHQX1
	ABSOLUTE (IOPATH RN Q) = ((), ())
	ABSOLUTE (IOPATH CK Q) = ((), ())
	TIMINGCHECK (REMOVAL (posedge RN) (posedge CK) ())
	TIMINGCHECK (RECOVERY (posedge RN) (posedge CK) ())
	TIMINGCHECK (HOLD (negedge D) (posedge CK) ())
	TIMINGCHECK (HOLD (posedge D) (posedge CK) ())
	TIMINGCHECK (SETUP (negedge D) (posedge CK) ())
	TIMINGCHECK (SETUP (posedge D) (posedge CK) ())

Annotating to instance count_reg[0] of module DFFRHQX1
	ABSOLUTE (IOPATH RN Q) = ((), ())
	ABSOLUTE (IOPATH CK Q) = ((), ())
	TIMINGCHECK (REMOVAL (posedge RN) (posedge CK) ())
	TIMINGCHECK (RECOVERY (posedge RN) (posedge CK) ())
	TIMINGCHECK (HOLD (negedge D) (posedge CK) ())
	TIMINGCHECK (HOLD (posedge D) (posedge CK) ())
	TIMINGCHECK (SETUP (negedge D) (posedge CK) ())
	TIMINGCHECK (SETUP (posedge D) (posedge CK) ())

Annotating to instance count_reg[1] of module DFFRHQX1
	ABSOLUTE (IOPATH RN Q) = ((), ())
	ABSOLUTE (IOPATH CK Q) = ((), ())
	TIMINGCHECK (REMOVAL (posedge RN) (posedge CK) ())
	TIMINGCHECK (RECOVERY (posedge RN) (posedge CK) ())
	TIMINGCHECK (HOLD (negedge D) (posedge CK) ())
	TIMINGCHECK (HOLD (posedge D) (posedge CK) ())
	TIMINGCHECK (SETUP (negedge D) (posedge CK) ())
	TIMINGCHECK (SETUP (posedge D) (posedge CK) ())

Annotating to instance count_reg[2] of module DFFRHQX1
	ABSOLUTE (IOPATH RN Q) = ((), ())
	ABSOLUTE (IOPATH CK Q) = ((), ())
	TIMINGCHECK (REMOVAL (posedge RN) (posedge CK) ())
	TIMINGCHECK (RECOVERY (posedge RN) (posedge CK) ())
	TIMINGCHECK (HOLD (negedge D) (posedge CK) ())
	TIMINGCHECK (HOLD (posedge D) (posedge CK) ())
	TIMINGCHECK (SETUP (negedge D) (posedge CK) ())
	TIMINGCHECK (SETUP (posedge D) (posedge CK) ())

Annotating to instance count_reg[3] of module DFFRHQX1
	ABSOLUTE (IOPATH RN Q) = ((), ())
	ABSOLUTE (IOPATH CK Q) = ((), ())
	TIMINGCHECK (REMOVAL (posedge RN) (posedge CK) ())
	TIMINGCHECK (RECOVERY (posedge RN) (posedge CK) ())
	TIMINGCHECK (HOLD (negedge D) (posedge CK) ())
	TIMINGCHECK (HOLD (posedge D) (posedge CK) ())
	TIMINGCHECK (SETUP (negedge D) (posedge CK) ())
	TIMINGCHECK (SETUP (posedge D) (posedge CK) ())

Annotating to instance count_reg[4] of module DFFRHQX1
	ABSOLUTE (IOPATH RN Q) = ((), ())
	ABSOLUTE (IOPATH CK Q) = ((), ())
	TIMINGCHECK (REMOVAL (posedge RN) (posedge CK) ())
	TIMINGCHECK (RECOVERY (posedge RN) (posedge CK) ())
	TIMINGCHECK (HOLD (negedge D) (posedge CK) ())
	TIMINGCHECK (HOLD (posedge D) (posedge CK) ())
	TIMINGCHECK (SETUP (negedge D) (posedge CK) ())
	TIMINGCHECK (SETUP (posedge D) (posedge CK) ())

Annotating to instance count_reg[5] of module DFFRHQX1
	ABSOLUTE (IOPATH RN Q) = ((), ())
	ABSOLUTE (IOPATH CK Q) = ((), ())
	TIMINGCHECK (REMOVAL (posedge RN) (posedge CK) ())
	TIMINGCHECK (RECOVERY (posedge RN) (posedge CK) ())
	TIMINGCHECK (HOLD (negedge D) (posedge CK) ())
	TIMINGCHECK (HOLD (posedge D) (posedge CK) ())
	TIMINGCHECK (SETUP (negedge D) (posedge CK) ())
	TIMINGCHECK (SETUP (posedge D) (posedge CK) ())

Annotating to instance count_reg[6] of module DFFRHQX1
	ABSOLUTE (IOPATH RN Q) = ((), ())
	ABSOLUTE (IOPATH CK Q) = ((), ())
	TIMINGCHECK (REMOVAL (posedge RN) (posedge CK) ())
	TIMINGCHECK (RECOVERY (posedge RN) (posedge CK) ())
	TIMINGCHECK (HOLD (negedge D) (posedge CK) ())
	TIMINGCHECK (HOLD (posedge D) (posedge CK) ())
	TIMINGCHECK (SETUP (negedge D) (posedge CK) ())
	TIMINGCHECK (SETUP (posedge D) (posedge CK) ())

Annotating to instance count_reg[7] of module DFFRHQX1
	ABSOLUTE (IOPATH RN Q) = ((), ())
	ABSOLUTE (IOPATH CK Q) = ((), ())
	TIMINGCHECK (REMOVAL (posedge RN) (posedge CK) ())
	TIMINGCHECK (RECOVERY (posedge RN) (posedge CK) ())
	TIMINGCHECK (HOLD (negedge D) (posedge CK) ())
	TIMINGCHECK (HOLD (posedge D) (posedge CK) ())
	TIMINGCHECK (SETUP (negedge D) (posedge CK) ())
	TIMINGCHECK (SETUP (posedge D) (posedge CK) ())

Annotating to instance count_reg[8] of module DFFRHQX1
	ABSOLUTE (IOPATH RN Q) = ((), ())
	ABSOLUTE (IOPATH CK Q) = ((), ())
	TIMINGCHECK (REMOVAL (posedge RN) (posedge CK) ())
	TIMINGCHECK (RECOVERY (posedge RN) (posedge CK) ())
	TIMINGCHECK (HOLD (negedge D) (posedge CK) ())
	TIMINGCHECK (HOLD (posedge D) (posedge CK) ())
	TIMINGCHECK (SETUP (negedge D) (posedge CK) ())
	TIMINGCHECK (SETUP (posedge D) (posedge CK) ())

Annotating to instance count_reg[9] of module DFFRHQX1
	ABSOLUTE (IOPATH RN Q) = ((), ())
	ABSOLUTE (IOPATH CK Q) = ((), ())
	TIMINGCHECK (REMOVAL (posedge RN) (posedge CK) ())
	TIMINGCHECK (RECOVERY (posedge RN) (posedge CK) ())
	TIMINGCHECK (HOLD (negedge D) (posedge CK) ())
	TIMINGCHECK (HOLD (posedge D) (posedge CK) ())
	TIMINGCHECK (SETUP (negedge D) (posedge CK) ())
	TIMINGCHECK (SETUP (posedge D) (posedge CK) ())

Annotating to instance result_reg[0] of module DFFRHQX1
	ABSOLUTE (IOPATH RN Q) = ((), ())
	ABSOLUTE (IOPATH CK Q) = ((), ())
	TIMINGCHECK (REMOVAL (posedge RN) (posedge CK) ())
	TIMINGCHECK (RECOVERY (posedge RN) (posedge CK) ())
	TIMINGCHECK (HOLD (negedge D) (posedge CK) ())
	TIMINGCHECK (HOLD (posedge D) (posedge CK) ())
	TIMINGCHECK (SETUP (negedge D) (posedge CK) ())
	TIMINGCHECK (SETUP (posedge D) (posedge CK) ())

Annotating to instance result_reg[1] of module DFFRHQX1
	ABSOLUTE (IOPATH RN Q) = ((), ())
	ABSOLUTE (IOPATH CK Q) = ((), ())
	TIMINGCHECK (REMOVAL (posedge RN) (posedge CK) ())
	TIMINGCHECK (RECOVERY (posedge RN) (posedge CK) ())
	TIMINGCHECK (HOLD (negedge D) (posedge CK) ())
	TIMINGCHECK (HOLD (posedge D) (posedge CK) ())
	TIMINGCHECK (SETUP (negedge D) (posedge CK) ())
	TIMINGCHECK (SETUP (posedge D) (posedge CK) ())

Annotating to instance result_reg[2] of module DFFRHQX1
	ABSOLUTE (IOPATH RN Q) = ((), ())
	ABSOLUTE (IOPATH CK Q) = ((), ())
	TIMINGCHECK (REMOVAL (posedge RN) (posedge CK) ())
	TIMINGCHECK (RECOVERY (posedge RN) (posedge CK) ())
	TIMINGCHECK (HOLD (negedge D) (posedge CK) ())
	TIMINGCHECK (HOLD (posedge D) (posedge CK) ())
	TIMINGCHECK (SETUP (negedge D) (posedge CK) ())
	TIMINGCHECK (SETUP (posedge D) (posedge CK) ())

Annotating to instance result_reg[3] of module DFFRHQX1
	ABSOLUTE (IOPATH RN Q) = ((), ())
	ABSOLUTE (IOPATH CK Q) = ((), ())
	TIMINGCHECK (REMOVAL (posedge RN) (posedge CK) ())
	TIMINGCHECK (RECOVERY (posedge RN) (posedge CK) ())
	TIMINGCHECK (HOLD (negedge D) (posedge CK) ())
	TIMINGCHECK (HOLD (posedge D) (posedge CK) ())
	TIMINGCHECK (SETUP (negedge D) (posedge CK) ())
	TIMINGCHECK (SETUP (posedge D) (posedge CK) ())

Annotating to instance result_reg[4] of module DFFRHQX1
	ABSOLUTE (IOPATH RN Q) = ((), ())
	ABSOLUTE (IOPATH CK Q) = ((), ())
	TIMINGCHECK (REMOVAL (posedge RN) (posedge CK) ())
	TIMINGCHECK (RECOVERY (posedge RN) (posedge CK) ())
	TIMINGCHECK (HOLD (negedge D) (posedge CK) ())
	TIMINGCHECK (HOLD (posedge D) (posedge CK) ())
	TIMINGCHECK (SETUP (negedge D) (posedge CK) ())
	TIMINGCHECK (SETUP (posedge D) (posedge CK) ())

Annotating to instance result_reg[5] of module DFFRHQX1
	ABSOLUTE (IOPATH RN Q) = ((), ())
	ABSOLUTE (IOPATH CK Q) = ((), ())
	TIMINGCHECK (REMOVAL (posedge RN) (posedge CK) ())
	TIMINGCHECK (RECOVERY (posedge RN) (posedge CK) ())
	TIMINGCHECK (HOLD (negedge D) (posedge CK) ())
	TIMINGCHECK (HOLD (posedge D) (posedge CK) ())
	TIMINGCHECK (SETUP (negedge D) (posedge CK) ())
	TIMINGCHECK (SETUP (posedge D) (posedge CK) ())

Annotating to instance result_reg[6] of module DFFRHQX1
	ABSOLUTE (IOPATH RN Q) = ((), ())
	ABSOLUTE (IOPATH CK Q) = ((), ())
	TIMINGCHECK (REMOVAL (posedge RN) (posedge CK) ())
	TIMINGCHECK (RECOVERY (posedge RN) (posedge CK) ())
	TIMINGCHECK (HOLD (negedge D) (posedge CK) ())
	TIMINGCHECK (HOLD (posedge D) (posedge CK) ())
	TIMINGCHECK (SETUP (negedge D) (posedge CK) ())
	TIMINGCHECK (SETUP (posedge D) (posedge CK) ())

Annotating to instance result_reg[7] of module DFFRHQX1
	ABSOLUTE (IOPATH RN Q) = ((), ())
	ABSOLUTE (IOPATH CK Q) = ((), ())
	TIMINGCHECK (REMOVAL (posedge RN) (posedge CK) ())
	TIMINGCHECK (RECOVERY (posedge RN) (posedge CK) ())
	TIMINGCHECK (HOLD (negedge D) (posedge CK) ())
	TIMINGCHECK (HOLD (posedge D) (posedge CK) ())
	TIMINGCHECK (SETUP (negedge D) (posedge CK) ())
	TIMINGCHECK (SETUP (posedge D) (posedge CK) ())

Annotating to instance result_reg[8] of module DFFRHQX1
	ABSOLUTE (IOPATH RN Q) = ((), ())
	ABSOLUTE (IOPATH CK Q) = ((), ())
	TIMINGCHECK (REMOVAL (posedge RN) (posedge CK) ())
	TIMINGCHECK (RECOVERY (posedge RN) (posedge CK) ())
	TIMINGCHECK (HOLD (negedge D) (posedge CK) ())
	TIMINGCHECK (HOLD (posedge D) (posedge CK) ())
	TIMINGCHECK (SETUP (negedge D) (posedge CK) ())
	TIMINGCHECK (SETUP (posedge D) (posedge CK) ())

Annotating to instance result_reg[9] of module DFFRHQX1
	ABSOLUTE (IOPATH RN Q) = ((), ())
	ABSOLUTE (IOPATH CK Q) = ((), ())
	TIMINGCHECK (REMOVAL (posedge RN) (posedge CK) ())
	TIMINGCHECK (RECOVERY (posedge RN) (posedge CK) ())
	TIMINGCHECK (HOLD (negedge D) (posedge CK) ())
	TIMINGCHECK (HOLD (posedge D) (posedge CK) ())
	TIMINGCHECK (SETUP (negedge D) (posedge CK) ())
	TIMINGCHECK (SETUP (posedge D) (posedge CK) ())

Annotating to instance result_reg[10] of module DFFRHQX1
	ABSOLUTE (IOPATH RN Q) = ((), ())
	ABSOLUTE (IOPATH CK Q) = ((), ())
	TIMINGCHECK (REMOVAL (posedge RN) (posedge CK) ())
	TIMINGCHECK (RECOVERY (posedge RN) (posedge CK) ())
	TIMINGCHECK (HOLD (negedge D) (posedge CK) ())
	TIMINGCHECK (HOLD (posedge D) (posedge CK) ())
	TIMINGCHECK (SETUP (negedge D) (posedge CK) ())
	TIMINGCHECK (SETUP (posedge D) (posedge CK) ())

Annotating to instance result_reg[11] of module DFFRHQX1
	ABSOLUTE (IOPATH RN Q) = ((), ())
	ABSOLUTE (IOPATH CK Q) = ((), ())
	TIMINGCHECK (REMOVAL (posedge RN) (posedge CK) ())
	TIMINGCHECK (RECOVERY (posedge RN) (posedge CK) ())
	TIMINGCHECK (HOLD (negedge D) (posedge CK) ())
	TIMINGCHECK (HOLD (posedge D) (posedge CK) ())
	TIMINGCHECK (SETUP (negedge D) (posedge CK) ())
	TIMINGCHECK (SETUP (posedge D) (posedge CK) ())

Annotating to instance result_reg[12] of module DFFRHQX1
	ABSOLUTE (IOPATH RN Q) = ((), ())
	ABSOLUTE (IOPATH CK Q) = ((), ())
	TIMINGCHECK (REMOVAL (posedge RN) (posedge CK) ())
	TIMINGCHECK (RECOVERY (posedge RN) (posedge CK) ())
	TIMINGCHECK (HOLD (negedge D) (posedge CK) ())
	TIMINGCHECK (HOLD (posedge D) (posedge CK) ())
	TIMINGCHECK (SETUP (negedge D) (posedge CK) ())
	TIMINGCHECK (SETUP (posedge D) (posedge CK) ())

Annotating to instance result_reg[13] of module DFFRHQX1
	ABSOLUTE (IOPATH RN Q) = ((), ())
	ABSOLUTE (IOPATH CK Q) = ((), ())
	TIMINGCHECK (REMOVAL (posedge RN) (posedge CK) ())
	TIMINGCHECK (RECOVERY (posedge RN) (posedge CK) ())
	TIMINGCHECK (HOLD (negedge D) (posedge CK) ())
	TIMINGCHECK (HOLD (posedge D) (posedge CK) ())
	TIMINGCHECK (SETUP (negedge D) (posedge CK) ())
	TIMINGCHECK (SETUP (posedge D) (posedge CK) ())

Annotating to instance result_reg[14] of module DFFRHQX1
	ABSOLUTE (IOPATH RN Q) = ((), ())
	ABSOLUTE (IOPATH CK Q) = ((), ())
	TIMINGCHECK (REMOVAL (posedge RN) (posedge CK) ())
	TIMINGCHECK (RECOVERY (posedge RN) (posedge CK) ())
	TIMINGCHECK (HOLD (negedge D) (posedge CK) ())
	TIMINGCHECK (HOLD (posedge D) (posedge CK) ())
	TIMINGCHECK (SETUP (negedge D) (posedge CK) ())
	TIMINGCHECK (SETUP (posedge D) (posedge CK) ())

Annotating to instance result_reg[15] of module DFFRHQX1
	ABSOLUTE (IOPATH RN Q) = ((), ())
	ABSOLUTE (IOPATH CK Q) = ((), ())
	TIMINGCHECK (REMOVAL (posedge RN) (posedge CK) ())
	TIMINGCHECK (RECOVERY (posedge RN) (posedge CK) ())
	TIMINGCHECK (HOLD (negedge D) (posedge CK) ())
	TIMINGCHECK (HOLD (posedge D) (posedge CK) ())
	TIMINGCHECK (SETUP (negedge D) (posedge CK) ())
	TIMINGCHECK (SETUP (posedge D) (posedge CK) ())

Annotating to instance result_reg[16] of module DFFRHQX1
	ABSOLUTE (IOPATH RN Q) = ((), ())
	ABSOLUTE (IOPATH CK Q) = ((), ())
	TIMINGCHECK (REMOVAL (posedge RN) (posedge CK) ())
	TIMINGCHECK (RECOVERY (posedge RN) (posedge CK) ())
	TIMINGCHECK (HOLD (negedge D) (posedge CK) ())
	TIMINGCHECK (HOLD (posedge D) (posedge CK) ())
	TIMINGCHECK (SETUP (negedge D) (posedge CK) ())
	TIMINGCHECK (SETUP (posedge D) (posedge CK) ())

Annotating to instance g2252__1617 of module NOR2XL
	ABSOLUTE (IOPATH A Y) = ((), ())
	ABSOLUTE (IOPATH B Y) = ((), ())

Annotating to instance g2253__2802 of module AOI2BB1X1
	ABSOLUTE (IOPATH A1N Y) = ((), ())
	ABSOLUTE (IOPATH B0 Y) = ((), ())
	ABSOLUTE (IOPATH A0N Y) = ((), ())

Annotating to instance g2259__1705 of module OAI21XL
	ABSOLUTE (IOPATH A0 Y) = ((), ())
	ABSOLUTE (IOPATH B0 Y) = ((), ())
	ABSOLUTE (IOPATH A1 Y) = ((), ())

Annotating to instance g2260__5122 of module OAI21XL
	ABSOLUTE (IOPATH A0 Y) = ((), ())
	ABSOLUTE (IOPATH B0 Y) = ((), ())
	ABSOLUTE (IOPATH A1 Y) = ((), ())

Annotating to instance g2280__8246 of module NOR2XL
	ABSOLUTE (IOPATH A Y) = ((), ())
	ABSOLUTE (IOPATH B Y) = ((), ())

Annotating to instance g2281__7098 of module NOR2BX1
	ABSOLUTE (IOPATH B Y) = ((), ())
	ABSOLUTE (IOPATH AN Y) = ((), ())

Annotating to instance g2282__6131 of module NAND3BXL
	ABSOLUTE (IOPATH B Y) = ((), ())
	ABSOLUTE (IOPATH C Y) = ((), ())
	ABSOLUTE (IOPATH AN Y) = ((), ())

Annotating to instance g2284__1881 of module AOI211XL
	ABSOLUTE (IOPATH A0 Y) = ((), ())
	ABSOLUTE (IOPATH B0 Y) = ((), ())
	ABSOLUTE (IOPATH A1 Y) = ((), ())
	ABSOLUTE (IOPATH C0 Y) = ((), ())

Annotating to instance g2289__5115 of module AND2XL
	ABSOLUTE (IOPATH A Y) = ((), ())
	ABSOLUTE (IOPATH B Y) = ((), ())

Annotating to instance g2297__7482 of module OAI2BB1XL
	ABSOLUTE (IOPATH A1N Y) = ((), ())
	ABSOLUTE (IOPATH B0 Y) = ((), ())
	ABSOLUTE (IOPATH A0N Y) = ((), ())

Annotating to instance g2299__4733 of module OAI2BB1XL
	ABSOLUTE (IOPATH A1N Y) = ((), ())
	ABSOLUTE (IOPATH B0 Y) = ((), ())
	ABSOLUTE (IOPATH A0N Y) = ((), ())

Annotating to instance g2300__6161 of module AOI21XL
	ABSOLUTE (IOPATH A0 Y) = ((), ())
	ABSOLUTE (IOPATH B0 Y) = ((), ())
	ABSOLUTE (IOPATH A1 Y) = ((), ())

Annotating to instance g2301__9315 of module AOI21XL
	ABSOLUTE (IOPATH A0 Y) = ((), ())
	ABSOLUTE (IOPATH B0 Y) = ((), ())
	ABSOLUTE (IOPATH A1 Y) = ((), ())

Annotating to instance g2302__9945 of module OAI2BB1XL
	ABSOLUTE (IOPATH A1N Y) = ((), ())
	ABSOLUTE (IOPATH B0 Y) = ((), ())
	ABSOLUTE (IOPATH A0N Y) = ((), ())

Annotating to instance g2303__2883 of module OAI2BB1X1
	ABSOLUTE (IOPATH A1N Y) = ((), ())
	ABSOLUTE (IOPATH B0 Y) = ((), ())
	ABSOLUTE (IOPATH A0N Y) = ((), ())

Annotating to instance g2304__2346 of module OAI2BB1X1
	ABSOLUTE (IOPATH A1N Y) = ((), ())
	ABSOLUTE (IOPATH B0 Y) = ((), ())
	ABSOLUTE (IOPATH A0N Y) = ((), ())

Annotating to instance g2305__1666 of module OAI2BB1X1
	ABSOLUTE (IOPATH A1N Y) = ((), ())
	ABSOLUTE (IOPATH B0 Y) = ((), ())
	ABSOLUTE (IOPATH A0N Y) = ((), ())

Annotating to instance g2306__7410 of module OAI2BB1X1
	ABSOLUTE (IOPATH A1N Y) = ((), ())
	ABSOLUTE (IOPATH B0 Y) = ((), ())
	ABSOLUTE (IOPATH A0N Y) = ((), ())

Annotating to instance g2307__6417 of module OAI2BB1X1
	ABSOLUTE (IOPATH A1N Y) = ((), ())
	ABSOLUTE (IOPATH B0 Y) = ((), ())
	ABSOLUTE (IOPATH A0N Y) = ((), ())

Annotating to instance g2308__5477 of module OAI2BB1X1
	ABSOLUTE (IOPATH A1N Y) = ((), ())
	ABSOLUTE (IOPATH B0 Y) = ((), ())
	ABSOLUTE (IOPATH A0N Y) = ((), ())

Annotating to instance g2309__2398 of module OAI2BB1XL
	ABSOLUTE (IOPATH A1N Y) = ((), ())
	ABSOLUTE (IOPATH B0 Y) = ((), ())
	ABSOLUTE (IOPATH A0N Y) = ((), ())

Annotating to instance g2310__5107 of module OAI2BB1XL
	ABSOLUTE (IOPATH A1N Y) = ((), ())
	ABSOLUTE (IOPATH B0 Y) = ((), ())
	ABSOLUTE (IOPATH A0N Y) = ((), ())

Annotating to instance g2311__6260 of module NAND2X1
	ABSOLUTE (IOPATH A Y) = ((), ())
	ABSOLUTE (IOPATH B Y) = ((), ())

Annotating to instance g2312__4319 of module NOR2BX1
	ABSOLUTE (IOPATH B Y) = ((), ())
	ABSOLUTE (IOPATH AN Y) = ((), ())

Annotating to instance g2314__5526 of module OAI2BB1XL
	ABSOLUTE (IOPATH A1N Y) = ((), ())
	ABSOLUTE (IOPATH B0 Y) = ((), ())
	ABSOLUTE (IOPATH A0N Y) = ((), ())

Annotating to instance g2315__6783 of module OAI2BB1XL
	ABSOLUTE (IOPATH A1N Y) = ((), ())
	ABSOLUTE (IOPATH B0 Y) = ((), ())
	ABSOLUTE (IOPATH A0N Y) = ((), ())

Annotating to instance g2316__3680 of module OAI2BB1XL
	ABSOLUTE (IOPATH A1N Y) = ((), ())
	ABSOLUTE (IOPATH B0 Y) = ((), ())
	ABSOLUTE (IOPATH A0N Y) = ((), ())

Annotating to instance g2317__1617 of module OAI2BB1XL
	ABSOLUTE (IOPATH A1N Y) = ((), ())
	ABSOLUTE (IOPATH B0 Y) = ((), ())
	ABSOLUTE (IOPATH A0N Y) = ((), ())

Annotating to instance g2318__2802 of module OAI2BB1XL
	ABSOLUTE (IOPATH A1N Y) = ((), ())
	ABSOLUTE (IOPATH B0 Y) = ((), ())
	ABSOLUTE (IOPATH A0N Y) = ((), ())

Annotating to instance g2319__1705 of module OAI2BB1XL
	ABSOLUTE (IOPATH A1N Y) = ((), ())
	ABSOLUTE (IOPATH B0 Y) = ((), ())
	ABSOLUTE (IOPATH A0N Y) = ((), ())

Annotating to instance g2320__5122 of module OAI2BB1XL
	ABSOLUTE (IOPATH A1N Y) = ((), ())
	ABSOLUTE (IOPATH B0 Y) = ((), ())
	ABSOLUTE (IOPATH A0N Y) = ((), ())

Annotating to instance g2321__8246 of module OAI2BB1XL
	ABSOLUTE (IOPATH A1N Y) = ((), ())
	ABSOLUTE (IOPATH B0 Y) = ((), ())
	ABSOLUTE (IOPATH A0N Y) = ((), ())

Annotating to instance g2322__7098 of module OAI2BB1XL
	ABSOLUTE (IOPATH A1N Y) = ((), ())
	ABSOLUTE (IOPATH B0 Y) = ((), ())
	ABSOLUTE (IOPATH A0N Y) = ((), ())

Annotating to instance g2323__6131 of module OAI2BB1XL
	ABSOLUTE (IOPATH A1N Y) = ((), ())
	ABSOLUTE (IOPATH B0 Y) = ((), ())
	ABSOLUTE (IOPATH A0N Y) = ((), ())

Annotating to instance g2324__1881 of module OAI2BB1XL
	ABSOLUTE (IOPATH A1N Y) = ((), ())
	ABSOLUTE (IOPATH B0 Y) = ((), ())
	ABSOLUTE (IOPATH A0N Y) = ((), ())

Annotating to instance g2325__5115 of module OAI2BB1XL
	ABSOLUTE (IOPATH A1N Y) = ((), ())
	ABSOLUTE (IOPATH B0 Y) = ((), ())
	ABSOLUTE (IOPATH A0N Y) = ((), ())

Annotating to instance g2326__7482 of module OAI2BB1XL
	ABSOLUTE (IOPATH A1N Y) = ((), ())
	ABSOLUTE (IOPATH B0 Y) = ((), ())
	ABSOLUTE (IOPATH A0N Y) = ((), ())

Annotating to instance g2327__4733 of module OAI2BB1XL
	ABSOLUTE (IOPATH A1N Y) = ((), ())
	ABSOLUTE (IOPATH B0 Y) = ((), ())
	ABSOLUTE (IOPATH A0N Y) = ((), ())

Annotating to instance g2328__6161 of module OAI2BB1XL
	ABSOLUTE (IOPATH A1N Y) = ((), ())
	ABSOLUTE (IOPATH B0 Y) = ((), ())
	ABSOLUTE (IOPATH A0N Y) = ((), ())

Annotating to instance g2330__9315 of module NAND2XL
	ABSOLUTE (IOPATH A Y) = ((), ())
	ABSOLUTE (IOPATH B Y) = ((), ())

Annotating to instance g2331__9945 of module NAND2X1
	ABSOLUTE (IOPATH A Y) = ((), ())
	ABSOLUTE (IOPATH B Y) = ((), ())

Annotating to instance g2332__2883 of module NAND2XL
	ABSOLUTE (IOPATH A Y) = ((), ())
	ABSOLUTE (IOPATH B Y) = ((), ())

Annotating to instance g2333__2346 of module NAND2XL
	ABSOLUTE (IOPATH A Y) = ((), ())
	ABSOLUTE (IOPATH B Y) = ((), ())

Annotating to instance g2334__1666 of module NAND2XL
	ABSOLUTE (IOPATH A Y) = ((), ())
	ABSOLUTE (IOPATH B Y) = ((), ())

Annotating to instance g2335__7410 of module NAND2XL
	ABSOLUTE (IOPATH A Y) = ((), ())
	ABSOLUTE (IOPATH B Y) = ((), ())

Annotating to instance g2336__6417 of module NAND2XL
	ABSOLUTE (IOPATH A Y) = ((), ())
	ABSOLUTE (IOPATH B Y) = ((), ())

Annotating to instance g2337__5477 of module NAND2XL
	ABSOLUTE (IOPATH A Y) = ((), ())
	ABSOLUTE (IOPATH B Y) = ((), ())

Annotating to instance g2338__2398 of module NAND2XL
	ABSOLUTE (IOPATH A Y) = ((), ())
	ABSOLUTE (IOPATH B Y) = ((), ())

Annotating to instance g2339__5107 of module NAND2XL
	ABSOLUTE (IOPATH A Y) = ((), ())
	ABSOLUTE (IOPATH B Y) = ((), ())

Annotating to instance g2340__6260 of module NAND2XL
	ABSOLUTE (IOPATH A Y) = ((), ())
	ABSOLUTE (IOPATH B Y) = ((), ())

Annotating to instance g2341__4319 of module NAND2XL
	ABSOLUTE (IOPATH A Y) = ((), ())
	ABSOLUTE (IOPATH B Y) = ((), ())

Annotating to instance g2342__8428 of module NAND2XL
	ABSOLUTE (IOPATH A Y) = ((), ())
	ABSOLUTE (IOPATH B Y) = ((), ())

Annotating to instance g2343__5526 of module NOR2X1
	ABSOLUTE (IOPATH A Y) = ((), ())
	ABSOLUTE (IOPATH B Y) = ((), ())

Annotating to instance g2347__6783 of module NAND2XL
	ABSOLUTE (IOPATH A Y) = ((), ())
	ABSOLUTE (IOPATH B Y) = ((), ())

Annotating to instance g2348__3680 of module NAND2XL
	ABSOLUTE (IOPATH A Y) = ((), ())
	ABSOLUTE (IOPATH B Y) = ((), ())

Annotating to instance g2349__1617 of module NAND2XL
	ABSOLUTE (IOPATH A Y) = ((), ())
	ABSOLUTE (IOPATH B Y) = ((), ())

Annotating to instance g2350__2802 of module NAND2XL
	ABSOLUTE (IOPATH A Y) = ((), ())
	ABSOLUTE (IOPATH B Y) = ((), ())

Annotating to instance g2351__1705 of module NAND2XL
	ABSOLUTE (IOPATH A Y) = ((), ())
	ABSOLUTE (IOPATH B Y) = ((), ())

Annotating to instance g2352__5122 of module NAND2XL
	ABSOLUTE (IOPATH A Y) = ((), ())
	ABSOLUTE (IOPATH B Y) = ((), ())

Annotating to instance g2353__8246 of module NAND2XL
	ABSOLUTE (IOPATH A Y) = ((), ())
	ABSOLUTE (IOPATH B Y) = ((), ())

Annotating to instance g2354__7098 of module NAND2XL
	ABSOLUTE (IOPATH A Y) = ((), ())
	ABSOLUTE (IOPATH B Y) = ((), ())

Annotating to instance g2355__6131 of module NAND2BXL
	ABSOLUTE (IOPATH B Y) = ((), ())
	ABSOLUTE (IOPATH AN Y) = ((), ())

Annotating to instance g2356__1881 of module NAND2XL
	ABSOLUTE (IOPATH A Y) = ((), ())
	ABSOLUTE (IOPATH B Y) = ((), ())

Annotating to instance g2357__5115 of module NAND2XL
	ABSOLUTE (IOPATH A Y) = ((), ())
	ABSOLUTE (IOPATH B Y) = ((), ())

Annotating to instance g2358__7482 of module NAND2XL
	ABSOLUTE (IOPATH A Y) = ((), ())
	ABSOLUTE (IOPATH B Y) = ((), ())

Annotating to instance g2359__4733 of module NOR2XL
	ABSOLUTE (IOPATH A Y) = ((), ())
	ABSOLUTE (IOPATH B Y) = ((), ())

Annotating to instance g2360__6161 of module NAND2XL
	ABSOLUTE (IOPATH A Y) = ((), ())
	ABSOLUTE (IOPATH B Y) = ((), ())

Annotating to instance g2361__9315 of module NAND2BX1
	ABSOLUTE (IOPATH B Y) = ((), ())
	ABSOLUTE (IOPATH AN Y) = ((), ())

Annotating to instance g2362__9945 of module AND2X1
	ABSOLUTE (IOPATH A Y) = ((), ())
	ABSOLUTE (IOPATH B Y) = ((), ())

Annotating to instance g2363 of module INVXL
	ABSOLUTE (IOPATH A Y) = ((), ())

Annotating to instance g2364__2883 of module NAND2X1
	ABSOLUTE (IOPATH A Y) = ((), ())
	ABSOLUTE (IOPATH B Y) = ((), ())

Annotating to instance g2365__2346 of module NAND2X1
	ABSOLUTE (IOPATH A Y) = ((), ())
	ABSOLUTE (IOPATH B Y) = ((), ())

Annotating to instance g2366__1666 of module NOR2BX1
	ABSOLUTE (IOPATH B Y) = ((), ())
	ABSOLUTE (IOPATH AN Y) = ((), ())

Annotating to instance g2367 of module INVX1
	ABSOLUTE (IOPATH A Y) = ((), ())

Annotating to instance g2369__7410 of module OA21X1
	ABSOLUTE (IOPATH A0 Y) = ((), ())
	ABSOLUTE (IOPATH B0 Y) = ((), ())
	ABSOLUTE (IOPATH A1 Y) = ((), ())

Annotating to instance g2370__6417 of module NOR3X1
	ABSOLUTE (IOPATH A Y) = ((), ())
	ABSOLUTE (IOPATH B Y) = ((), ())
	ABSOLUTE (IOPATH C Y) = ((), ())

Annotating to instance g2371__5477 of module AND2X1
	ABSOLUTE (IOPATH A Y) = ((), ())
	ABSOLUTE (IOPATH B Y) = ((), ())

Annotating to instance g2372__2398 of module CLKAND2X3
	ABSOLUTE (IOPATH A Y) = ((), ())
	ABSOLUTE (IOPATH B Y) = ((), ())

Annotating to instance g2374 of module INVX2
	ABSOLUTE (IOPATH A Y) = ((), ())

Annotating to instance g2376__6260 of module NAND2X2
	ABSOLUTE (IOPATH A Y) = ((), ())
	ABSOLUTE (IOPATH B Y) = ((), ())

Annotating to instance g2378 of module INVX1
	ABSOLUTE (IOPATH A Y) = ((), ())

Annotating to instance g2379 of module BUFX2
	ABSOLUTE (IOPATH A Y) = ((), ())

Annotating to instance g2381 of module INVX1
	ABSOLUTE (IOPATH A Y) = ((), ())

Annotating to instance g1676__4319 of module NOR3XL
	ABSOLUTE (IOPATH A Y) = ((), ())
	ABSOLUTE (IOPATH B Y) = ((), ())
	ABSOLUTE (IOPATH C Y) = ((), ())

Annotating to instance g2382__8428 of module MXI2XL
	ABSOLUTE (IOPATH A Y) = ((), ())
	ABSOLUTE (IOPATH B Y) = ((), ())
	ABSOLUTE (IOPATH S0 Y) = ((), ())

Annotating to instance g2383__5526 of module NOR2BX1
	ABSOLUTE (IOPATH B Y) = ((), ())
	ABSOLUTE (IOPATH AN Y) = ((), ())

Annotating to instance g2384__6783 of module NOR3X1
	ABSOLUTE (IOPATH A Y) = ((), ())
	ABSOLUTE (IOPATH B Y) = ((), ())
	ABSOLUTE (IOPATH C Y) = ((), ())

Annotating to instance g2385__3680 of module NAND2BX1
	ABSOLUTE (IOPATH B Y) = ((), ())
	ABSOLUTE (IOPATH AN Y) = ((), ())

Annotating to instance csa_tree_ADD_TC_OP_groupi_g6075__1617 of module MXI2XL
	ABSOLUTE (IOPATH A Y) = ((), ())
	ABSOLUTE (IOPATH B Y) = ((), ())
	ABSOLUTE (IOPATH S0 Y) = ((), ())

Annotating to instance csa_tree_ADD_TC_OP_groupi_g6076__2802 of module MXI2XL
	ABSOLUTE (IOPATH A Y) = ((), ())
	ABSOLUTE (IOPATH B Y) = ((), ())
	ABSOLUTE (IOPATH S0 Y) = ((), ())

Annotating to instance csa_tree_ADD_TC_OP_groupi_g6077__1705 of module MXI2XL
	ABSOLUTE (IOPATH A Y) = ((), ())
	ABSOLUTE (IOPATH B Y) = ((), ())
	ABSOLUTE (IOPATH S0 Y) = ((), ())

Annotating to instance csa_tree_ADD_TC_OP_groupi_g6078__5122 of module MXI2XL
	ABSOLUTE (IOPATH A Y) = ((), ())
	ABSOLUTE (IOPATH B Y) = ((), ())
	ABSOLUTE (IOPATH S0 Y) = ((), ())

Annotating to instance csa_tree_ADD_TC_OP_groupi_g6079__8246 of module MXI2XL
	ABSOLUTE (IOPATH A Y) = ((), ())
	ABSOLUTE (IOPATH B Y) = ((), ())
	ABSOLUTE (IOPATH S0 Y) = ((), ())

Annotating to instance csa_tree_ADD_TC_OP_groupi_g6080__7098 of module MXI2XL
	ABSOLUTE (IOPATH A Y) = ((), ())
	ABSOLUTE (IOPATH B Y) = ((), ())
	ABSOLUTE (IOPATH S0 Y) = ((), ())

Annotating to instance csa_tree_ADD_TC_OP_groupi_g6081__6131 of module MXI2XL
	ABSOLUTE (IOPATH A Y) = ((), ())
	ABSOLUTE (IOPATH B Y) = ((), ())
	ABSOLUTE (IOPATH S0 Y) = ((), ())

Annotating to instance csa_tree_ADD_TC_OP_groupi_g6082__1881 of module MXI2XL
	ABSOLUTE (IOPATH A Y) = ((), ())
	ABSOLUTE (IOPATH B Y) = ((), ())
	ABSOLUTE (IOPATH S0 Y) = ((), ())

Annotating to instance csa_tree_ADD_TC_OP_groupi_g6083__5115 of module MXI2XL
	ABSOLUTE (IOPATH A Y) = ((), ())
	ABSOLUTE (IOPATH B Y) = ((), ())
	ABSOLUTE (IOPATH S0 Y) = ((), ())

Annotating to instance csa_tree_ADD_TC_OP_groupi_g6085__4733 of module MXI2XL
	ABSOLUTE (IOPATH A Y) = ((), ())
	ABSOLUTE (IOPATH B Y) = ((), ())
	ABSOLUTE (IOPATH S0 Y) = ((), ())

Annotating to instance csa_tree_ADD_TC_OP_groupi_g6086__6161 of module MXI2XL
	ABSOLUTE (IOPATH A Y) = ((), ())
	ABSOLUTE (IOPATH B Y) = ((), ())
	ABSOLUTE (IOPATH S0 Y) = ((), ())

Annotating to instance csa_tree_ADD_TC_OP_groupi_g6087__9315 of module MXI2XL
	ABSOLUTE (IOPATH A Y) = ((), ())
	ABSOLUTE (IOPATH B Y) = ((), ())
	ABSOLUTE (IOPATH S0 Y) = ((), ())

Annotating to instance csa_tree_ADD_TC_OP_groupi_g6088__9945 of module NOR2X1
	ABSOLUTE (IOPATH A Y) = ((), ())
	ABSOLUTE (IOPATH B Y) = ((), ())

Annotating to instance csa_tree_ADD_TC_OP_groupi_g6089__2883 of module NOR2X1
	ABSOLUTE (IOPATH A Y) = ((), ())
	ABSOLUTE (IOPATH B Y) = ((), ())

Annotating to instance csa_tree_ADD_TC_OP_groupi_g6090__2346 of module NOR2X1
	ABSOLUTE (IOPATH A Y) = ((), ())
	ABSOLUTE (IOPATH B Y) = ((), ())

Annotating to instance csa_tree_ADD_TC_OP_groupi_g6091__1666 of module NOR2X1
	ABSOLUTE (IOPATH A Y) = ((), ())
	ABSOLUTE (IOPATH B Y) = ((), ())

Annotating to instance csa_tree_ADD_TC_OP_groupi_g6094__5477 of module MXI2XL
	ABSOLUTE (IOPATH A Y) = ((), ())
	ABSOLUTE (IOPATH B Y) = ((), ())
	ABSOLUTE (IOPATH S0 Y) = ((), ())

Annotating to instance csa_tree_ADD_TC_OP_groupi_g6095__2398 of module NOR2X1
	ABSOLUTE (IOPATH A Y) = ((), ())
	ABSOLUTE (IOPATH B Y) = ((), ())

Annotating to instance csa_tree_ADD_TC_OP_groupi_g6096__5107 of module NOR2X1
	ABSOLUTE (IOPATH A Y) = ((), ())
	ABSOLUTE (IOPATH B Y) = ((), ())

Annotating to instance csa_tree_ADD_TC_OP_groupi_g6097__6260 of module NOR2X1
	ABSOLUTE (IOPATH A Y) = ((), ())
	ABSOLUTE (IOPATH B Y) = ((), ())

Annotating to instance csa_tree_ADD_TC_OP_groupi_g6098__4319 of module NOR2X1
	ABSOLUTE (IOPATH A Y) = ((), ())
	ABSOLUTE (IOPATH B Y) = ((), ())

Annotating to instance csa_tree_ADD_TC_OP_groupi_g6099__8428 of module AOI2BB1X1
	ABSOLUTE (IOPATH A1N Y) = ((), ())
	ABSOLUTE (IOPATH B0 Y) = ((), ())
	ABSOLUTE (IOPATH A0N Y) = ((), ())

Annotating to instance csa_tree_ADD_TC_OP_groupi_g6100__5526 of module AOI2BB1X1
	ABSOLUTE (IOPATH A1N Y) = ((), ())
	ABSOLUTE (IOPATH B0 Y) = ((), ())
	ABSOLUTE (IOPATH A0N Y) = ((), ())

Annotating to instance csa_tree_ADD_TC_OP_groupi_g6101__6783 of module AOI2BB1X1
	ABSOLUTE (IOPATH A1N Y) = ((), ())
	ABSOLUTE (IOPATH B0 Y) = ((), ())
	ABSOLUTE (IOPATH A0N Y) = ((), ())

Annotating to instance csa_tree_ADD_TC_OP_groupi_g6102__3680 of module NOR2X4
	ABSOLUTE (IOPATH A Y) = ((), ())
	ABSOLUTE (IOPATH B Y) = ((), ())

Annotating to instance csa_tree_ADD_TC_OP_groupi_g6103__1617 of module MXI2XL
	ABSOLUTE (IOPATH A Y) = ((), ())
	ABSOLUTE (IOPATH B Y) = ((), ())
	ABSOLUTE (IOPATH S0 Y) = ((), ())

Annotating to instance csa_tree_ADD_TC_OP_groupi_g6104__2802 of module AOI2BB1X1
	ABSOLUTE (IOPATH A1N Y) = ((), ())
	ABSOLUTE (IOPATH B0 Y) = ((), ())
	ABSOLUTE (IOPATH A0N Y) = ((), ())

Annotating to instance csa_tree_ADD_TC_OP_groupi_g6105__1705 of module NOR2X2
	ABSOLUTE (IOPATH A Y) = ((), ())
	ABSOLUTE (IOPATH B Y) = ((), ())

Annotating to instance csa_tree_ADD_TC_OP_groupi_g6106__5122 of module MXI2XL
	ABSOLUTE (IOPATH A Y) = ((), ())
	ABSOLUTE (IOPATH B Y) = ((), ())
	ABSOLUTE (IOPATH S0 Y) = ((), ())

Annotating to instance csa_tree_ADD_TC_OP_groupi_g6107__8246 of module MXI2XL
	ABSOLUTE (IOPATH A Y) = ((), ())
	ABSOLUTE (IOPATH B Y) = ((), ())
	ABSOLUTE (IOPATH S0 Y) = ((), ())

Annotating to instance csa_tree_ADD_TC_OP_groupi_g6108__7098 of module NOR2X2
	ABSOLUTE (IOPATH A Y) = ((), ())
	ABSOLUTE (IOPATH B Y) = ((), ())

Annotating to instance csa_tree_ADD_TC_OP_groupi_g6109__6131 of module AOI2BB1XL
	ABSOLUTE (IOPATH A1N Y) = ((), ())
	ABSOLUTE (IOPATH B0 Y) = ((), ())
	ABSOLUTE (IOPATH A0N Y) = ((), ())

Annotating to instance csa_tree_ADD_TC_OP_groupi_g6110__1881 of module AOI2BB1X1
	ABSOLUTE (IOPATH A1N Y) = ((), ())
	ABSOLUTE (IOPATH B0 Y) = ((), ())
	ABSOLUTE (IOPATH A0N Y) = ((), ())

Annotating to instance csa_tree_ADD_TC_OP_groupi_g6111__5115 of module MXI2XL
	ABSOLUTE (IOPATH A Y) = ((), ())
	ABSOLUTE (IOPATH B Y) = ((), ())
	ABSOLUTE (IOPATH S0 Y) = ((), ())

Annotating to instance csa_tree_ADD_TC_OP_groupi_g6112__7482 of module NAND2X2
	ABSOLUTE (IOPATH A Y) = ((), ())
	ABSOLUTE (IOPATH B Y) = ((), ())

Annotating to instance csa_tree_ADD_TC_OP_groupi_g6113__4733 of module NAND2X1
	ABSOLUTE (IOPATH A Y) = ((), ())
	ABSOLUTE (IOPATH B Y) = ((), ())

Annotating to instance csa_tree_ADD_TC_OP_groupi_g6114__6161 of module OAI2BB1X1
	ABSOLUTE (IOPATH A1N Y) = ((), ())
	ABSOLUTE (IOPATH B0 Y) = ((), ())
	ABSOLUTE (IOPATH A0N Y) = ((), ())

Annotating to instance csa_tree_ADD_TC_OP_groupi_g6115__9315 of module NOR2X2
	ABSOLUTE (IOPATH A Y) = ((), ())
	ABSOLUTE (IOPATH B Y) = ((), ())

Annotating to instance csa_tree_ADD_TC_OP_groupi_g6116__9945 of module NAND2X1
	ABSOLUTE (IOPATH A Y) = ((), ())
	ABSOLUTE (IOPATH B Y) = ((), ())

Annotating to instance csa_tree_ADD_TC_OP_groupi_g6118 of module INVXL
	ABSOLUTE (IOPATH A Y) = ((), ())

Annotating to instance csa_tree_ADD_TC_OP_groupi_g6119__2346 of module NOR2BX1
	ABSOLUTE (IOPATH B Y) = ((), ())
	ABSOLUTE (IOPATH AN Y) = ((), ())

Annotating to instance csa_tree_ADD_TC_OP_groupi_g6121 of module INVXL
	ABSOLUTE (IOPATH A Y) = ((), ())

Annotating to instance csa_tree_ADD_TC_OP_groupi_g6122__7410 of module NOR2X1
	ABSOLUTE (IOPATH A Y) = ((), ())
	ABSOLUTE (IOPATH B Y) = ((), ())

Annotating to instance csa_tree_ADD_TC_OP_groupi_g6123 of module INVXL
	ABSOLUTE (IOPATH A Y) = ((), ())

Annotating to instance csa_tree_ADD_TC_OP_groupi_g6124__6417 of module NOR2XL
	ABSOLUTE (IOPATH A Y) = ((), ())
	ABSOLUTE (IOPATH B Y) = ((), ())

Annotating to instance csa_tree_ADD_TC_OP_groupi_g6125__5477 of module AOI21X2
	ABSOLUTE (IOPATH A0 Y) = ((), ())
	ABSOLUTE (IOPATH B0 Y) = ((), ())
	ABSOLUTE (IOPATH A1 Y) = ((), ())

Annotating to instance csa_tree_ADD_TC_OP_groupi_g6126__2398 of module OAI2BB1X1
	ABSOLUTE (IOPATH A1N Y) = ((), ())
	ABSOLUTE (IOPATH B0 Y) = ((), ())
	ABSOLUTE (IOPATH A0N Y) = ((), ())

Annotating to instance csa_tree_ADD_TC_OP_groupi_g6127__5107 of module NOR2X4
	ABSOLUTE (IOPATH A Y) = ((), ())
	ABSOLUTE (IOPATH B Y) = ((), ())

Annotating to instance csa_tree_ADD_TC_OP_groupi_g6128__6260 of module MXI2XL
	ABSOLUTE (IOPATH A Y) = ((), ())
	ABSOLUTE (IOPATH B Y) = ((), ())
	ABSOLUTE (IOPATH S0 Y) = ((), ())

Annotating to instance csa_tree_ADD_TC_OP_groupi_g6129__4319 of module NOR2X1
	ABSOLUTE (IOPATH A Y) = ((), ())
	ABSOLUTE (IOPATH B Y) = ((), ())

Annotating to instance csa_tree_ADD_TC_OP_groupi_g6130 of module INVXL
	ABSOLUTE (IOPATH A Y) = ((), ())

Annotating to instance csa_tree_ADD_TC_OP_groupi_g6131__8428 of module NAND2BX1
	ABSOLUTE (IOPATH B Y) = ((), ())
	ABSOLUTE (IOPATH AN Y) = ((), ())

Annotating to instance csa_tree_ADD_TC_OP_groupi_g6132__5526 of module NOR2X1
	ABSOLUTE (IOPATH A Y) = ((), ())
	ABSOLUTE (IOPATH B Y) = ((), ())

Annotating to instance csa_tree_ADD_TC_OP_groupi_g6133__6783 of module NOR2BX1
	ABSOLUTE (IOPATH B Y) = ((), ())
	ABSOLUTE (IOPATH AN Y) = ((), ())

Annotating to instance csa_tree_ADD_TC_OP_groupi_g6134__3680 of module NOR2BX1
	ABSOLUTE (IOPATH B Y) = ((), ())
	ABSOLUTE (IOPATH AN Y) = ((), ())

Annotating to instance csa_tree_ADD_TC_OP_groupi_g6135 of module INVXL
	ABSOLUTE (IOPATH A Y) = ((), ())

Annotating to instance csa_tree_ADD_TC_OP_groupi_g6136__1617 of module NOR2XL
	ABSOLUTE (IOPATH A Y) = ((), ())
	ABSOLUTE (IOPATH B Y) = ((), ())

Annotating to instance csa_tree_ADD_TC_OP_groupi_g6137 of module INVX1
	ABSOLUTE (IOPATH A Y) = ((), ())

Annotating to instance csa_tree_ADD_TC_OP_groupi_g6138__2802 of module NOR2XL
	ABSOLUTE (IOPATH A Y) = ((), ())
	ABSOLUTE (IOPATH B Y) = ((), ())

Annotating to instance csa_tree_ADD_TC_OP_groupi_g6139__1705 of module NOR2X2
	ABSOLUTE (IOPATH A Y) = ((), ())
	ABSOLUTE (IOPATH B Y) = ((), ())

Annotating to instance csa_tree_ADD_TC_OP_groupi_g6140__5122 of module NAND2BX1
	ABSOLUTE (IOPATH B Y) = ((), ())
	ABSOLUTE (IOPATH AN Y) = ((), ())

Annotating to instance csa_tree_ADD_TC_OP_groupi_g6141 of module INVXL
	ABSOLUTE (IOPATH A Y) = ((), ())

Annotating to instance csa_tree_ADD_TC_OP_groupi_g6142 of module INVX1
	ABSOLUTE (IOPATH A Y) = ((), ())

Annotating to instance csa_tree_ADD_TC_OP_groupi_g6143__8246 of module NOR2X1
	ABSOLUTE (IOPATH A Y) = ((), ())
	ABSOLUTE (IOPATH B Y) = ((), ())

Annotating to instance csa_tree_ADD_TC_OP_groupi_g6144__7098 of module NOR2X1
	ABSOLUTE (IOPATH A Y) = ((), ())
	ABSOLUTE (IOPATH B Y) = ((), ())

Annotating to instance csa_tree_ADD_TC_OP_groupi_g6145__6131 of module AND2X1
	ABSOLUTE (IOPATH A Y) = ((), ())
	ABSOLUTE (IOPATH B Y) = ((), ())

Annotating to instance csa_tree_ADD_TC_OP_groupi_g6146__1881 of module AND2X1
	ABSOLUTE (IOPATH A Y) = ((), ())
	ABSOLUTE (IOPATH B Y) = ((), ())

Annotating to instance csa_tree_ADD_TC_OP_groupi_g6147 of module INVXL
	ABSOLUTE (IOPATH A Y) = ((), ())

Annotating to instance csa_tree_ADD_TC_OP_groupi_g6148__5115 of module NOR2X1
	ABSOLUTE (IOPATH A Y) = ((), ())
	ABSOLUTE (IOPATH B Y) = ((), ())

Annotating to instance csa_tree_ADD_TC_OP_groupi_g6149__7482 of module NAND2X1
	ABSOLUTE (IOPATH A Y) = ((), ())
	ABSOLUTE (IOPATH B Y) = ((), ())

Annotating to instance csa_tree_ADD_TC_OP_groupi_g6150__4733 of module OAI21X1
	ABSOLUTE (IOPATH A0 Y) = ((), ())
	ABSOLUTE (IOPATH B0 Y) = ((), ())
	ABSOLUTE (IOPATH A1 Y) = ((), ())

Annotating to instance csa_tree_ADD_TC_OP_groupi_g6151__6161 of module ADDFHXL
	ABSOLUTE (IOPATH CI CO) = ((), ())
	ABSOLUTE (IOPATH A CO) = ((), ())
	ABSOLUTE (IOPATH B CO) = ((), ())
	ABSOLUTE (IOPATH CI S) = ((), ())
	ABSOLUTE (IOPATH A S) = ((), ())
	ABSOLUTE (IOPATH B S) = ((), ())

Annotating to instance csa_tree_ADD_TC_OP_groupi_g6152 of module INVXL
	ABSOLUTE (IOPATH A Y) = ((), ())

Annotating to instance csa_tree_ADD_TC_OP_groupi_g6153__9315 of module NOR2X1
	ABSOLUTE (IOPATH A Y) = ((), ())
	ABSOLUTE (IOPATH B Y) = ((), ())

Annotating to instance csa_tree_ADD_TC_OP_groupi_g6154__9945 of module NOR2X1
	ABSOLUTE (IOPATH A Y) = ((), ())
	ABSOLUTE (IOPATH B Y) = ((), ())

Annotating to instance csa_tree_ADD_TC_OP_groupi_g6155 of module INVXL
	ABSOLUTE (IOPATH A Y) = ((), ())

Annotating to instance csa_tree_ADD_TC_OP_groupi_g6156__2883 of module NOR2X1
	ABSOLUTE (IOPATH A Y) = ((), ())
	ABSOLUTE (IOPATH B Y) = ((), ())

Annotating to instance csa_tree_ADD_TC_OP_groupi_g6157__2346 of module AND2X1
	ABSOLUTE (IOPATH A Y) = ((), ())
	ABSOLUTE (IOPATH B Y) = ((), ())

Annotating to instance csa_tree_ADD_TC_OP_groupi_g6158__1666 of module NOR2X2
	ABSOLUTE (IOPATH A Y) = ((), ())
	ABSOLUTE (IOPATH B Y) = ((), ())

Annotating to instance csa_tree_ADD_TC_OP_groupi_g6159__7410 of module MXI2XL
	ABSOLUTE (IOPATH A Y) = ((), ())
	ABSOLUTE (IOPATH B Y) = ((), ())
	ABSOLUTE (IOPATH S0 Y) = ((), ())

Annotating to instance csa_tree_ADD_TC_OP_groupi_g6160__6417 of module XNOR2X1
	ABSOLUTE (IOPATH A Y) = ((), ())
	ABSOLUTE (IOPATH B Y) = ((), ())

Annotating to instance csa_tree_ADD_TC_OP_groupi_g6163 of module INVX1
	ABSOLUTE (IOPATH A Y) = ((), ())

Annotating to instance csa_tree_ADD_TC_OP_groupi_g6164__5477 of module NAND2X2
	ABSOLUTE (IOPATH A Y) = ((), ())
	ABSOLUTE (IOPATH B Y) = ((), ())

Annotating to instance csa_tree_ADD_TC_OP_groupi_g6165__2398 of module NOR2X2
	ABSOLUTE (IOPATH A Y) = ((), ())
	ABSOLUTE (IOPATH B Y) = ((), ())

Annotating to instance csa_tree_ADD_TC_OP_groupi_g6166__5107 of module NOR2XL
	ABSOLUTE (IOPATH A Y) = ((), ())
	ABSOLUTE (IOPATH B Y) = ((), ())

Annotating to instance csa_tree_ADD_TC_OP_groupi_g6167__6260 of module ADDFX1
	ABSOLUTE (IOPATH CI CO) = ((), ())
	ABSOLUTE (IOPATH A CO) = ((), ())
	ABSOLUTE (IOPATH B CO) = ((), ())
	ABSOLUTE (IOPATH CI S) = ((), ())
	ABSOLUTE (IOPATH A S) = ((), ())
	ABSOLUTE (IOPATH B S) = ((), ())

Annotating to instance csa_tree_ADD_TC_OP_groupi_g6168__4319 of module NOR2X2
	ABSOLUTE (IOPATH A Y) = ((), ())
	ABSOLUTE (IOPATH B Y) = ((), ())

Annotating to instance csa_tree_ADD_TC_OP_groupi_g6171__8428 of module OAI21XL
	ABSOLUTE (IOPATH A0 Y) = ((), ())
	ABSOLUTE (IOPATH B0 Y) = ((), ())
	ABSOLUTE (IOPATH A1 Y) = ((), ())

Annotating to instance csa_tree_ADD_TC_OP_groupi_g6172__5526 of module OAI21X1
	ABSOLUTE (IOPATH A0 Y) = ((), ())
	ABSOLUTE (IOPATH B0 Y) = ((), ())
	ABSOLUTE (IOPATH A1 Y) = ((), ())

Annotating to instance csa_tree_ADD_TC_OP_groupi_g6174__6783 of module XNOR2X1
	ABSOLUTE (IOPATH A Y) = ((), ())
	ABSOLUTE (IOPATH B Y) = ((), ())

Annotating to instance csa_tree_ADD_TC_OP_groupi_g6175__3680 of module NOR2BX1
	ABSOLUTE (IOPATH B Y) = ((), ())
	ABSOLUTE (IOPATH AN Y) = ((), ())

Annotating to instance csa_tree_ADD_TC_OP_groupi_g6176 of module INVXL
	ABSOLUTE (IOPATH A Y) = ((), ())

Annotating to instance csa_tree_ADD_TC_OP_groupi_g6177__1617 of module NOR2X1
	ABSOLUTE (IOPATH A Y) = ((), ())
	ABSOLUTE (IOPATH B Y) = ((), ())

Annotating to instance csa_tree_ADD_TC_OP_groupi_g6178 of module INVXL
	ABSOLUTE (IOPATH A Y) = ((), ())

Annotating to instance csa_tree_ADD_TC_OP_groupi_g6179__2802 of module NAND2BXL
	ABSOLUTE (IOPATH B Y) = ((), ())
	ABSOLUTE (IOPATH AN Y) = ((), ())

Annotating to instance csa_tree_ADD_TC_OP_groupi_g6180__1705 of module NOR2BX1
	ABSOLUTE (IOPATH B Y) = ((), ())
	ABSOLUTE (IOPATH AN Y) = ((), ())

Annotating to instance csa_tree_ADD_TC_OP_groupi_g6181__5122 of module OAI2BB1X1
	ABSOLUTE (IOPATH A1N Y) = ((), ())
	ABSOLUTE (IOPATH B0 Y) = ((), ())
	ABSOLUTE (IOPATH A0N Y) = ((), ())

Annotating to instance csa_tree_ADD_TC_OP_groupi_g6182__8246 of module ADDFXL
	ABSOLUTE (IOPATH CI CO) = ((), ())
	ABSOLUTE (IOPATH A CO) = ((), ())
	ABSOLUTE (IOPATH B CO) = ((), ())
	ABSOLUTE (IOPATH CI S) = ((), ())
	ABSOLUTE (IOPATH A S) = ((), ())
	ABSOLUTE (IOPATH B S) = ((), ())

Annotating to instance csa_tree_ADD_TC_OP_groupi_g6183__7098 of module NOR2X1
	ABSOLUTE (IOPATH A Y) = ((), ())
	ABSOLUTE (IOPATH B Y) = ((), ())

Annotating to instance csa_tree_ADD_TC_OP_groupi_g6184__6131 of module NAND2X1
	ABSOLUTE (IOPATH A Y) = ((), ())
	ABSOLUTE (IOPATH B Y) = ((), ())

Annotating to instance csa_tree_ADD_TC_OP_groupi_g6186__1881 of module NOR2X1
	ABSOLUTE (IOPATH A Y) = ((), ())
	ABSOLUTE (IOPATH B Y) = ((), ())

Annotating to instance csa_tree_ADD_TC_OP_groupi_g6188__5115 of module NOR2BX1
	ABSOLUTE (IOPATH B Y) = ((), ())
	ABSOLUTE (IOPATH AN Y) = ((), ())

Annotating to instance csa_tree_ADD_TC_OP_groupi_g6189__7482 of module OAI21X1
	ABSOLUTE (IOPATH A0 Y) = ((), ())
	ABSOLUTE (IOPATH B0 Y) = ((), ())
	ABSOLUTE (IOPATH A1 Y) = ((), ())

Annotating to instance csa_tree_ADD_TC_OP_groupi_g6190__4733 of module NOR2XL
	ABSOLUTE (IOPATH A Y) = ((), ())
	ABSOLUTE (IOPATH B Y) = ((), ())

Annotating to instance csa_tree_ADD_TC_OP_groupi_g6192__6161 of module XNOR3X1
	ABSOLUTE (IOPATH A Y) = ((), ())
	ABSOLUTE (IOPATH B Y) = ((), ())
	ABSOLUTE (IOPATH C Y) = ((), ())

Annotating to instance csa_tree_ADD_TC_OP_groupi_g6193__9315 of module ADDFX1
	ABSOLUTE (IOPATH CI CO) = ((), ())
	ABSOLUTE (IOPATH A CO) = ((), ())
	ABSOLUTE (IOPATH B CO) = ((), ())
	ABSOLUTE (IOPATH CI S) = ((), ())
	ABSOLUTE (IOPATH A S) = ((), ())
	ABSOLUTE (IOPATH B S) = ((), ())

Annotating to instance csa_tree_ADD_TC_OP_groupi_g6195__9945 of module ADDFX1
	ABSOLUTE (IOPATH CI CO) = ((), ())
	ABSOLUTE (IOPATH A CO) = ((), ())
	ABSOLUTE (IOPATH B CO) = ((), ())
	ABSOLUTE (IOPATH CI S) = ((), ())
	ABSOLUTE (IOPATH A S) = ((), ())
	ABSOLUTE (IOPATH B S) = ((), ())

Annotating to instance csa_tree_ADD_TC_OP_groupi_g6196__2883 of module NAND2XL
	ABSOLUTE (IOPATH A Y) = ((), ())
	ABSOLUTE (IOPATH B Y) = ((), ())

Annotating to instance csa_tree_ADD_TC_OP_groupi_g6197__2346 of module NOR2XL
	ABSOLUTE (IOPATH A Y) = ((), ())
	ABSOLUTE (IOPATH B Y) = ((), ())

Annotating to instance csa_tree_ADD_TC_OP_groupi_g6198__1666 of module NOR2X1
	ABSOLUTE (IOPATH A Y) = ((), ())
	ABSOLUTE (IOPATH B Y) = ((), ())

Annotating to instance csa_tree_ADD_TC_OP_groupi_g6199__7410 of module XNOR2X1
	ABSOLUTE (IOPATH A Y) = ((), ())
	ABSOLUTE (IOPATH B Y) = ((), ())

Annotating to instance csa_tree_ADD_TC_OP_groupi_g6201__6417 of module ADDFHXL
	ABSOLUTE (IOPATH CI CO) = ((), ())
	ABSOLUTE (IOPATH A CO) = ((), ())
	ABSOLUTE (IOPATH B CO) = ((), ())
	ABSOLUTE (IOPATH CI S) = ((), ())
	ABSOLUTE (IOPATH A S) = ((), ())
	ABSOLUTE (IOPATH B S) = ((), ())

Annotating to instance csa_tree_ADD_TC_OP_groupi_g6202 of module INVX1
	ABSOLUTE (IOPATH A Y) = ((), ())

Annotating to instance csa_tree_ADD_TC_OP_groupi_g6203 of module INVX1
	ABSOLUTE (IOPATH A Y) = ((), ())

Annotating to instance csa_tree_ADD_TC_OP_groupi_g6204__5477 of module NAND2X1
	ABSOLUTE (IOPATH A Y) = ((), ())
	ABSOLUTE (IOPATH B Y) = ((), ())

Annotating to instance csa_tree_ADD_TC_OP_groupi_g6205__2398 of module ADDFX1
	ABSOLUTE (IOPATH CI CO) = ((), ())
	ABSOLUTE (IOPATH A CO) = ((), ())
	ABSOLUTE (IOPATH B CO) = ((), ())
	ABSOLUTE (IOPATH CI S) = ((), ())
	ABSOLUTE (IOPATH A S) = ((), ())
	ABSOLUTE (IOPATH B S) = ((), ())

Annotating to instance csa_tree_ADD_TC_OP_groupi_g6206__5107 of module NAND2BXL
	ABSOLUTE (IOPATH B Y) = ((), ())
	ABSOLUTE (IOPATH AN Y) = ((), ())

Annotating to instance csa_tree_ADD_TC_OP_groupi_g6207__6260 of module NAND2X1
	ABSOLUTE (IOPATH A Y) = ((), ())
	ABSOLUTE (IOPATH B Y) = ((), ())

Annotating to instance csa_tree_ADD_TC_OP_groupi_g6208__4319 of module OR2X1
	ABSOLUTE (IOPATH A Y) = ((), ())
	ABSOLUTE (IOPATH B Y) = ((), ())

Annotating to instance csa_tree_ADD_TC_OP_groupi_g6210__8428 of module NOR2BX1
	ABSOLUTE (IOPATH B Y) = ((), ())
	ABSOLUTE (IOPATH AN Y) = ((), ())

Annotating to instance csa_tree_ADD_TC_OP_groupi_g6211__5526 of module XOR2XL
	ABSOLUTE (IOPATH A Y) = ((), ())
	ABSOLUTE (IOPATH B Y) = ((), ())

Annotating to instance csa_tree_ADD_TC_OP_groupi_g6212__6783 of module XOR2XL
	ABSOLUTE (IOPATH A Y) = ((), ())
	ABSOLUTE (IOPATH B Y) = ((), ())

Annotating to instance csa_tree_ADD_TC_OP_groupi_g6213__3680 of module MXI2X1
	ABSOLUTE (IOPATH A Y) = ((), ())
	ABSOLUTE (IOPATH B Y) = ((), ())
	ABSOLUTE (IOPATH S0 Y) = ((), ())

Annotating to instance csa_tree_ADD_TC_OP_groupi_g6214__1617 of module ADDFX1
	ABSOLUTE (IOPATH CI CO) = ((), ())
	ABSOLUTE (IOPATH A CO) = ((), ())
	ABSOLUTE (IOPATH B CO) = ((), ())
	ABSOLUTE (IOPATH CI S) = ((), ())
	ABSOLUTE (IOPATH A S) = ((), ())
	ABSOLUTE (IOPATH B S) = ((), ())

Annotating to instance csa_tree_ADD_TC_OP_groupi_g6215__2802 of module ADDFX1
	ABSOLUTE (IOPATH CI CO) = ((), ())
	ABSOLUTE (IOPATH A CO) = ((), ())
	ABSOLUTE (IOPATH B CO) = ((), ())
	ABSOLUTE (IOPATH CI S) = ((), ())
	ABSOLUTE (IOPATH A S) = ((), ())
	ABSOLUTE (IOPATH B S) = ((), ())

Annotating to instance csa_tree_ADD_TC_OP_groupi_g6216__1705 of module NAND2X1
	ABSOLUTE (IOPATH A Y) = ((), ())
	ABSOLUTE (IOPATH B Y) = ((), ())

Annotating to instance csa_tree_ADD_TC_OP_groupi_g6217__5122 of module NOR2X1
	ABSOLUTE (IOPATH A Y) = ((), ())
	ABSOLUTE (IOPATH B Y) = ((), ())

Annotating to instance csa_tree_ADD_TC_OP_groupi_g6218__8246 of module XOR2XL
	ABSOLUTE (IOPATH A Y) = ((), ())
	ABSOLUTE (IOPATH B Y) = ((), ())

Annotating to instance csa_tree_ADD_TC_OP_groupi_g6219__7098 of module NOR2BX1
	ABSOLUTE (IOPATH B Y) = ((), ())
	ABSOLUTE (IOPATH AN Y) = ((), ())

Annotating to instance csa_tree_ADD_TC_OP_groupi_g6220__6131 of module OAI21X1
	ABSOLUTE (IOPATH A0 Y) = ((), ())
	ABSOLUTE (IOPATH B0 Y) = ((), ())
	ABSOLUTE (IOPATH A1 Y) = ((), ())

Annotating to instance csa_tree_ADD_TC_OP_groupi_g6221__1881 of module NOR2X1
	ABSOLUTE (IOPATH A Y) = ((), ())
	ABSOLUTE (IOPATH B Y) = ((), ())

Annotating to instance csa_tree_ADD_TC_OP_groupi_g6222__5115 of module NOR2XL
	ABSOLUTE (IOPATH A Y) = ((), ())
	ABSOLUTE (IOPATH B Y) = ((), ())

Annotating to instance csa_tree_ADD_TC_OP_groupi_g6223__7482 of module NOR2BX1
	ABSOLUTE (IOPATH B Y) = ((), ())
	ABSOLUTE (IOPATH AN Y) = ((), ())

Annotating to instance csa_tree_ADD_TC_OP_groupi_g6224__4733 of module NOR2BX1
	ABSOLUTE (IOPATH B Y) = ((), ())
	ABSOLUTE (IOPATH AN Y) = ((), ())

Annotating to instance csa_tree_ADD_TC_OP_groupi_g6225__6161 of module NAND2XL
	ABSOLUTE (IOPATH A Y) = ((), ())
	ABSOLUTE (IOPATH B Y) = ((), ())

Annotating to instance csa_tree_ADD_TC_OP_groupi_g6226__9315 of module AOI2BB1X1
	ABSOLUTE (IOPATH A1N Y) = ((), ())
	ABSOLUTE (IOPATH B0 Y) = ((), ())
	ABSOLUTE (IOPATH A0N Y) = ((), ())

Annotating to instance csa_tree_ADD_TC_OP_groupi_g6227__9945 of module XOR2XL
	ABSOLUTE (IOPATH A Y) = ((), ())
	ABSOLUTE (IOPATH B Y) = ((), ())

Annotating to instance csa_tree_ADD_TC_OP_groupi_g6228__2883 of module XOR2XL
	ABSOLUTE (IOPATH A Y) = ((), ())
	ABSOLUTE (IOPATH B Y) = ((), ())

Annotating to instance csa_tree_ADD_TC_OP_groupi_g6229__2346 of module ADDFXL
	ABSOLUTE (IOPATH CI CO) = ((), ())
	ABSOLUTE (IOPATH A CO) = ((), ())
	ABSOLUTE (IOPATH B CO) = ((), ())
	ABSOLUTE (IOPATH CI S) = ((), ())
	ABSOLUTE (IOPATH A S) = ((), ())
	ABSOLUTE (IOPATH B S) = ((), ())

Annotating to instance csa_tree_ADD_TC_OP_groupi_g6230__1666 of module ADDFHXL
	ABSOLUTE (IOPATH CI CO) = ((), ())
	ABSOLUTE (IOPATH A CO) = ((), ())
	ABSOLUTE (IOPATH B CO) = ((), ())
	ABSOLUTE (IOPATH CI S) = ((), ())
	ABSOLUTE (IOPATH A S) = ((), ())
	ABSOLUTE (IOPATH B S) = ((), ())

Annotating to instance csa_tree_ADD_TC_OP_groupi_g6231__7410 of module NAND2XL
	ABSOLUTE (IOPATH A Y) = ((), ())
	ABSOLUTE (IOPATH B Y) = ((), ())

Annotating to instance csa_tree_ADD_TC_OP_groupi_g6232__6417 of module NOR2XL
	ABSOLUTE (IOPATH A Y) = ((), ())
	ABSOLUTE (IOPATH B Y) = ((), ())

Annotating to instance csa_tree_ADD_TC_OP_groupi_g6233__5477 of module NOR2X1
	ABSOLUTE (IOPATH A Y) = ((), ())
	ABSOLUTE (IOPATH B Y) = ((), ())

Annotating to instance csa_tree_ADD_TC_OP_groupi_g6234__2398 of module NOR2BX1
	ABSOLUTE (IOPATH B Y) = ((), ())
	ABSOLUTE (IOPATH AN Y) = ((), ())

Annotating to instance csa_tree_ADD_TC_OP_groupi_g6235__5107 of module NAND2X1
	ABSOLUTE (IOPATH A Y) = ((), ())
	ABSOLUTE (IOPATH B Y) = ((), ())

Annotating to instance csa_tree_ADD_TC_OP_groupi_g6237__4319 of module OAI2BB1X1
	ABSOLUTE (IOPATH A1N Y) = ((), ())
	ABSOLUTE (IOPATH B0 Y) = ((), ())
	ABSOLUTE (IOPATH A0N Y) = ((), ())

Annotating to instance csa_tree_ADD_TC_OP_groupi_g6238 of module INVX1
	ABSOLUTE (IOPATH A Y) = ((), ())

Annotating to instance csa_tree_ADD_TC_OP_groupi_g6240 of module INVX1
	ABSOLUTE (IOPATH A Y) = ((), ())

Annotating to instance csa_tree_ADD_TC_OP_groupi_g6241 of module INVX1
	ABSOLUTE (IOPATH A Y) = ((), ())

Annotating to instance csa_tree_ADD_TC_OP_groupi_g6242 of module INVX1
	ABSOLUTE (IOPATH A Y) = ((), ())

Annotating to instance csa_tree_ADD_TC_OP_groupi_g6243__8428 of module ADDFXL
	ABSOLUTE (IOPATH CI CO) = ((), ())
	ABSOLUTE (IOPATH A CO) = ((), ())
	ABSOLUTE (IOPATH B CO) = ((), ())
	ABSOLUTE (IOPATH CI S) = ((), ())
	ABSOLUTE (IOPATH A S) = ((), ())
	ABSOLUTE (IOPATH B S) = ((), ())

Annotating to instance csa_tree_ADD_TC_OP_groupi_g6244__5526 of module ADDFX1
	ABSOLUTE (IOPATH CI CO) = ((), ())
	ABSOLUTE (IOPATH A CO) = ((), ())
	ABSOLUTE (IOPATH B CO) = ((), ())
	ABSOLUTE (IOPATH CI S) = ((), ())
	ABSOLUTE (IOPATH A S) = ((), ())
	ABSOLUTE (IOPATH B S) = ((), ())

Annotating to instance csa_tree_ADD_TC_OP_groupi_g6245__6783 of module ADDFX1
	ABSOLUTE (IOPATH CI CO) = ((), ())
	ABSOLUTE (IOPATH A CO) = ((), ())
	ABSOLUTE (IOPATH B CO) = ((), ())
	ABSOLUTE (IOPATH CI S) = ((), ())
	ABSOLUTE (IOPATH A S) = ((), ())
	ABSOLUTE (IOPATH B S) = ((), ())

Annotating to instance csa_tree_ADD_TC_OP_groupi_g6246__3680 of module ADDFX1
	ABSOLUTE (IOPATH CI CO) = ((), ())
	ABSOLUTE (IOPATH A CO) = ((), ())
	ABSOLUTE (IOPATH B CO) = ((), ())
	ABSOLUTE (IOPATH CI S) = ((), ())
	ABSOLUTE (IOPATH A S) = ((), ())
	ABSOLUTE (IOPATH B S) = ((), ())

Annotating to instance csa_tree_ADD_TC_OP_groupi_g6247__1617 of module ADDFXL
	ABSOLUTE (IOPATH CI CO) = ((), ())
	ABSOLUTE (IOPATH A CO) = ((), ())
	ABSOLUTE (IOPATH B CO) = ((), ())
	ABSOLUTE (IOPATH CI S) = ((), ())
	ABSOLUTE (IOPATH A S) = ((), ())
	ABSOLUTE (IOPATH B S) = ((), ())

Annotating to instance csa_tree_ADD_TC_OP_groupi_g6248__2802 of module NAND2X1
	ABSOLUTE (IOPATH A Y) = ((), ())
	ABSOLUTE (IOPATH B Y) = ((), ())

Annotating to instance csa_tree_ADD_TC_OP_groupi_g6249__1705 of module OAI2BB1X1
	ABSOLUTE (IOPATH A1N Y) = ((), ())
	ABSOLUTE (IOPATH B0 Y) = ((), ())
	ABSOLUTE (IOPATH A0N Y) = ((), ())

Annotating to instance csa_tree_ADD_TC_OP_groupi_g6252__5122 of module XOR2XL
	ABSOLUTE (IOPATH A Y) = ((), ())
	ABSOLUTE (IOPATH B Y) = ((), ())

Annotating to instance csa_tree_ADD_TC_OP_groupi_g6254__8246 of module ADDFHXL
	ABSOLUTE (IOPATH CI CO) = ((), ())
	ABSOLUTE (IOPATH A CO) = ((), ())
	ABSOLUTE (IOPATH B CO) = ((), ())
	ABSOLUTE (IOPATH CI S) = ((), ())
	ABSOLUTE (IOPATH A S) = ((), ())
	ABSOLUTE (IOPATH B S) = ((), ())

Annotating to instance csa_tree_ADD_TC_OP_groupi_g6255__7098 of module OR2XL
	ABSOLUTE (IOPATH A Y) = ((), ())
	ABSOLUTE (IOPATH B Y) = ((), ())

Annotating to instance csa_tree_ADD_TC_OP_groupi_g6256__6131 of module NAND2X1
	ABSOLUTE (IOPATH A Y) = ((), ())
	ABSOLUTE (IOPATH B Y) = ((), ())

Annotating to instance csa_tree_ADD_TC_OP_groupi_g6258__5115 of module OAI21X1
	ABSOLUTE (IOPATH A0 Y) = ((), ())
	ABSOLUTE (IOPATH B0 Y) = ((), ())
	ABSOLUTE (IOPATH A1 Y) = ((), ())

Annotating to instance csa_tree_ADD_TC_OP_groupi_g6259__7482 of module XOR2XL
	ABSOLUTE (IOPATH A Y) = ((), ())
	ABSOLUTE (IOPATH B Y) = ((), ())

Annotating to instance csa_tree_ADD_TC_OP_groupi_g6262 of module INVXL
	ABSOLUTE (IOPATH A Y) = ((), ())

Annotating to instance csa_tree_ADD_TC_OP_groupi_g6263__4733 of module ADDFX1
	ABSOLUTE (IOPATH CI CO) = ((), ())
	ABSOLUTE (IOPATH A CO) = ((), ())
	ABSOLUTE (IOPATH B CO) = ((), ())
	ABSOLUTE (IOPATH CI S) = ((), ())
	ABSOLUTE (IOPATH A S) = ((), ())
	ABSOLUTE (IOPATH B S) = ((), ())

Annotating to instance csa_tree_ADD_TC_OP_groupi_g6264__6161 of module ADDFX1
	ABSOLUTE (IOPATH CI CO) = ((), ())
	ABSOLUTE (IOPATH A CO) = ((), ())
	ABSOLUTE (IOPATH B CO) = ((), ())
	ABSOLUTE (IOPATH CI S) = ((), ())
	ABSOLUTE (IOPATH A S) = ((), ())
	ABSOLUTE (IOPATH B S) = ((), ())

Annotating to instance csa_tree_ADD_TC_OP_groupi_g6265__9315 of module XNOR2X1
	ABSOLUTE (IOPATH A Y) = ((), ())
	ABSOLUTE (IOPATH B Y) = ((), ())

Annotating to instance csa_tree_ADD_TC_OP_groupi_g6266__9945 of module MXI2XL
	ABSOLUTE (IOPATH A Y) = ((), ())
	ABSOLUTE (IOPATH B Y) = ((), ())
	ABSOLUTE (IOPATH S0 Y) = ((), ())

Annotating to instance csa_tree_ADD_TC_OP_groupi_g6268__2883 of module XNOR2X1
	ABSOLUTE (IOPATH A Y) = ((), ())
	ABSOLUTE (IOPATH B Y) = ((), ())

Annotating to instance csa_tree_ADD_TC_OP_groupi_g6269__2346 of module AOI21X2
	ABSOLUTE (IOPATH A0 Y) = ((), ())
	ABSOLUTE (IOPATH B0 Y) = ((), ())
	ABSOLUTE (IOPATH A1 Y) = ((), ())

Annotating to instance csa_tree_ADD_TC_OP_groupi_g6270__1666 of module OR2XL
	ABSOLUTE (IOPATH A Y) = ((), ())
	ABSOLUTE (IOPATH B Y) = ((), ())

Annotating to instance csa_tree_ADD_TC_OP_groupi_g6272__7410 of module OR2XL
	ABSOLUTE (IOPATH A Y) = ((), ())
	ABSOLUTE (IOPATH B Y) = ((), ())

Annotating to instance csa_tree_ADD_TC_OP_groupi_g6273__6417 of module NAND2BXL
	ABSOLUTE (IOPATH B Y) = ((), ())
	ABSOLUTE (IOPATH AN Y) = ((), ())

Annotating to instance csa_tree_ADD_TC_OP_groupi_g6274__5477 of module NAND2BXL
	ABSOLUTE (IOPATH B Y) = ((), ())
	ABSOLUTE (IOPATH AN Y) = ((), ())

Annotating to instance csa_tree_ADD_TC_OP_groupi_g6275__2398 of module XNOR2X1
	ABSOLUTE (IOPATH A Y) = ((), ())
	ABSOLUTE (IOPATH B Y) = ((), ())

Annotating to instance csa_tree_ADD_TC_OP_groupi_g6276__5107 of module CLKXOR2X1
	ABSOLUTE (IOPATH A Y) = ((), ())
	ABSOLUTE (IOPATH B Y) = ((), ())

Annotating to instance csa_tree_ADD_TC_OP_groupi_g6278__6260 of module OAI2BB1X1
	ABSOLUTE (IOPATH A1N Y) = ((), ())
	ABSOLUTE (IOPATH B0 Y) = ((), ())
	ABSOLUTE (IOPATH A0N Y) = ((), ())

Annotating to instance csa_tree_ADD_TC_OP_groupi_g6279__4319 of module XNOR2X1
	ABSOLUTE (IOPATH A Y) = ((), ())
	ABSOLUTE (IOPATH B Y) = ((), ())

Annotating to instance csa_tree_ADD_TC_OP_groupi_g6281 of module INVX1
	ABSOLUTE (IOPATH A Y) = ((), ())

Annotating to instance csa_tree_ADD_TC_OP_groupi_g6282__8428 of module ADDFX1
	ABSOLUTE (IOPATH CI CO) = ((), ())
	ABSOLUTE (IOPATH A CO) = ((), ())
	ABSOLUTE (IOPATH B CO) = ((), ())
	ABSOLUTE (IOPATH CI S) = ((), ())
	ABSOLUTE (IOPATH A S) = ((), ())
	ABSOLUTE (IOPATH B S) = ((), ())

Annotating to instance csa_tree_ADD_TC_OP_groupi_g6283__5526 of module ADDFX1
	ABSOLUTE (IOPATH CI CO) = ((), ())
	ABSOLUTE (IOPATH A CO) = ((), ())
	ABSOLUTE (IOPATH B CO) = ((), ())
	ABSOLUTE (IOPATH CI S) = ((), ())
	ABSOLUTE (IOPATH A S) = ((), ())
	ABSOLUTE (IOPATH B S) = ((), ())

Annotating to instance csa_tree_ADD_TC_OP_groupi_g6285__3680 of module OAI21XL
	ABSOLUTE (IOPATH A0 Y) = ((), ())
	ABSOLUTE (IOPATH B0 Y) = ((), ())
	ABSOLUTE (IOPATH A1 Y) = ((), ())

Annotating to instance csa_tree_ADD_TC_OP_groupi_g6286__1617 of module OR2XL
	ABSOLUTE (IOPATH A Y) = ((), ())
	ABSOLUTE (IOPATH B Y) = ((), ())

Annotating to instance csa_tree_ADD_TC_OP_groupi_g6287__2802 of module NAND2X1
	ABSOLUTE (IOPATH A Y) = ((), ())
	ABSOLUTE (IOPATH B Y) = ((), ())

Annotating to instance csa_tree_ADD_TC_OP_groupi_g6288__1705 of module OAI21X1
	ABSOLUTE (IOPATH A0 Y) = ((), ())
	ABSOLUTE (IOPATH B0 Y) = ((), ())
	ABSOLUTE (IOPATH A1 Y) = ((), ())

Annotating to instance csa_tree_ADD_TC_OP_groupi_g6289__5122 of module OAI21X1
	ABSOLUTE (IOPATH A0 Y) = ((), ())
	ABSOLUTE (IOPATH B0 Y) = ((), ())
	ABSOLUTE (IOPATH A1 Y) = ((), ())

Annotating to instance csa_tree_ADD_TC_OP_groupi_g6291 of module INVX1
	ABSOLUTE (IOPATH A Y) = ((), ())

Annotating to instance csa_tree_ADD_TC_OP_groupi_g6292__8246 of module ADDFX1
	ABSOLUTE (IOPATH CI CO) = ((), ())
	ABSOLUTE (IOPATH A CO) = ((), ())
	ABSOLUTE (IOPATH B CO) = ((), ())
	ABSOLUTE (IOPATH CI S) = ((), ())
	ABSOLUTE (IOPATH A S) = ((), ())
	ABSOLUTE (IOPATH B S) = ((), ())

Annotating to instance csa_tree_ADD_TC_OP_groupi_g6293__7098 of module ADDFX1
	ABSOLUTE (IOPATH CI CO) = ((), ())
	ABSOLUTE (IOPATH A CO) = ((), ())
	ABSOLUTE (IOPATH B CO) = ((), ())
	ABSOLUTE (IOPATH CI S) = ((), ())
	ABSOLUTE (IOPATH A S) = ((), ())
	ABSOLUTE (IOPATH B S) = ((), ())

Annotating to instance csa_tree_ADD_TC_OP_groupi_g6294__6131 of module ADDFX1
	ABSOLUTE (IOPATH CI CO) = ((), ())
	ABSOLUTE (IOPATH A CO) = ((), ())
	ABSOLUTE (IOPATH B CO) = ((), ())
	ABSOLUTE (IOPATH CI S) = ((), ())
	ABSOLUTE (IOPATH A S) = ((), ())
	ABSOLUTE (IOPATH B S) = ((), ())

Annotating to instance csa_tree_ADD_TC_OP_groupi_g6295__1881 of module ADDFX1
	ABSOLUTE (IOPATH CI CO) = ((), ())
	ABSOLUTE (IOPATH A CO) = ((), ())
	ABSOLUTE (IOPATH B CO) = ((), ())
	ABSOLUTE (IOPATH CI S) = ((), ())
	ABSOLUTE (IOPATH A S) = ((), ())
	ABSOLUTE (IOPATH B S) = ((), ())

Annotating to instance csa_tree_ADD_TC_OP_groupi_g6296__5115 of module ADDFX1
	ABSOLUTE (IOPATH CI CO) = ((), ())
	ABSOLUTE (IOPATH A CO) = ((), ())
	ABSOLUTE (IOPATH B CO) = ((), ())
	ABSOLUTE (IOPATH CI S) = ((), ())
	ABSOLUTE (IOPATH A S) = ((), ())
	ABSOLUTE (IOPATH B S) = ((), ())

Annotating to instance csa_tree_ADD_TC_OP_groupi_g6297__7482 of module ADDFX1
	ABSOLUTE (IOPATH CI CO) = ((), ())
	ABSOLUTE (IOPATH A CO) = ((), ())
	ABSOLUTE (IOPATH B CO) = ((), ())
	ABSOLUTE (IOPATH CI S) = ((), ())
	ABSOLUTE (IOPATH A S) = ((), ())
	ABSOLUTE (IOPATH B S) = ((), ())

Annotating to instance csa_tree_ADD_TC_OP_groupi_g6298__4733 of module ADDFX1
	ABSOLUTE (IOPATH CI CO) = ((), ())
	ABSOLUTE (IOPATH A CO) = ((), ())
	ABSOLUTE (IOPATH B CO) = ((), ())
	ABSOLUTE (IOPATH CI S) = ((), ())
	ABSOLUTE (IOPATH A S) = ((), ())
	ABSOLUTE (IOPATH B S) = ((), ())

Annotating to instance csa_tree_ADD_TC_OP_groupi_g6299__6161 of module ADDFX1
	ABSOLUTE (IOPATH CI CO) = ((), ())
	ABSOLUTE (IOPATH A CO) = ((), ())
	ABSOLUTE (IOPATH B CO) = ((), ())
	ABSOLUTE (IOPATH CI S) = ((), ())
	ABSOLUTE (IOPATH A S) = ((), ())
	ABSOLUTE (IOPATH B S) = ((), ())

Annotating to instance csa_tree_ADD_TC_OP_groupi_g6300__9315 of module ADDFX1
	ABSOLUTE (IOPATH CI CO) = ((), ())
	ABSOLUTE (IOPATH A CO) = ((), ())
	ABSOLUTE (IOPATH B CO) = ((), ())
	ABSOLUTE (IOPATH CI S) = ((), ())
	ABSOLUTE (IOPATH A S) = ((), ())
	ABSOLUTE (IOPATH B S) = ((), ())

Annotating to instance csa_tree_ADD_TC_OP_groupi_g6301__9945 of module ADDFX1
	ABSOLUTE (IOPATH CI CO) = ((), ())
	ABSOLUTE (IOPATH A CO) = ((), ())
	ABSOLUTE (IOPATH B CO) = ((), ())
	ABSOLUTE (IOPATH CI S) = ((), ())
	ABSOLUTE (IOPATH A S) = ((), ())
	ABSOLUTE (IOPATH B S) = ((), ())

Annotating to instance csa_tree_ADD_TC_OP_groupi_g6302__2883 of module ADDFX1
	ABSOLUTE (IOPATH CI CO) = ((), ())
	ABSOLUTE (IOPATH A CO) = ((), ())
	ABSOLUTE (IOPATH B CO) = ((), ())
	ABSOLUTE (IOPATH CI S) = ((), ())
	ABSOLUTE (IOPATH A S) = ((), ())
	ABSOLUTE (IOPATH B S) = ((), ())

Annotating to instance csa_tree_ADD_TC_OP_groupi_g6303__2346 of module NAND2X1
	ABSOLUTE (IOPATH A Y) = ((), ())
	ABSOLUTE (IOPATH B Y) = ((), ())

Annotating to instance csa_tree_ADD_TC_OP_groupi_g6304__1666 of module XNOR3XL
	ABSOLUTE (IOPATH A Y) = ((), ())
	ABSOLUTE (IOPATH B Y) = ((), ())
	ABSOLUTE (IOPATH C Y) = ((), ())

Annotating to instance csa_tree_ADD_TC_OP_groupi_g6305__7410 of module OR2XL
	ABSOLUTE (IOPATH A Y) = ((), ())
	ABSOLUTE (IOPATH B Y) = ((), ())

Annotating to instance csa_tree_ADD_TC_OP_groupi_g6306__6417 of module XOR3XL
	ABSOLUTE (IOPATH A Y) = ((), ())
	ABSOLUTE (IOPATH B Y) = ((), ())
	ABSOLUTE (IOPATH C Y) = ((), ())

Annotating to instance csa_tree_ADD_TC_OP_groupi_g6307__5477 of module OAI21X1
	ABSOLUTE (IOPATH A0 Y) = ((), ())
	ABSOLUTE (IOPATH B0 Y) = ((), ())
	ABSOLUTE (IOPATH A1 Y) = ((), ())

Annotating to instance csa_tree_ADD_TC_OP_groupi_g6308__2398 of module XNOR3X1
	ABSOLUTE (IOPATH A Y) = ((), ())
	ABSOLUTE (IOPATH B Y) = ((), ())
	ABSOLUTE (IOPATH C Y) = ((), ())

Annotating to instance csa_tree_ADD_TC_OP_groupi_g6309__5107 of module XOR3XL
	ABSOLUTE (IOPATH A Y) = ((), ())
	ABSOLUTE (IOPATH B Y) = ((), ())
	ABSOLUTE (IOPATH C Y) = ((), ())

Annotating to instance csa_tree_ADD_TC_OP_groupi_g6310__6260 of module OAI21X1
	ABSOLUTE (IOPATH A0 Y) = ((), ())
	ABSOLUTE (IOPATH B0 Y) = ((), ())
	ABSOLUTE (IOPATH A1 Y) = ((), ())

Annotating to instance csa_tree_ADD_TC_OP_groupi_g6311__4319 of module XNOR2X1
	ABSOLUTE (IOPATH A Y) = ((), ())
	ABSOLUTE (IOPATH B Y) = ((), ())

Annotating to instance csa_tree_ADD_TC_OP_groupi_g6313__8428 of module NAND2BX1
	ABSOLUTE (IOPATH B Y) = ((), ())
	ABSOLUTE (IOPATH AN Y) = ((), ())

Annotating to instance csa_tree_ADD_TC_OP_groupi_g6314__5526 of module NOR2X1
	ABSOLUTE (IOPATH A Y) = ((), ())
	ABSOLUTE (IOPATH B Y) = ((), ())

Annotating to instance csa_tree_ADD_TC_OP_groupi_g6315__6783 of module NOR2BX1
	ABSOLUTE (IOPATH B Y) = ((), ())
	ABSOLUTE (IOPATH AN Y) = ((), ())

Annotating to instance csa_tree_ADD_TC_OP_groupi_g6316__3680 of module OR2XL
	ABSOLUTE (IOPATH A Y) = ((), ())
	ABSOLUTE (IOPATH B Y) = ((), ())

Annotating to instance csa_tree_ADD_TC_OP_groupi_g6317__1617 of module NAND2X1
	ABSOLUTE (IOPATH A Y) = ((), ())
	ABSOLUTE (IOPATH B Y) = ((), ())

Annotating to instance csa_tree_ADD_TC_OP_groupi_g6319__2802 of module NAND2X2
	ABSOLUTE (IOPATH A Y) = ((), ())
	ABSOLUTE (IOPATH B Y) = ((), ())

Annotating to instance csa_tree_ADD_TC_OP_groupi_g6320__1705 of module NOR2BX1
	ABSOLUTE (IOPATH B Y) = ((), ())
	ABSOLUTE (IOPATH AN Y) = ((), ())

Annotating to instance csa_tree_ADD_TC_OP_groupi_g6322__8246 of module CLKXOR2X1
	ABSOLUTE (IOPATH A Y) = ((), ())
	ABSOLUTE (IOPATH B Y) = ((), ())

Annotating to instance csa_tree_ADD_TC_OP_groupi_g6323__7098 of module XOR2XL
	ABSOLUTE (IOPATH A Y) = ((), ())
	ABSOLUTE (IOPATH B Y) = ((), ())

Annotating to instance csa_tree_ADD_TC_OP_groupi_g6324__6131 of module XOR2XL
	ABSOLUTE (IOPATH A Y) = ((), ())
	ABSOLUTE (IOPATH B Y) = ((), ())

Annotating to instance csa_tree_ADD_TC_OP_groupi_g6326 of module INVXL
	ABSOLUTE (IOPATH A Y) = ((), ())

Annotating to instance csa_tree_ADD_TC_OP_groupi_g6328__1881 of module ADDHX1
	ABSOLUTE (IOPATH A CO) = ((), ())
	ABSOLUTE (IOPATH B CO) = ((), ())
	ABSOLUTE (IOPATH A S) = ((), ())
	ABSOLUTE (IOPATH B S) = ((), ())

Annotating to instance csa_tree_ADD_TC_OP_groupi_g6329__5115 of module ADDHX1
	ABSOLUTE (IOPATH A CO) = ((), ())
	ABSOLUTE (IOPATH B CO) = ((), ())
	ABSOLUTE (IOPATH A S) = ((), ())
	ABSOLUTE (IOPATH B S) = ((), ())

Annotating to instance csa_tree_ADD_TC_OP_groupi_g6330__7482 of module ADDHX1
	ABSOLUTE (IOPATH A CO) = ((), ())
	ABSOLUTE (IOPATH B CO) = ((), ())
	ABSOLUTE (IOPATH A S) = ((), ())
	ABSOLUTE (IOPATH B S) = ((), ())

Annotating to instance csa_tree_ADD_TC_OP_groupi_g6331__4733 of module OR2XL
	ABSOLUTE (IOPATH A Y) = ((), ())
	ABSOLUTE (IOPATH B Y) = ((), ())

Annotating to instance csa_tree_ADD_TC_OP_groupi_g6332__6161 of module OAI21X1
	ABSOLUTE (IOPATH A0 Y) = ((), ())
	ABSOLUTE (IOPATH B0 Y) = ((), ())
	ABSOLUTE (IOPATH A1 Y) = ((), ())

Annotating to instance csa_tree_ADD_TC_OP_groupi_g6335__9315 of module OAI2BB1X1
	ABSOLUTE (IOPATH A1N Y) = ((), ())
	ABSOLUTE (IOPATH B0 Y) = ((), ())
	ABSOLUTE (IOPATH A0N Y) = ((), ())

Annotating to instance csa_tree_ADD_TC_OP_groupi_g6336__9945 of module OAI21X1
	ABSOLUTE (IOPATH A0 Y) = ((), ())
	ABSOLUTE (IOPATH B0 Y) = ((), ())
	ABSOLUTE (IOPATH A1 Y) = ((), ())

Annotating to instance csa_tree_ADD_TC_OP_groupi_g6337__2883 of module NOR2X1
	ABSOLUTE (IOPATH A Y) = ((), ())
	ABSOLUTE (IOPATH B Y) = ((), ())

Annotating to instance csa_tree_ADD_TC_OP_groupi_g6338__2346 of module AOI2BB1XL
	ABSOLUTE (IOPATH A1N Y) = ((), ())
	ABSOLUTE (IOPATH B0 Y) = ((), ())
	ABSOLUTE (IOPATH A0N Y) = ((), ())

Annotating to instance csa_tree_ADD_TC_OP_groupi_g6340__7410 of module OR2XL
	ABSOLUTE (IOPATH A Y) = ((), ())
	ABSOLUTE (IOPATH B Y) = ((), ())

Annotating to instance csa_tree_ADD_TC_OP_groupi_g6341__6417 of module XOR2XL
	ABSOLUTE (IOPATH A Y) = ((), ())
	ABSOLUTE (IOPATH B Y) = ((), ())

Annotating to instance csa_tree_ADD_TC_OP_groupi_g6342__5477 of module CLKXOR2X1
	ABSOLUTE (IOPATH A Y) = ((), ())
	ABSOLUTE (IOPATH B Y) = ((), ())

Annotating to instance csa_tree_ADD_TC_OP_groupi_g6343__2398 of module XNOR2X1
	ABSOLUTE (IOPATH A Y) = ((), ())
	ABSOLUTE (IOPATH B Y) = ((), ())

Annotating to instance csa_tree_ADD_TC_OP_groupi_g6344__5107 of module CLKXOR2X1
	ABSOLUTE (IOPATH A Y) = ((), ())
	ABSOLUTE (IOPATH B Y) = ((), ())

Annotating to instance csa_tree_ADD_TC_OP_groupi_g6345__6260 of module CLKXOR2X1
	ABSOLUTE (IOPATH A Y) = ((), ())
	ABSOLUTE (IOPATH B Y) = ((), ())

Annotating to instance csa_tree_ADD_TC_OP_groupi_g6346__4319 of module XOR2XL
	ABSOLUTE (IOPATH A Y) = ((), ())
	ABSOLUTE (IOPATH B Y) = ((), ())

Annotating to instance csa_tree_ADD_TC_OP_groupi_g6347__8428 of module XOR2XL
	ABSOLUTE (IOPATH A Y) = ((), ())
	ABSOLUTE (IOPATH B Y) = ((), ())

Annotating to instance csa_tree_ADD_TC_OP_groupi_g6350__5526 of module NOR2BX1
	ABSOLUTE (IOPATH B Y) = ((), ())
	ABSOLUTE (IOPATH AN Y) = ((), ())

Annotating to instance csa_tree_ADD_TC_OP_groupi_g6351__6783 of module OR2X1
	ABSOLUTE (IOPATH A Y) = ((), ())
	ABSOLUTE (IOPATH B Y) = ((), ())

Annotating to instance csa_tree_ADD_TC_OP_groupi_g6352__3680 of module NOR2BX1
	ABSOLUTE (IOPATH B Y) = ((), ())
	ABSOLUTE (IOPATH AN Y) = ((), ())

Annotating to instance csa_tree_ADD_TC_OP_groupi_g6353__1617 of module NOR2BX1
	ABSOLUTE (IOPATH B Y) = ((), ())
	ABSOLUTE (IOPATH AN Y) = ((), ())

Annotating to instance csa_tree_ADD_TC_OP_groupi_g6354__2802 of module OR2XL
	ABSOLUTE (IOPATH A Y) = ((), ())
	ABSOLUTE (IOPATH B Y) = ((), ())

Annotating to instance csa_tree_ADD_TC_OP_groupi_g6355__1705 of module NAND2BX1
	ABSOLUTE (IOPATH B Y) = ((), ())
	ABSOLUTE (IOPATH AN Y) = ((), ())

Annotating to instance csa_tree_ADD_TC_OP_groupi_g6358__8246 of module NAND2BX1
	ABSOLUTE (IOPATH B Y) = ((), ())
	ABSOLUTE (IOPATH AN Y) = ((), ())

Annotating to instance csa_tree_ADD_TC_OP_groupi_g6359__7098 of module OR2X1
	ABSOLUTE (IOPATH A Y) = ((), ())
	ABSOLUTE (IOPATH B Y) = ((), ())

Annotating to instance csa_tree_ADD_TC_OP_groupi_g6361__6131 of module NOR2X2
	ABSOLUTE (IOPATH A Y) = ((), ())
	ABSOLUTE (IOPATH B Y) = ((), ())

Annotating to instance csa_tree_ADD_TC_OP_groupi_g6363__1881 of module NAND2BX1
	ABSOLUTE (IOPATH B Y) = ((), ())
	ABSOLUTE (IOPATH AN Y) = ((), ())

Annotating to instance csa_tree_ADD_TC_OP_groupi_g6364__5115 of module NAND2BX1
	ABSOLUTE (IOPATH B Y) = ((), ())
	ABSOLUTE (IOPATH AN Y) = ((), ())

Annotating to instance csa_tree_ADD_TC_OP_groupi_g6365__7482 of module NAND2X1
	ABSOLUTE (IOPATH A Y) = ((), ())
	ABSOLUTE (IOPATH B Y) = ((), ())

Annotating to instance csa_tree_ADD_TC_OP_groupi_g6366__4733 of module AND2X1
	ABSOLUTE (IOPATH A Y) = ((), ())
	ABSOLUTE (IOPATH B Y) = ((), ())

Annotating to instance csa_tree_ADD_TC_OP_groupi_g6367__6161 of module AND2X1
	ABSOLUTE (IOPATH A Y) = ((), ())
	ABSOLUTE (IOPATH B Y) = ((), ())

Annotating to instance csa_tree_ADD_TC_OP_groupi_g6368__9315 of module NAND2XL
	ABSOLUTE (IOPATH A Y) = ((), ())
	ABSOLUTE (IOPATH B Y) = ((), ())

Annotating to instance csa_tree_ADD_TC_OP_groupi_g6369__9945 of module AND2X1
	ABSOLUTE (IOPATH A Y) = ((), ())
	ABSOLUTE (IOPATH B Y) = ((), ())

Annotating to instance csa_tree_ADD_TC_OP_groupi_g6370__2883 of module NAND2XL
	ABSOLUTE (IOPATH A Y) = ((), ())
	ABSOLUTE (IOPATH B Y) = ((), ())

Annotating to instance csa_tree_ADD_TC_OP_groupi_g6371__2346 of module NAND2XL
	ABSOLUTE (IOPATH A Y) = ((), ())
	ABSOLUTE (IOPATH B Y) = ((), ())

Annotating to instance csa_tree_ADD_TC_OP_groupi_g6372__1666 of module NAND2XL
	ABSOLUTE (IOPATH A Y) = ((), ())
	ABSOLUTE (IOPATH B Y) = ((), ())

Annotating to instance csa_tree_ADD_TC_OP_groupi_g6373__7410 of module NAND2XL
	ABSOLUTE (IOPATH A Y) = ((), ())
	ABSOLUTE (IOPATH B Y) = ((), ())

Annotating to instance csa_tree_ADD_TC_OP_groupi_g6374__6417 of module AND2X1
	ABSOLUTE (IOPATH A Y) = ((), ())
	ABSOLUTE (IOPATH B Y) = ((), ())

Annotating to instance csa_tree_ADD_TC_OP_groupi_g6375__5477 of module AND2X1
	ABSOLUTE (IOPATH A Y) = ((), ())
	ABSOLUTE (IOPATH B Y) = ((), ())

Annotating to instance csa_tree_ADD_TC_OP_groupi_g6376__2398 of module AND2X1
	ABSOLUTE (IOPATH A Y) = ((), ())
	ABSOLUTE (IOPATH B Y) = ((), ())

Annotating to instance csa_tree_ADD_TC_OP_groupi_g6377__5107 of module AND2X1
	ABSOLUTE (IOPATH A Y) = ((), ())
	ABSOLUTE (IOPATH B Y) = ((), ())

Annotating to instance csa_tree_ADD_TC_OP_groupi_g6378__6260 of module AND2X1
	ABSOLUTE (IOPATH A Y) = ((), ())
	ABSOLUTE (IOPATH B Y) = ((), ())

Annotating to instance csa_tree_ADD_TC_OP_groupi_g6379__4319 of module NAND2XL
	ABSOLUTE (IOPATH A Y) = ((), ())
	ABSOLUTE (IOPATH B Y) = ((), ())

Annotating to instance csa_tree_ADD_TC_OP_groupi_g6380__8428 of module AND2X1
	ABSOLUTE (IOPATH A Y) = ((), ())
	ABSOLUTE (IOPATH B Y) = ((), ())

Annotating to instance csa_tree_ADD_TC_OP_groupi_g6381__5526 of module AND2X1
	ABSOLUTE (IOPATH A Y) = ((), ())
	ABSOLUTE (IOPATH B Y) = ((), ())

Annotating to instance csa_tree_ADD_TC_OP_groupi_g6382__6783 of module NAND2XL
	ABSOLUTE (IOPATH A Y) = ((), ())
	ABSOLUTE (IOPATH B Y) = ((), ())

Annotating to instance csa_tree_ADD_TC_OP_groupi_g6383__3680 of module AND2X1
	ABSOLUTE (IOPATH A Y) = ((), ())
	ABSOLUTE (IOPATH B Y) = ((), ())

Annotating to instance csa_tree_ADD_TC_OP_groupi_g6384__1617 of module NAND2XL
	ABSOLUTE (IOPATH A Y) = ((), ())
	ABSOLUTE (IOPATH B Y) = ((), ())

Annotating to instance csa_tree_ADD_TC_OP_groupi_g6385__2802 of module AND2X1
	ABSOLUTE (IOPATH A Y) = ((), ())
	ABSOLUTE (IOPATH B Y) = ((), ())

Annotating to instance csa_tree_ADD_TC_OP_groupi_g6386__1705 of module NAND2XL
	ABSOLUTE (IOPATH A Y) = ((), ())
	ABSOLUTE (IOPATH B Y) = ((), ())

Annotating to instance csa_tree_ADD_TC_OP_groupi_g6387__5122 of module AND2X1
	ABSOLUTE (IOPATH A Y) = ((), ())
	ABSOLUTE (IOPATH B Y) = ((), ())

Annotating to instance csa_tree_ADD_TC_OP_groupi_g6388__8246 of module AND2X1
	ABSOLUTE (IOPATH A Y) = ((), ())
	ABSOLUTE (IOPATH B Y) = ((), ())

Annotating to instance csa_tree_ADD_TC_OP_groupi_g6389__7098 of module AND2X1
	ABSOLUTE (IOPATH A Y) = ((), ())
	ABSOLUTE (IOPATH B Y) = ((), ())

Annotating to instance csa_tree_ADD_TC_OP_groupi_g6390__6131 of module NAND2XL
	ABSOLUTE (IOPATH A Y) = ((), ())
	ABSOLUTE (IOPATH B Y) = ((), ())

Annotating to instance csa_tree_ADD_TC_OP_groupi_g6391__1881 of module AND2X1
	ABSOLUTE (IOPATH A Y) = ((), ())
	ABSOLUTE (IOPATH B Y) = ((), ())

Annotating to instance csa_tree_ADD_TC_OP_groupi_g6392__5115 of module AND2X1
	ABSOLUTE (IOPATH A Y) = ((), ())
	ABSOLUTE (IOPATH B Y) = ((), ())

Annotating to instance csa_tree_ADD_TC_OP_groupi_g6393__7482 of module AND2X1
	ABSOLUTE (IOPATH A Y) = ((), ())
	ABSOLUTE (IOPATH B Y) = ((), ())

Annotating to instance csa_tree_ADD_TC_OP_groupi_g6394__4733 of module AND2X1
	ABSOLUTE (IOPATH A Y) = ((), ())
	ABSOLUTE (IOPATH B Y) = ((), ())

Annotating to instance csa_tree_ADD_TC_OP_groupi_g6395__6161 of module NAND2XL
	ABSOLUTE (IOPATH A Y) = ((), ())
	ABSOLUTE (IOPATH B Y) = ((), ())

Annotating to instance csa_tree_ADD_TC_OP_groupi_g6396__9315 of module NAND2XL
	ABSOLUTE (IOPATH A Y) = ((), ())
	ABSOLUTE (IOPATH B Y) = ((), ())

Annotating to instance csa_tree_ADD_TC_OP_groupi_g6399__9945 of module NAND2XL
	ABSOLUTE (IOPATH A Y) = ((), ())
	ABSOLUTE (IOPATH B Y) = ((), ())

Annotating to instance csa_tree_ADD_TC_OP_groupi_g6400__2883 of module NAND2XL
	ABSOLUTE (IOPATH A Y) = ((), ())
	ABSOLUTE (IOPATH B Y) = ((), ())

Annotating to instance csa_tree_ADD_TC_OP_groupi_g6401__2346 of module NAND2XL
	ABSOLUTE (IOPATH A Y) = ((), ())
	ABSOLUTE (IOPATH B Y) = ((), ())

Annotating to instance csa_tree_ADD_TC_OP_groupi_g6402__1666 of module AND2X1
	ABSOLUTE (IOPATH A Y) = ((), ())
	ABSOLUTE (IOPATH B Y) = ((), ())

Annotating to instance csa_tree_ADD_TC_OP_groupi_g6403__7410 of module AND2X1
	ABSOLUTE (IOPATH A Y) = ((), ())
	ABSOLUTE (IOPATH B Y) = ((), ())

Annotating to instance csa_tree_ADD_TC_OP_groupi_g6404__6417 of module NAND2XL
	ABSOLUTE (IOPATH A Y) = ((), ())
	ABSOLUTE (IOPATH B Y) = ((), ())

Annotating to instance csa_tree_ADD_TC_OP_groupi_g6405__5477 of module AND2X1
	ABSOLUTE (IOPATH A Y) = ((), ())
	ABSOLUTE (IOPATH B Y) = ((), ())

Annotating to instance csa_tree_ADD_TC_OP_groupi_g6406__2398 of module NAND2XL
	ABSOLUTE (IOPATH A Y) = ((), ())
	ABSOLUTE (IOPATH B Y) = ((), ())

Annotating to instance csa_tree_ADD_TC_OP_groupi_g6407__5107 of module NAND2XL
	ABSOLUTE (IOPATH A Y) = ((), ())
	ABSOLUTE (IOPATH B Y) = ((), ())

Annotating to instance csa_tree_ADD_TC_OP_groupi_g6408__6260 of module NAND2XL
	ABSOLUTE (IOPATH A Y) = ((), ())
	ABSOLUTE (IOPATH B Y) = ((), ())

Annotating to instance csa_tree_ADD_TC_OP_groupi_g6409__4319 of module NAND2XL
	ABSOLUTE (IOPATH A Y) = ((), ())
	ABSOLUTE (IOPATH B Y) = ((), ())

Annotating to instance csa_tree_ADD_TC_OP_groupi_g6410__8428 of module AND2X1
	ABSOLUTE (IOPATH A Y) = ((), ())
	ABSOLUTE (IOPATH B Y) = ((), ())

Annotating to instance csa_tree_ADD_TC_OP_groupi_g6411__5526 of module AND2X1
	ABSOLUTE (IOPATH A Y) = ((), ())
	ABSOLUTE (IOPATH B Y) = ((), ())

Annotating to instance csa_tree_ADD_TC_OP_groupi_g6412__6783 of module AND2X1
	ABSOLUTE (IOPATH A Y) = ((), ())
	ABSOLUTE (IOPATH B Y) = ((), ())

Annotating to instance csa_tree_ADD_TC_OP_groupi_g6413__3680 of module AND2X1
	ABSOLUTE (IOPATH A Y) = ((), ())
	ABSOLUTE (IOPATH B Y) = ((), ())

Annotating to instance csa_tree_ADD_TC_OP_groupi_g6414__1617 of module AND2X1
	ABSOLUTE (IOPATH A Y) = ((), ())
	ABSOLUTE (IOPATH B Y) = ((), ())

Annotating to instance csa_tree_ADD_TC_OP_groupi_g6415__2802 of module AND2X1
	ABSOLUTE (IOPATH A Y) = ((), ())
	ABSOLUTE (IOPATH B Y) = ((), ())

Annotating to instance csa_tree_ADD_TC_OP_groupi_g6416__1705 of module AND2X1
	ABSOLUTE (IOPATH A Y) = ((), ())
	ABSOLUTE (IOPATH B Y) = ((), ())

Annotating to instance csa_tree_ADD_TC_OP_groupi_g6417__5122 of module AND2X1
	ABSOLUTE (IOPATH A Y) = ((), ())
	ABSOLUTE (IOPATH B Y) = ((), ())

Annotating to instance csa_tree_ADD_TC_OP_groupi_g6418__8246 of module AND2X1
	ABSOLUTE (IOPATH A Y) = ((), ())
	ABSOLUTE (IOPATH B Y) = ((), ())

Annotating to instance csa_tree_ADD_TC_OP_groupi_g6419__7098 of module AND2X1
	ABSOLUTE (IOPATH A Y) = ((), ())
	ABSOLUTE (IOPATH B Y) = ((), ())

Annotating to instance csa_tree_ADD_TC_OP_groupi_g6420__6131 of module AND2X1
	ABSOLUTE (IOPATH A Y) = ((), ())
	ABSOLUTE (IOPATH B Y) = ((), ())

Annotating to instance csa_tree_ADD_TC_OP_groupi_g6421__1881 of module AND2X1
	ABSOLUTE (IOPATH A Y) = ((), ())
	ABSOLUTE (IOPATH B Y) = ((), ())

Annotating to instance csa_tree_ADD_TC_OP_groupi_g6422__5115 of module AND2X1
	ABSOLUTE (IOPATH A Y) = ((), ())
	ABSOLUTE (IOPATH B Y) = ((), ())

Annotating to instance csa_tree_ADD_TC_OP_groupi_g6423__7482 of module NAND2XL
	ABSOLUTE (IOPATH A Y) = ((), ())
	ABSOLUTE (IOPATH B Y) = ((), ())

Annotating to instance csa_tree_ADD_TC_OP_groupi_g6424__4733 of module AND2X1
	ABSOLUTE (IOPATH A Y) = ((), ())
	ABSOLUTE (IOPATH B Y) = ((), ())

Annotating to instance csa_tree_ADD_TC_OP_groupi_g6425__6161 of module AND2X1
	ABSOLUTE (IOPATH A Y) = ((), ())
	ABSOLUTE (IOPATH B Y) = ((), ())

Annotating to instance csa_tree_ADD_TC_OP_groupi_g6426__9315 of module NAND2XL
	ABSOLUTE (IOPATH A Y) = ((), ())
	ABSOLUTE (IOPATH B Y) = ((), ())

Annotating to instance csa_tree_ADD_TC_OP_groupi_g6427__9945 of module AND2X1
	ABSOLUTE (IOPATH A Y) = ((), ())
	ABSOLUTE (IOPATH B Y) = ((), ())

Annotating to instance csa_tree_ADD_TC_OP_groupi_g6428__2883 of module AND2X1
	ABSOLUTE (IOPATH A Y) = ((), ())
	ABSOLUTE (IOPATH B Y) = ((), ())

Annotating to instance csa_tree_ADD_TC_OP_groupi_g6429__2346 of module NAND2XL
	ABSOLUTE (IOPATH A Y) = ((), ())
	ABSOLUTE (IOPATH B Y) = ((), ())

Annotating to instance csa_tree_ADD_TC_OP_groupi_g6430__1666 of module AND2X1
	ABSOLUTE (IOPATH A Y) = ((), ())
	ABSOLUTE (IOPATH B Y) = ((), ())

Annotating to instance csa_tree_ADD_TC_OP_groupi_g6431__7410 of module NAND2XL
	ABSOLUTE (IOPATH A Y) = ((), ())
	ABSOLUTE (IOPATH B Y) = ((), ())

Annotating to instance csa_tree_ADD_TC_OP_groupi_g6446__5477 of module OR2XL
	ABSOLUTE (IOPATH A Y) = ((), ())
	ABSOLUTE (IOPATH B Y) = ((), ())

Annotating to instance csa_tree_ADD_TC_OP_groupi_g6448__5107 of module XOR2XL
	ABSOLUTE (IOPATH A Y) = ((), ())
	ABSOLUTE (IOPATH B Y) = ((), ())

Annotating to instance csa_tree_ADD_TC_OP_groupi_g6449__6260 of module AND2X1
	ABSOLUTE (IOPATH A Y) = ((), ())
	ABSOLUTE (IOPATH B Y) = ((), ())

Annotating to instance csa_tree_ADD_TC_OP_groupi_g6450__4319 of module XNOR2X1
	ABSOLUTE (IOPATH A Y) = ((), ())
	ABSOLUTE (IOPATH B Y) = ((), ())

Annotating to instance csa_tree_ADD_TC_OP_groupi_g6451__8428 of module XNOR2X1
	ABSOLUTE (IOPATH A Y) = ((), ())
	ABSOLUTE (IOPATH B Y) = ((), ())

Annotating to instance csa_tree_ADD_TC_OP_groupi_g6452__5526 of module XOR2XL
	ABSOLUTE (IOPATH A Y) = ((), ())
	ABSOLUTE (IOPATH B Y) = ((), ())

Annotating to instance csa_tree_ADD_TC_OP_groupi_g6453__6783 of module XOR2XL
	ABSOLUTE (IOPATH A Y) = ((), ())
	ABSOLUTE (IOPATH B Y) = ((), ())

Annotating to instance csa_tree_ADD_TC_OP_groupi_g6454__3680 of module XNOR2X1
	ABSOLUTE (IOPATH A Y) = ((), ())
	ABSOLUTE (IOPATH B Y) = ((), ())

Annotating to instance csa_tree_ADD_TC_OP_groupi_g6455__1617 of module AND2X1
	ABSOLUTE (IOPATH A Y) = ((), ())
	ABSOLUTE (IOPATH B Y) = ((), ())

Annotating to instance csa_tree_ADD_TC_OP_groupi_g6456__2802 of module XNOR2X1
	ABSOLUTE (IOPATH A Y) = ((), ())
	ABSOLUTE (IOPATH B Y) = ((), ())

Annotating to instance csa_tree_ADD_TC_OP_groupi_g6457__1705 of module CLKXOR2X1
	ABSOLUTE (IOPATH A Y) = ((), ())
	ABSOLUTE (IOPATH B Y) = ((), ())

Annotating to instance csa_tree_ADD_TC_OP_groupi_g6458__5122 of module NOR2BX1
	ABSOLUTE (IOPATH B Y) = ((), ())
	ABSOLUTE (IOPATH AN Y) = ((), ())

Annotating to instance csa_tree_ADD_TC_OP_groupi_g6459__8246 of module NOR2BX1
	ABSOLUTE (IOPATH B Y) = ((), ())
	ABSOLUTE (IOPATH AN Y) = ((), ())

Annotating to instance csa_tree_ADD_TC_OP_groupi_g6460__7098 of module NOR2BX1
	ABSOLUTE (IOPATH B Y) = ((), ())
	ABSOLUTE (IOPATH AN Y) = ((), ())

Annotating to instance fopt6461 of module BUFX3
	ABSOLUTE (IOPATH A Y) = ((), ())

Annotating to instance fopt6462 of module INVX2
	ABSOLUTE (IOPATH A Y) = ((), ())

Annotating to instance fopt2 of module BUFX2
	ABSOLUTE (IOPATH A Y) = ((), ())

Annotating to instance fopt6465 of module BUFX2
	ABSOLUTE (IOPATH A Y) = ((), ())

Annotating to instance fopt6468 of module BUFX3
	ABSOLUTE (IOPATH A Y) = ((), ())

Annotating to instance fopt6470 of module BUFX2
	ABSOLUTE (IOPATH A Y) = ((), ())

Annotating to instance fopt3 of module BUFX2
	ABSOLUTE (IOPATH A Y) = ((), ())

Annotating to instance fopt6472 of module BUFX2
	ABSOLUTE (IOPATH A Y) = ((), ())

Annotating to instance fopt6474 of module BUFX2
	ABSOLUTE (IOPATH A Y) = ((), ())

Annotating to instance csa_tree_ADD_TC_OP_groupi_g2_0__1881 of module MX2XL
	ABSOLUTE (IOPATH A Y) = ((), ())
	ABSOLUTE (IOPATH B Y) = ((), ())
	ABSOLUTE (IOPATH S0 Y) = ((), ())

Annotating to instance g2 of module MXI2XL
	ABSOLUTE (IOPATH A Y) = ((), ())
	ABSOLUTE (IOPATH B Y) = ((), ())
	ABSOLUTE (IOPATH S0 Y) = ((), ())

Annotating to instance g3 of module NAND2XL
	ABSOLUTE (IOPATH A Y) = ((), ())
	ABSOLUTE (IOPATH B Y) = ((), ())

Annotating to instance g6476 of module XNOR2XL
	ABSOLUTE (IOPATH A Y) = ((), ())
	ABSOLUTE (IOPATH B Y) = ((), ())

Annotating to instance g6481 of module MXI2XL
	ABSOLUTE (IOPATH A Y) = ((), ())
	ABSOLUTE (IOPATH B Y) = ((), ())
	ABSOLUTE (IOPATH S0 Y) = ((), ())

Annotating to instance fopt6485 of module BUFX3
	ABSOLUTE (IOPATH A Y) = ((), ())

Annotating to instance fopt6487 of module BUFX2
	ABSOLUTE (IOPATH A Y) = ((), ())

Annotating to instance g6489 of module AOI2BB1X1
	ABSOLUTE (IOPATH A1N Y) = ((), ())
	ABSOLUTE (IOPATH B0 Y) = ((), ())
	ABSOLUTE (IOPATH A0N Y) = ((), ())

Annotating to instance g6490 of module XNOR2X1
	ABSOLUTE (IOPATH A Y) = ((), ())
	ABSOLUTE (IOPATH B Y) = ((), ())

Annotating to instance drc_bufs of module BUFX8
	ABSOLUTE (IOPATH A Y) = ((), ())

Annotating to instance drc_bufs6494 of module CLKBUFX20
	ABSOLUTE (IOPATH A Y) = ((), ())

Annotating to instance drc_bufs6497 of module CLKBUFX20
	ABSOLUTE (IOPATH A Y) = ((), ())

Annotating to instance drc_bufs6500 of module CLKBUFX20
	ABSOLUTE (IOPATH A Y) = ((), ())

Annotating to instance drc_bufs6503 of module CLKBUFX20
	ABSOLUTE (IOPATH A Y) = ((), ())

Annotating to instance drc_bufs6506 of module CLKBUFX20
	ABSOLUTE (IOPATH A Y) = ((), ())

Annotating to instance drc_bufs6509 of module CLKBUFX20
	ABSOLUTE (IOPATH A Y) = ((), ())

Annotating to instance drc_bufs6512 of module CLKBUFX20
	ABSOLUTE (IOPATH A Y) = ((), ())

Annotating to instance drc_bufs6518 of module CLKBUFX20
	ABSOLUTE (IOPATH A Y) = ((), ())

Annotating to instance drc_bufs6521 of module BUFX12
	ABSOLUTE (IOPATH A Y) = ((), ())

Annotating to instance drc_bufs6524 of module CLKBUFX20
	ABSOLUTE (IOPATH A Y) = ((), ())

Annotating to instance drc_bufs6527 of module CLKBUFX20
	ABSOLUTE (IOPATH A Y) = ((), ())

Annotating to instance drc_bufs6536 of module CLKBUFX20
	ABSOLUTE (IOPATH A Y) = ((), ())

Annotating to instance drc_bufs6539 of module CLKBUFX20
	ABSOLUTE (IOPATH A Y) = ((), ())

Annotating to instance drc_bufs6542 of module CLKBUFX20
	ABSOLUTE (IOPATH A Y) = ((), ())

Annotating to instance drc_bufs6545 of module CLKBUFX20
	ABSOLUTE (IOPATH A Y) = ((), ())

Annotating to instance drc_bufs6548 of module CLKBUFX20
	ABSOLUTE (IOPATH A Y) = ((), ())

Annotating to instance drc_bufs6551 of module CLKBUFX20
	ABSOLUTE (IOPATH A Y) = ((), ())

Annotating to instance drc_bufs6554 of module CLKBUFX20
	ABSOLUTE (IOPATH A Y) = ((), ())

Annotating to instance drc_bufs6557 of module BUFX12
	ABSOLUTE (IOPATH A Y) = ((), ())

Annotating to instance drc_bufs6560 of module CLKBUFX20
	ABSOLUTE (IOPATH A Y) = ((), ())

Annotating to instance drc_bufs6563 of module CLKBUFX20
	ABSOLUTE (IOPATH A Y) = ((), ())

Annotating to instance drc_bufs6566 of module CLKBUFX20
	ABSOLUTE (IOPATH A Y) = ((), ())

Annotating to instance drc_bufs6569 of module CLKBUFX20
	ABSOLUTE (IOPATH A Y) = ((), ())

Annotating to instance csa_tree_ADD_TC_OP_groupi_g6092__7410_1 of module NOR2BX1
	ABSOLUTE (IOPATH B Y) = ((), ())
	ABSOLUTE (IOPATH AN Y) = ((), ())

Annotating to instance csa_tree_ADD_TC_OP_groupi_g6339__6797 of module XOR2XL
	ABSOLUTE (IOPATH A Y) = ((), ())
	ABSOLUTE (IOPATH B Y) = ((), ())

Annotating to instance result_reg[25] of module DFFRXL
	ABSOLUTE (IOPATH RN Q) = ((), ())
	ABSOLUTE (IOPATH CK Q) = ((), ())
	ABSOLUTE (IOPATH RN QN) = ((), ())
	ABSOLUTE (IOPATH CK QN) = ((), ())
xmelab: *W,SDFNET: Unable to annotate to non-existent timing check (REMOVAL (posedge RN) (posedge CK) ()) of instance mac_param_tb.dut.\result_reg[25]  of module DFFRXL <./delays.sdf, line 6643>.
	TIMINGCHECK (RECOVERY (posedge RN) (posedge CK) ())
	TIMINGCHECK (HOLD (negedge D) (posedge CK) ())
	TIMINGCHECK (HOLD (posedge D) (posedge CK) ())
	TIMINGCHECK (SETUP (negedge D) (posedge CK) ())
	TIMINGCHECK (SETUP (posedge D) (posedge CK) ())

Annotating to instance result_reg[17] of module DFFRXL
	ABSOLUTE (IOPATH RN Q) = ((), ())
	ABSOLUTE (IOPATH CK Q) = ((), ())
	ABSOLUTE (IOPATH RN QN) = ((), ())
	ABSOLUTE (IOPATH CK QN) = ((), ())
xmelab: *W,SDFNET: Unable to annotate to non-existent timing check (REMOVAL (posedge RN) (posedge CK) ()) of instance mac_param_tb.dut.\result_reg[17]  of module DFFRXL <./delays.sdf, line 6666>.
	TIMINGCHECK (RECOVERY (posedge RN) (posedge CK) ())
	TIMINGCHECK (HOLD (negedge D) (posedge CK) ())
	TIMINGCHECK (HOLD (posedge D) (posedge CK) ())
	TIMINGCHECK (SETUP (negedge D) (posedge CK) ())
	TIMINGCHECK (SETUP (posedge D) (posedge CK) ())

Annotating to instance g6802 of module NAND2BXL
	ABSOLUTE (IOPATH B Y) = ((), ())
	ABSOLUTE (IOPATH AN Y) = ((), ())

Annotating to instance g6803 of module XNOR2XL
	ABSOLUTE (IOPATH A Y) = ((), ())
	ABSOLUTE (IOPATH B Y) = ((), ())

Annotating to instance g6804 of module OAI21X1
	ABSOLUTE (IOPATH A0 Y) = ((), ())
	ABSOLUTE (IOPATH B0 Y) = ((), ())
	ABSOLUTE (IOPATH A1 Y) = ((), ())

Annotating to instance g6805 of module AO21X1
	ABSOLUTE (IOPATH A0 Y) = ((), ())
	ABSOLUTE (IOPATH B0 Y) = ((), ())
	ABSOLUTE (IOPATH A1 Y) = ((), ())

Annotating to instance result_reg[19] of module DFFRXL
	ABSOLUTE (IOPATH RN Q) = ((), ())
	ABSOLUTE (IOPATH CK Q) = ((), ())
	ABSOLUTE (IOPATH RN QN) = ((), ())
	ABSOLUTE (IOPATH CK QN) = ((), ())
xmelab: *W,SDFNET: Unable to annotate to non-existent timing check (REMOVAL (posedge RN) (posedge CK) ()) of instance mac_param_tb.dut.\result_reg[19]  of module DFFRXL <./delays.sdf, line 6741>.
	TIMINGCHECK (RECOVERY (posedge RN) (posedge CK) ())
	TIMINGCHECK (HOLD (negedge D) (posedge CK) ())
	TIMINGCHECK (HOLD (posedge D) (posedge CK) ())
	TIMINGCHECK (SETUP (negedge D) (posedge CK) ())
	TIMINGCHECK (SETUP (posedge D) (posedge CK) ())

Annotating to instance result_reg[21] of module DFFRXL
	ABSOLUTE (IOPATH RN Q) = ((), ())
	ABSOLUTE (IOPATH CK Q) = ((), ())
	ABSOLUTE (IOPATH RN QN) = ((), ())
	ABSOLUTE (IOPATH CK QN) = ((), ())
xmelab: *W,SDFNET: Unable to annotate to non-existent timing check (REMOVAL (posedge RN) (posedge CK) ()) of instance mac_param_tb.dut.\result_reg[21]  of module DFFRXL <./delays.sdf, line 6764>.
	TIMINGCHECK (RECOVERY (posedge RN) (posedge CK) ())
	TIMINGCHECK (HOLD (negedge D) (posedge CK) ())
	TIMINGCHECK (HOLD (posedge D) (posedge CK) ())
	TIMINGCHECK (SETUP (negedge D) (posedge CK) ())
	TIMINGCHECK (SETUP (posedge D) (posedge CK) ())

Annotating to instance result_reg[22] of module DFFRXL
	ABSOLUTE (IOPATH RN Q) = ((), ())
	ABSOLUTE (IOPATH CK Q) = ((), ())
	ABSOLUTE (IOPATH RN QN) = ((), ())
	ABSOLUTE (IOPATH CK QN) = ((), ())
xmelab: *W,SDFNET: Unable to annotate to non-existent timing check (REMOVAL (posedge RN) (posedge CK) ()) of instance mac_param_tb.dut.\result_reg[22]  of module DFFRXL <./delays.sdf, line 6787>.
	TIMINGCHECK (RECOVERY (posedge RN) (posedge CK) ())
	TIMINGCHECK (HOLD (negedge D) (posedge CK) ())
	TIMINGCHECK (HOLD (posedge D) (posedge CK) ())
	TIMINGCHECK (SETUP (negedge D) (posedge CK) ())
	TIMINGCHECK (SETUP (posedge D) (posedge CK) ())

Annotating to instance result_reg[18] of module DFFRXL
	ABSOLUTE (IOPATH RN Q) = ((), ())
	ABSOLUTE (IOPATH CK Q) = ((), ())
	ABSOLUTE (IOPATH RN QN) = ((), ())
	ABSOLUTE (IOPATH CK QN) = ((), ())
xmelab: *W,SDFNET: Unable to annotate to non-existent timing check (REMOVAL (posedge RN) (posedge CK) ()) of instance mac_param_tb.dut.\result_reg[18]  of module DFFRXL <./delays.sdf, line 6810>.
	TIMINGCHECK (RECOVERY (posedge RN) (posedge CK) ())
	TIMINGCHECK (HOLD (negedge D) (posedge CK) ())
	TIMINGCHECK (HOLD (posedge D) (posedge CK) ())
	TIMINGCHECK (SETUP (negedge D) (posedge CK) ())
	TIMINGCHECK (SETUP (posedge D) (posedge CK) ())

Annotating to instance result_reg[24] of module DFFRXL
	ABSOLUTE (IOPATH RN Q) = ((), ())
	ABSOLUTE (IOPATH CK Q) = ((), ())
	ABSOLUTE (IOPATH RN QN) = ((), ())
	ABSOLUTE (IOPATH CK QN) = ((), ())
xmelab: *W,SDFNET: Unable to annotate to non-existent timing check (REMOVAL (posedge RN) (posedge CK) ()) of instance mac_param_tb.dut.\result_reg[24]  of module DFFRXL <./delays.sdf, line 6833>.
	TIMINGCHECK (RECOVERY (posedge RN) (posedge CK) ())
	TIMINGCHECK (HOLD (negedge D) (posedge CK) ())
	TIMINGCHECK (HOLD (posedge D) (posedge CK) ())
	TIMINGCHECK (SETUP (negedge D) (posedge CK) ())
	TIMINGCHECK (SETUP (posedge D) (posedge CK) ())

Annotating to instance result_reg[20] of module DFFRXL
	ABSOLUTE (IOPATH RN Q) = ((), ())
	ABSOLUTE (IOPATH CK Q) = ((), ())
	ABSOLUTE (IOPATH RN QN) = ((), ())
	ABSOLUTE (IOPATH CK QN) = ((), ())
xmelab: *W,SDFNET: Unable to annotate to non-existent timing check (REMOVAL (posedge RN) (posedge CK) ()) of instance mac_param_tb.dut.\result_reg[20]  of module DFFRXL <./delays.sdf, line 6856>.
	TIMINGCHECK (RECOVERY (posedge RN) (posedge CK) ())
	TIMINGCHECK (HOLD (negedge D) (posedge CK) ())
	TIMINGCHECK (HOLD (posedge D) (posedge CK) ())
	TIMINGCHECK (SETUP (negedge D) (posedge CK) ())
	TIMINGCHECK (SETUP (posedge D) (posedge CK) ())

Annotating to instance result_reg[23] of module DFFRXL
	ABSOLUTE (IOPATH RN Q) = ((), ())
	ABSOLUTE (IOPATH CK Q) = ((), ())
	ABSOLUTE (IOPATH RN QN) = ((), ())
	ABSOLUTE (IOPATH CK QN) = ((), ())
xmelab: *W,SDFNET: Unable to annotate to non-existent timing check (REMOVAL (posedge RN) (posedge CK) ()) of instance mac_param_tb.dut.\result_reg[23]  of module DFFRXL <./delays.sdf, line 6879>.
	TIMINGCHECK (RECOVERY (posedge RN) (posedge CK) ())
	TIMINGCHECK (HOLD (negedge D) (posedge CK) ())
	TIMINGCHECK (HOLD (posedge D) (posedge CK) ())
	TIMINGCHECK (SETUP (negedge D) (posedge CK) ())
	TIMINGCHECK (SETUP (posedge D) (posedge CK) ())

Annotating to instance drc_bufs6820 of module CLKBUFX20
	ABSOLUTE (IOPATH A Y) = ((), ())

Annotating to instance drc_bufs6823 of module CLKBUFX20
	ABSOLUTE (IOPATH A Y) = ((), ())

Annotating to instance drc_bufs6826 of module CLKBUFX20
	ABSOLUTE (IOPATH A Y) = ((), ())

Annotating to instance drc_bufs6829 of module BUFX12
	ABSOLUTE (IOPATH A Y) = ((), ())

Annotating to instance drc_bufs6832 of module CLKBUFX20
	ABSOLUTE (IOPATH A Y) = ((), ())
ABSOLUTE PORT: mac_param_tb.dut.g1464.A = (0)
ABSOLUTE PORT: mac_param_tb.dut.g1443.A = (0)
ABSOLUTE PORT: mac_param_tb.dut.g1452.A = (0)
ABSOLUTE PORT: mac_param_tb.dut.g1459.A = (0)
ABSOLUTE PORT: mac_param_tb.dut.g1453.A = (0)
ABSOLUTE PORT: mac_param_tb.dut.g1456.A = (0)
ABSOLUTE PORT: mac_param_tb.dut.g1454.A = (0)
ABSOLUTE PORT: mac_param_tb.dut.g1455.A = (0)
ABSOLUTE PORT: mac_param_tb.dut.g1451.A = (0)
ABSOLUTE PORT: mac_param_tb.dut.g1465.A = (0)
ABSOLUTE PORT: mac_param_tb.dut.g1445.A = (0)
ABSOLUTE PORT: mac_param_tb.dut.g1462.A = (0)
ABSOLUTE PORT: mac_param_tb.dut.g1467.A = (0)
ABSOLUTE PORT: mac_param_tb.dut.g1447.A = (0)
ABSOLUTE PORT: mac_param_tb.dut.g1460.A = (0)
ABSOLUTE PORT: mac_param_tb.dut.done_reg.RN = (0)
ABSOLUTE PORT: mac_param_tb.dut.done_reg.CK = (0)
ABSOLUTE PORT: mac_param_tb.dut.done_reg.D = (0)
ABSOLUTE PORT: mac_param_tb.dut.g1660.A = (0)
ABSOLUTE PORT: mac_param_tb.dut.g1661__2398.A = (0)
ABSOLUTE PORT: mac_param_tb.dut.g1661__2398.B = (0)
ABSOLUTE PORT: mac_param_tb.dut.g1662__5107.A = (0)
ABSOLUTE PORT: mac_param_tb.dut.g1662__5107.B = (0)
ABSOLUTE PORT: mac_param_tb.dut.g1663__6260.A = (0)
ABSOLUTE PORT: mac_param_tb.dut.g1663__6260.B = (0)
ABSOLUTE PORT: mac_param_tb.dut.g1664.A = (0)
ABSOLUTE PORT: mac_param_tb.dut.g1665__4319.A = (0)
ABSOLUTE PORT: mac_param_tb.dut.g1665__4319.B = (0)
ABSOLUTE PORT: mac_param_tb.dut.g1665__4319.C = (0)
ABSOLUTE PORT: mac_param_tb.dut.g1666__8428.A = (0)
ABSOLUTE PORT: mac_param_tb.dut.g1666__8428.B = (0)
ABSOLUTE PORT: mac_param_tb.dut.g1667.A = (0)
ABSOLUTE PORT: mac_param_tb.dut.g1669__5526.A = (0)
ABSOLUTE PORT: mac_param_tb.dut.g1669__5526.B = (0)
ABSOLUTE PORT: mac_param_tb.dut.g1670__6783.A = (0)
ABSOLUTE PORT: mac_param_tb.dut.g1670__6783.B = (0)
ABSOLUTE PORT: mac_param_tb.dut.fopt.A = (0)
ABSOLUTE PORT: mac_param_tb.dut.g2__3680.A = (0)
ABSOLUTE PORT: mac_param_tb.dut.g2__3680.B = (0)
ABSOLUTE PORT: mac_param_tb.dut.busy_reg.RN = (0)
ABSOLUTE PORT: mac_param_tb.dut.busy_reg.CK = (0)
ABSOLUTE PORT: mac_param_tb.dut.busy_reg.D = (0)
ABSOLUTE PORT: mac_param_tb.dut.\count_reg[0] .RN = (0)
ABSOLUTE PORT: mac_param_tb.dut.\count_reg[0] .CK = (0)
ABSOLUTE PORT: mac_param_tb.dut.\count_reg[0] .D = (0)
ABSOLUTE PORT: mac_param_tb.dut.\count_reg[1] .RN = (0)
ABSOLUTE PORT: mac_param_tb.dut.\count_reg[1] .CK = (0)
ABSOLUTE PORT: mac_param_tb.dut.\count_reg[1] .D = (0)
ABSOLUTE PORT: mac_param_tb.dut.\count_reg[2] .RN = (0)
ABSOLUTE PORT: mac_param_tb.dut.\count_reg[2] .CK = (0)
ABSOLUTE PORT: mac_param_tb.dut.\count_reg[2] .D = (0)
ABSOLUTE PORT: mac_param_tb.dut.\count_reg[3] .RN = (0)
ABSOLUTE PORT: mac_param_tb.dut.\count_reg[3] .CK = (0)
ABSOLUTE PORT: mac_param_tb.dut.\count_reg[3] .D = (0)
ABSOLUTE PORT: mac_param_tb.dut.\count_reg[4] .RN = (0)
ABSOLUTE PORT: mac_param_tb.dut.\count_reg[4] .CK = (0)
ABSOLUTE PORT: mac_param_tb.dut.\count_reg[4] .D = (0)
ABSOLUTE PORT: mac_param_tb.dut.\count_reg[5] .RN = (0)
ABSOLUTE PORT: mac_param_tb.dut.\count_reg[5] .CK = (0)
ABSOLUTE PORT: mac_param_tb.dut.\count_reg[5] .D = (0)
ABSOLUTE PORT: mac_param_tb.dut.\count_reg[6] .RN = (0)
ABSOLUTE PORT: mac_param_tb.dut.\count_reg[6] .CK = (0)
ABSOLUTE PORT: mac_param_tb.dut.\count_reg[6] .D = (0)
ABSOLUTE PORT: mac_param_tb.dut.\count_reg[7] .RN = (0)
ABSOLUTE PORT: mac_param_tb.dut.\count_reg[7] .CK = (0)
ABSOLUTE PORT: mac_param_tb.dut.\count_reg[7] .D = (0)
ABSOLUTE PORT: mac_param_tb.dut.\count_reg[8] .RN = (0)
ABSOLUTE PORT: mac_param_tb.dut.\count_reg[8] .CK = (0)
ABSOLUTE PORT: mac_param_tb.dut.\count_reg[8] .D = (0)
ABSOLUTE PORT: mac_param_tb.dut.\count_reg[9] .RN = (0)
ABSOLUTE PORT: mac_param_tb.dut.\count_reg[9] .CK = (0)
ABSOLUTE PORT: mac_param_tb.dut.\count_reg[9] .D = (0)
ABSOLUTE PORT: mac_param_tb.dut.\result_reg[0] .RN = (0)
ABSOLUTE PORT: mac_param_tb.dut.\result_reg[0] .CK = (0)
ABSOLUTE PORT: mac_param_tb.dut.\result_reg[0] .D = (0)
ABSOLUTE PORT: mac_param_tb.dut.\result_reg[1] .RN = (0)
ABSOLUTE PORT: mac_param_tb.dut.\result_reg[1] .CK = (0)
ABSOLUTE PORT: mac_param_tb.dut.\result_reg[1] .D = (0)
ABSOLUTE PORT: mac_param_tb.dut.\result_reg[2] .RN = (0)
ABSOLUTE PORT: mac_param_tb.dut.\result_reg[2] .CK = (0)
ABSOLUTE PORT: mac_param_tb.dut.\result_reg[2] .D = (0)
ABSOLUTE PORT: mac_param_tb.dut.\result_reg[3] .RN = (0)
ABSOLUTE PORT: mac_param_tb.dut.\result_reg[3] .CK = (0)
ABSOLUTE PORT: mac_param_tb.dut.\result_reg[3] .D = (0)
ABSOLUTE PORT: mac_param_tb.dut.\result_reg[4] .RN = (0)
ABSOLUTE PORT: mac_param_tb.dut.\result_reg[4] .CK = (0)
ABSOLUTE PORT: mac_param_tb.dut.\result_reg[4] .D = (0)
ABSOLUTE PORT: mac_param_tb.dut.\result_reg[5] .RN = (0)
ABSOLUTE PORT: mac_param_tb.dut.\result_reg[5] .CK = (0)
ABSOLUTE PORT: mac_param_tb.dut.\result_reg[5] .D = (0)
ABSOLUTE PORT: mac_param_tb.dut.\result_reg[6] .RN = (0)
ABSOLUTE PORT: mac_param_tb.dut.\result_reg[6] .CK = (0)
ABSOLUTE PORT: mac_param_tb.dut.\result_reg[6] .D = (0)
ABSOLUTE PORT: mac_param_tb.dut.\result_reg[7] .RN = (0)
ABSOLUTE PORT: mac_param_tb.dut.\result_reg[7] .CK = (0)
ABSOLUTE PORT: mac_param_tb.dut.\result_reg[7] .D = (0)
ABSOLUTE PORT: mac_param_tb.dut.\result_reg[8] .RN = (0)
ABSOLUTE PORT: mac_param_tb.dut.\result_reg[8] .CK = (0)
ABSOLUTE PORT: mac_param_tb.dut.\result_reg[8] .D = (0)
ABSOLUTE PORT: mac_param_tb.dut.\result_reg[9] .RN = (0)
ABSOLUTE PORT: mac_param_tb.dut.\result_reg[9] .CK = (0)
ABSOLUTE PORT: mac_param_tb.dut.\result_reg[9] .D = (0)
ABSOLUTE PORT: mac_param_tb.dut.\result_reg[10] .RN = (0)
ABSOLUTE PORT: mac_param_tb.dut.\result_reg[10] .CK = (0)
ABSOLUTE PORT: mac_param_tb.dut.\result_reg[10] .D = (0)
ABSOLUTE PORT: mac_param_tb.dut.\result_reg[11] .RN = (0)
ABSOLUTE PORT: mac_param_tb.dut.\result_reg[11] .CK = (0)
ABSOLUTE PORT: mac_param_tb.dut.\result_reg[11] .D = (0)
ABSOLUTE PORT: mac_param_tb.dut.\result_reg[12] .RN = (0)
ABSOLUTE PORT: mac_param_tb.dut.\result_reg[12] .CK = (0)
ABSOLUTE PORT: mac_param_tb.dut.\result_reg[12] .D = (0)
ABSOLUTE PORT: mac_param_tb.dut.\result_reg[13] .RN = (0)
ABSOLUTE PORT: mac_param_tb.dut.\result_reg[13] .CK = (0)
ABSOLUTE PORT: mac_param_tb.dut.\result_reg[13] .D = (0)
ABSOLUTE PORT: mac_param_tb.dut.\result_reg[14] .RN = (0)
ABSOLUTE PORT: mac_param_tb.dut.\result_reg[14] .CK = (0)
ABSOLUTE PORT: mac_param_tb.dut.\result_reg[14] .D = (0)
ABSOLUTE PORT: mac_param_tb.dut.\result_reg[15] .RN = (0)
ABSOLUTE PORT: mac_param_tb.dut.\result_reg[15] .CK = (0)
ABSOLUTE PORT: mac_param_tb.dut.\result_reg[15] .D = (0)
ABSOLUTE PORT: mac_param_tb.dut.\result_reg[16] .RN = (0)
ABSOLUTE PORT: mac_param_tb.dut.\result_reg[16] .CK = (0)
ABSOLUTE PORT: mac_param_tb.dut.\result_reg[16] .D = (0)
ABSOLUTE PORT: mac_param_tb.dut.g2252__1617.A = (0)
ABSOLUTE PORT: mac_param_tb.dut.g2252__1617.B = (0)
ABSOLUTE PORT: mac_param_tb.dut.g2253__2802.A0N = (0)
ABSOLUTE PORT: mac_param_tb.dut.g2253__2802.A1N = (0)
ABSOLUTE PORT: mac_param_tb.dut.g2253__2802.B0 = (0)
ABSOLUTE PORT: mac_param_tb.dut.g2259__1705.A0 = (0)
ABSOLUTE PORT: mac_param_tb.dut.g2259__1705.A1 = (0)
ABSOLUTE PORT: mac_param_tb.dut.g2259__1705.B0 = (0)
ABSOLUTE PORT: mac_param_tb.dut.g2260__5122.A0 = (0)
ABSOLUTE PORT: mac_param_tb.dut.g2260__5122.A1 = (0)
ABSOLUTE PORT: mac_param_tb.dut.g2260__5122.B0 = (0)
ABSOLUTE PORT: mac_param_tb.dut.g2280__8246.A = (0)
ABSOLUTE PORT: mac_param_tb.dut.g2280__8246.B = (0)
ABSOLUTE PORT: mac_param_tb.dut.g2281__7098.AN = (0)
ABSOLUTE PORT: mac_param_tb.dut.g2281__7098.B = (0)
ABSOLUTE PORT: mac_param_tb.dut.g2282__6131.AN = (0)
ABSOLUTE PORT: mac_param_tb.dut.g2282__6131.B = (0)
ABSOLUTE PORT: mac_param_tb.dut.g2282__6131.C = (0)
ABSOLUTE PORT: mac_param_tb.dut.g2284__1881.A0 = (0)
ABSOLUTE PORT: mac_param_tb.dut.g2284__1881.A1 = (0)
ABSOLUTE PORT: mac_param_tb.dut.g2284__1881.B0 = (0)
ABSOLUTE PORT: mac_param_tb.dut.g2284__1881.C0 = (0)
ABSOLUTE PORT: mac_param_tb.dut.g2289__5115.A = (0)
ABSOLUTE PORT: mac_param_tb.dut.g2289__5115.B = (0)
ABSOLUTE PORT: mac_param_tb.dut.g2297__7482.A0N = (0)
ABSOLUTE PORT: mac_param_tb.dut.g2297__7482.A1N = (0)
ABSOLUTE PORT: mac_param_tb.dut.g2297__7482.B0 = (0)
ABSOLUTE PORT: mac_param_tb.dut.g2299__4733.A0N = (0)
ABSOLUTE PORT: mac_param_tb.dut.g2299__4733.A1N = (0)
ABSOLUTE PORT: mac_param_tb.dut.g2299__4733.B0 = (0)
ABSOLUTE PORT: mac_param_tb.dut.g2300__6161.A0 = (0)
ABSOLUTE PORT: mac_param_tb.dut.g2300__6161.A1 = (0)
ABSOLUTE PORT: mac_param_tb.dut.g2300__6161.B0 = (0)
ABSOLUTE PORT: mac_param_tb.dut.g2301__9315.A0 = (0)
ABSOLUTE PORT: mac_param_tb.dut.g2301__9315.A1 = (0)
ABSOLUTE PORT: mac_param_tb.dut.g2301__9315.B0 = (0)
ABSOLUTE PORT: mac_param_tb.dut.g2302__9945.A0N = (0)
ABSOLUTE PORT: mac_param_tb.dut.g2302__9945.A1N = (0)
ABSOLUTE PORT: mac_param_tb.dut.g2302__9945.B0 = (0)
ABSOLUTE PORT: mac_param_tb.dut.g2303__2883.A0N = (0)
ABSOLUTE PORT: mac_param_tb.dut.g2303__2883.A1N = (0)
ABSOLUTE PORT: mac_param_tb.dut.g2303__2883.B0 = (0)
ABSOLUTE PORT: mac_param_tb.dut.g2304__2346.A0N = (0)
ABSOLUTE PORT: mac_param_tb.dut.g2304__2346.A1N = (0)
ABSOLUTE PORT: mac_param_tb.dut.g2304__2346.B0 = (0)
ABSOLUTE PORT: mac_param_tb.dut.g2305__1666.A0N = (0)
ABSOLUTE PORT: mac_param_tb.dut.g2305__1666.A1N = (0)
ABSOLUTE PORT: mac_param_tb.dut.g2305__1666.B0 = (0)
ABSOLUTE PORT: mac_param_tb.dut.g2306__7410.A0N = (0)
ABSOLUTE PORT: mac_param_tb.dut.g2306__7410.A1N = (0)
ABSOLUTE PORT: mac_param_tb.dut.g2306__7410.B0 = (0)
ABSOLUTE PORT: mac_param_tb.dut.g2307__6417.A0N = (0)
ABSOLUTE PORT: mac_param_tb.dut.g2307__6417.A1N = (0)
ABSOLUTE PORT: mac_param_tb.dut.g2307__6417.B0 = (0)
ABSOLUTE PORT: mac_param_tb.dut.g2308__5477.A0N = (0)
ABSOLUTE PORT: mac_param_tb.dut.g2308__5477.A1N = (0)
ABSOLUTE PORT: mac_param_tb.dut.g2308__5477.B0 = (0)
ABSOLUTE PORT: mac_param_tb.dut.g2309__2398.A0N = (0)
ABSOLUTE PORT: mac_param_tb.dut.g2309__2398.A1N = (0)
ABSOLUTE PORT: mac_param_tb.dut.g2309__2398.B0 = (0)
ABSOLUTE PORT: mac_param_tb.dut.g2310__5107.A0N = (0)
ABSOLUTE PORT: mac_param_tb.dut.g2310__5107.A1N = (0)
ABSOLUTE PORT: mac_param_tb.dut.g2310__5107.B0 = (0)
ABSOLUTE PORT: mac_param_tb.dut.g2311__6260.A = (0)
ABSOLUTE PORT: mac_param_tb.dut.g2311__6260.B = (0)
ABSOLUTE PORT: mac_param_tb.dut.g2312__4319.AN = (0)
ABSOLUTE PORT: mac_param_tb.dut.g2312__4319.B = (0)
ABSOLUTE PORT: mac_param_tb.dut.g2314__5526.A0N = (0)
ABSOLUTE PORT: mac_param_tb.dut.g2314__5526.A1N = (0)
ABSOLUTE PORT: mac_param_tb.dut.g2314__5526.B0 = (0)
ABSOLUTE PORT: mac_param_tb.dut.g2315__6783.A0N = (0)
ABSOLUTE PORT: mac_param_tb.dut.g2315__6783.A1N = (0)
ABSOLUTE PORT: mac_param_tb.dut.g2315__6783.B0 = (0)
ABSOLUTE PORT: mac_param_tb.dut.g2316__3680.A0N = (0)
ABSOLUTE PORT: mac_param_tb.dut.g2316__3680.A1N = (0)
ABSOLUTE PORT: mac_param_tb.dut.g2316__3680.B0 = (0)
ABSOLUTE PORT: mac_param_tb.dut.g2317__1617.A0N = (0)
ABSOLUTE PORT: mac_param_tb.dut.g2317__1617.A1N = (0)
ABSOLUTE PORT: mac_param_tb.dut.g2317__1617.B0 = (0)
ABSOLUTE PORT: mac_param_tb.dut.g2318__2802.A0N = (0)
ABSOLUTE PORT: mac_param_tb.dut.g2318__2802.A1N = (0)
ABSOLUTE PORT: mac_param_tb.dut.g2318__2802.B0 = (0)
ABSOLUTE PORT: mac_param_tb.dut.g2319__1705.A0N = (0)
ABSOLUTE PORT: mac_param_tb.dut.g2319__1705.A1N = (0)
ABSOLUTE PORT: mac_param_tb.dut.g2319__1705.B0 = (0)
ABSOLUTE PORT: mac_param_tb.dut.g2320__5122.A0N = (0)
ABSOLUTE PORT: mac_param_tb.dut.g2320__5122.A1N = (0)
ABSOLUTE PORT: mac_param_tb.dut.g2320__5122.B0 = (0)
ABSOLUTE PORT: mac_param_tb.dut.g2321__8246.A0N = (0)
ABSOLUTE PORT: mac_param_tb.dut.g2321__8246.A1N = (0)
ABSOLUTE PORT: mac_param_tb.dut.g2321__8246.B0 = (0)
ABSOLUTE PORT: mac_param_tb.dut.g2322__7098.A0N = (0)
ABSOLUTE PORT: mac_param_tb.dut.g2322__7098.A1N = (0)
ABSOLUTE PORT: mac_param_tb.dut.g2322__7098.B0 = (0)
ABSOLUTE PORT: mac_param_tb.dut.g2323__6131.A0N = (0)
ABSOLUTE PORT: mac_param_tb.dut.g2323__6131.A1N = (0)
ABSOLUTE PORT: mac_param_tb.dut.g2323__6131.B0 = (0)
ABSOLUTE PORT: mac_param_tb.dut.g2324__1881.A0N = (0)
ABSOLUTE PORT: mac_param_tb.dut.g2324__1881.A1N = (0)
ABSOLUTE PORT: mac_param_tb.dut.g2324__1881.B0 = (0)
ABSOLUTE PORT: mac_param_tb.dut.g2325__5115.A0N = (0)
ABSOLUTE PORT: mac_param_tb.dut.g2325__5115.A1N = (0)
ABSOLUTE PORT: mac_param_tb.dut.g2325__5115.B0 = (0)
ABSOLUTE PORT: mac_param_tb.dut.g2326__7482.A0N = (0)
ABSOLUTE PORT: mac_param_tb.dut.g2326__7482.A1N = (0)
ABSOLUTE PORT: mac_param_tb.dut.g2326__7482.B0 = (0)
ABSOLUTE PORT: mac_param_tb.dut.g2327__4733.A0N = (0)
ABSOLUTE PORT: mac_param_tb.dut.g2327__4733.A1N = (0)
ABSOLUTE PORT: mac_param_tb.dut.g2327__4733.B0 = (0)
ABSOLUTE PORT: mac_param_tb.dut.g2328__6161.A0N = (0)
ABSOLUTE PORT: mac_param_tb.dut.g2328__6161.A1N = (0)
ABSOLUTE PORT: mac_param_tb.dut.g2328__6161.B0 = (0)
ABSOLUTE PORT: mac_param_tb.dut.g2330__9315.A = (0)
ABSOLUTE PORT: mac_param_tb.dut.g2330__9315.B = (0)
ABSOLUTE PORT: mac_param_tb.dut.g2331__9945.A = (0)
ABSOLUTE PORT: mac_param_tb.dut.g2331__9945.B = (0)
ABSOLUTE PORT: mac_param_tb.dut.g2332__2883.A = (0)
ABSOLUTE PORT: mac_param_tb.dut.g2332__2883.B = (0)
ABSOLUTE PORT: mac_param_tb.dut.g2333__2346.A = (0)
ABSOLUTE PORT: mac_param_tb.dut.g2333__2346.B = (0)
ABSOLUTE PORT: mac_param_tb.dut.g2334__1666.A = (0)
ABSOLUTE PORT: mac_param_tb.dut.g2334__1666.B = (0)
ABSOLUTE PORT: mac_param_tb.dut.g2335__7410.A = (0)
ABSOLUTE PORT: mac_param_tb.dut.g2335__7410.B = (0)
ABSOLUTE PORT: mac_param_tb.dut.g2336__6417.A = (0)
ABSOLUTE PORT: mac_param_tb.dut.g2336__6417.B = (0)
ABSOLUTE PORT: mac_param_tb.dut.g2337__5477.A = (0)
ABSOLUTE PORT: mac_param_tb.dut.g2337__5477.B = (0)
ABSOLUTE PORT: mac_param_tb.dut.g2338__2398.A = (0)
ABSOLUTE PORT: mac_param_tb.dut.g2338__2398.B = (0)
ABSOLUTE PORT: mac_param_tb.dut.g2339__5107.A = (0)
ABSOLUTE PORT: mac_param_tb.dut.g2339__5107.B = (0)
ABSOLUTE PORT: mac_param_tb.dut.g2340__6260.A = (0)
ABSOLUTE PORT: mac_param_tb.dut.g2340__6260.B = (0)
ABSOLUTE PORT: mac_param_tb.dut.g2341__4319.A = (0)
ABSOLUTE PORT: mac_param_tb.dut.g2341__4319.B = (0)
ABSOLUTE PORT: mac_param_tb.dut.g2342__8428.A = (0)
ABSOLUTE PORT: mac_param_tb.dut.g2342__8428.B = (0)
ABSOLUTE PORT: mac_param_tb.dut.g2343__5526.A = (0)
ABSOLUTE PORT: mac_param_tb.dut.g2343__5526.B = (0)
ABSOLUTE PORT: mac_param_tb.dut.g2347__6783.A = (0)
ABSOLUTE PORT: mac_param_tb.dut.g2347__6783.B = (0)
ABSOLUTE PORT: mac_param_tb.dut.g2348__3680.A = (0)
ABSOLUTE PORT: mac_param_tb.dut.g2348__3680.B = (0)
ABSOLUTE PORT: mac_param_tb.dut.g2349__1617.A = (0)
ABSOLUTE PORT: mac_param_tb.dut.g2349__1617.B = (0)
ABSOLUTE PORT: mac_param_tb.dut.g2350__2802.A = (0)
ABSOLUTE PORT: mac_param_tb.dut.g2350__2802.B = (0)
ABSOLUTE PORT: mac_param_tb.dut.g2351__1705.A = (0)
ABSOLUTE PORT: mac_param_tb.dut.g2351__1705.B = (0)
ABSOLUTE PORT: mac_param_tb.dut.g2352__5122.A = (0)
ABSOLUTE PORT: mac_param_tb.dut.g2352__5122.B = (0)
ABSOLUTE PORT: mac_param_tb.dut.g2353__8246.A = (0)
ABSOLUTE PORT: mac_param_tb.dut.g2353__8246.B = (0)
ABSOLUTE PORT: mac_param_tb.dut.g2354__7098.A = (0)
ABSOLUTE PORT: mac_param_tb.dut.g2354__7098.B = (0)
ABSOLUTE PORT: mac_param_tb.dut.g2355__6131.AN = (0)
ABSOLUTE PORT: mac_param_tb.dut.g2355__6131.B = (0)
ABSOLUTE PORT: mac_param_tb.dut.g2356__1881.A = (0)
ABSOLUTE PORT: mac_param_tb.dut.g2356__1881.B = (0)
ABSOLUTE PORT: mac_param_tb.dut.g2357__5115.A = (0)
ABSOLUTE PORT: mac_param_tb.dut.g2357__5115.B = (0)
ABSOLUTE PORT: mac_param_tb.dut.g2358__7482.A = (0)
ABSOLUTE PORT: mac_param_tb.dut.g2358__7482.B = (0)
ABSOLUTE PORT: mac_param_tb.dut.g2359__4733.A = (0)
ABSOLUTE PORT: mac_param_tb.dut.g2359__4733.B = (0)
ABSOLUTE PORT: mac_param_tb.dut.g2360__6161.A = (0)
ABSOLUTE PORT: mac_param_tb.dut.g2360__6161.B = (0)
ABSOLUTE PORT: mac_param_tb.dut.g2361__9315.AN = (0)
ABSOLUTE PORT: mac_param_tb.dut.g2361__9315.B = (0)
ABSOLUTE PORT: mac_param_tb.dut.g2362__9945.A = (0)
ABSOLUTE PORT: mac_param_tb.dut.g2362__9945.B = (0)
ABSOLUTE PORT: mac_param_tb.dut.g2363.A = (0)
ABSOLUTE PORT: mac_param_tb.dut.g2364__2883.A = (0)
ABSOLUTE PORT: mac_param_tb.dut.g2364__2883.B = (0)
ABSOLUTE PORT: mac_param_tb.dut.g2365__2346.A = (0)
ABSOLUTE PORT: mac_param_tb.dut.g2365__2346.B = (0)
ABSOLUTE PORT: mac_param_tb.dut.g2366__1666.AN = (0)
ABSOLUTE PORT: mac_param_tb.dut.g2366__1666.B = (0)
ABSOLUTE PORT: mac_param_tb.dut.g2367.A = (0)
ABSOLUTE PORT: mac_param_tb.dut.g2369__7410.A0 = (0)
ABSOLUTE PORT: mac_param_tb.dut.g2369__7410.A1 = (0)
ABSOLUTE PORT: mac_param_tb.dut.g2369__7410.B0 = (0)
ABSOLUTE PORT: mac_param_tb.dut.g2370__6417.A = (0)
ABSOLUTE PORT: mac_param_tb.dut.g2370__6417.B = (0)
ABSOLUTE PORT: mac_param_tb.dut.g2370__6417.C = (0)
ABSOLUTE PORT: mac_param_tb.dut.g2371__5477.A = (0)
ABSOLUTE PORT: mac_param_tb.dut.g2371__5477.B = (0)
ABSOLUTE PORT: mac_param_tb.dut.g2372__2398.A = (0)
ABSOLUTE PORT: mac_param_tb.dut.g2372__2398.B = (0)
ABSOLUTE PORT: mac_param_tb.dut.g2374.A = (0)
ABSOLUTE PORT: mac_param_tb.dut.g2376__6260.A = (0)
ABSOLUTE PORT: mac_param_tb.dut.g2376__6260.B = (0)
ABSOLUTE PORT: mac_param_tb.dut.g2378.A = (0)
ABSOLUTE PORT: mac_param_tb.dut.g2379.A = (0)
ABSOLUTE PORT: mac_param_tb.dut.g2381.A = (0)
ABSOLUTE PORT: mac_param_tb.dut.g1676__4319.A = (0)
ABSOLUTE PORT: mac_param_tb.dut.g1676__4319.B = (0)
ABSOLUTE PORT: mac_param_tb.dut.g1676__4319.C = (0)
ABSOLUTE PORT: mac_param_tb.dut.g2382__8428.A = (0)
ABSOLUTE PORT: mac_param_tb.dut.g2382__8428.B = (0)
ABSOLUTE PORT: mac_param_tb.dut.g2382__8428.S0 = (0)
ABSOLUTE PORT: mac_param_tb.dut.g2383__5526.AN = (0)
ABSOLUTE PORT: mac_param_tb.dut.g2383__5526.B = (0)
ABSOLUTE PORT: mac_param_tb.dut.g2384__6783.A = (0)
ABSOLUTE PORT: mac_param_tb.dut.g2384__6783.B = (0)
ABSOLUTE PORT: mac_param_tb.dut.g2384__6783.C = (0)
ABSOLUTE PORT: mac_param_tb.dut.g2385__3680.AN = (0)
ABSOLUTE PORT: mac_param_tb.dut.g2385__3680.B = (0)
ABSOLUTE PORT: mac_param_tb.dut.csa_tree_ADD_TC_OP_groupi_g6075__1617.A = (0)
ABSOLUTE PORT: mac_param_tb.dut.csa_tree_ADD_TC_OP_groupi_g6075__1617.B = (0)
ABSOLUTE PORT: mac_param_tb.dut.csa_tree_ADD_TC_OP_groupi_g6075__1617.S0 = (0)
ABSOLUTE PORT: mac_param_tb.dut.csa_tree_ADD_TC_OP_groupi_g6076__2802.A = (0)
ABSOLUTE PORT: mac_param_tb.dut.csa_tree_ADD_TC_OP_groupi_g6076__2802.B = (0)
ABSOLUTE PORT: mac_param_tb.dut.csa_tree_ADD_TC_OP_groupi_g6076__2802.S0 = (0)
ABSOLUTE PORT: mac_param_tb.dut.csa_tree_ADD_TC_OP_groupi_g6077__1705.A = (0)
ABSOLUTE PORT: mac_param_tb.dut.csa_tree_ADD_TC_OP_groupi_g6077__1705.B = (0)
ABSOLUTE PORT: mac_param_tb.dut.csa_tree_ADD_TC_OP_groupi_g6077__1705.S0 = (0)
ABSOLUTE PORT: mac_param_tb.dut.csa_tree_ADD_TC_OP_groupi_g6078__5122.A = (0)
ABSOLUTE PORT: mac_param_tb.dut.csa_tree_ADD_TC_OP_groupi_g6078__5122.B = (0)
ABSOLUTE PORT: mac_param_tb.dut.csa_tree_ADD_TC_OP_groupi_g6078__5122.S0 = (0)
ABSOLUTE PORT: mac_param_tb.dut.csa_tree_ADD_TC_OP_groupi_g6079__8246.A = (0)
ABSOLUTE PORT: mac_param_tb.dut.csa_tree_ADD_TC_OP_groupi_g6079__8246.B = (0)
ABSOLUTE PORT: mac_param_tb.dut.csa_tree_ADD_TC_OP_groupi_g6079__8246.S0 = (0)
ABSOLUTE PORT: mac_param_tb.dut.csa_tree_ADD_TC_OP_groupi_g6080__7098.A = (0)
ABSOLUTE PORT: mac_param_tb.dut.csa_tree_ADD_TC_OP_groupi_g6080__7098.B = (0)
ABSOLUTE PORT: mac_param_tb.dut.csa_tree_ADD_TC_OP_groupi_g6080__7098.S0 = (0)
ABSOLUTE PORT: mac_param_tb.dut.csa_tree_ADD_TC_OP_groupi_g6081__6131.A = (0)
ABSOLUTE PORT: mac_param_tb.dut.csa_tree_ADD_TC_OP_groupi_g6081__6131.B = (0)
ABSOLUTE PORT: mac_param_tb.dut.csa_tree_ADD_TC_OP_groupi_g6081__6131.S0 = (0)
ABSOLUTE PORT: mac_param_tb.dut.csa_tree_ADD_TC_OP_groupi_g6082__1881.A = (0)
ABSOLUTE PORT: mac_param_tb.dut.csa_tree_ADD_TC_OP_groupi_g6082__1881.B = (0)
ABSOLUTE PORT: mac_param_tb.dut.csa_tree_ADD_TC_OP_groupi_g6082__1881.S0 = (0)
ABSOLUTE PORT: mac_param_tb.dut.csa_tree_ADD_TC_OP_groupi_g6083__5115.A = (0)
ABSOLUTE PORT: mac_param_tb.dut.csa_tree_ADD_TC_OP_groupi_g6083__5115.B = (0)
ABSOLUTE PORT: mac_param_tb.dut.csa_tree_ADD_TC_OP_groupi_g6083__5115.S0 = (0)
ABSOLUTE PORT: mac_param_tb.dut.csa_tree_ADD_TC_OP_groupi_g6085__4733.A = (0)
ABSOLUTE PORT: mac_param_tb.dut.csa_tree_ADD_TC_OP_groupi_g6085__4733.B = (0)
ABSOLUTE PORT: mac_param_tb.dut.csa_tree_ADD_TC_OP_groupi_g6085__4733.S0 = (0)
ABSOLUTE PORT: mac_param_tb.dut.csa_tree_ADD_TC_OP_groupi_g6086__6161.A = (0)
ABSOLUTE PORT: mac_param_tb.dut.csa_tree_ADD_TC_OP_groupi_g6086__6161.B = (0)
ABSOLUTE PORT: mac_param_tb.dut.csa_tree_ADD_TC_OP_groupi_g6086__6161.S0 = (0)
ABSOLUTE PORT: mac_param_tb.dut.csa_tree_ADD_TC_OP_groupi_g6087__9315.A = (0)
ABSOLUTE PORT: mac_param_tb.dut.csa_tree_ADD_TC_OP_groupi_g6087__9315.B = (0)
ABSOLUTE PORT: mac_param_tb.dut.csa_tree_ADD_TC_OP_groupi_g6087__9315.S0 = (0)
ABSOLUTE PORT: mac_param_tb.dut.csa_tree_ADD_TC_OP_groupi_g6088__9945.A = (0)
ABSOLUTE PORT: mac_param_tb.dut.csa_tree_ADD_TC_OP_groupi_g6088__9945.B = (0)
ABSOLUTE PORT: mac_param_tb.dut.csa_tree_ADD_TC_OP_groupi_g6089__2883.A = (0)
ABSOLUTE PORT: mac_param_tb.dut.csa_tree_ADD_TC_OP_groupi_g6089__2883.B = (0)
ABSOLUTE PORT: mac_param_tb.dut.csa_tree_ADD_TC_OP_groupi_g6090__2346.A = (0)
ABSOLUTE PORT: mac_param_tb.dut.csa_tree_ADD_TC_OP_groupi_g6090__2346.B = (0)
ABSOLUTE PORT: mac_param_tb.dut.csa_tree_ADD_TC_OP_groupi_g6091__1666.A = (0)
ABSOLUTE PORT: mac_param_tb.dut.csa_tree_ADD_TC_OP_groupi_g6091__1666.B = (0)
ABSOLUTE PORT: mac_param_tb.dut.csa_tree_ADD_TC_OP_groupi_g6094__5477.A = (0)
ABSOLUTE PORT: mac_param_tb.dut.csa_tree_ADD_TC_OP_groupi_g6094__5477.B = (0)
ABSOLUTE PORT: mac_param_tb.dut.csa_tree_ADD_TC_OP_groupi_g6094__5477.S0 = (0)
ABSOLUTE PORT: mac_param_tb.dut.csa_tree_ADD_TC_OP_groupi_g6095__2398.A = (0)
ABSOLUTE PORT: mac_param_tb.dut.csa_tree_ADD_TC_OP_groupi_g6095__2398.B = (0)
ABSOLUTE PORT: mac_param_tb.dut.csa_tree_ADD_TC_OP_groupi_g6096__5107.A = (0)
ABSOLUTE PORT: mac_param_tb.dut.csa_tree_ADD_TC_OP_groupi_g6096__5107.B = (0)
ABSOLUTE PORT: mac_param_tb.dut.csa_tree_ADD_TC_OP_groupi_g6097__6260.A = (0)
ABSOLUTE PORT: mac_param_tb.dut.csa_tree_ADD_TC_OP_groupi_g6097__6260.B = (0)
ABSOLUTE PORT: mac_param_tb.dut.csa_tree_ADD_TC_OP_groupi_g6098__4319.A = (0)
ABSOLUTE PORT: mac_param_tb.dut.csa_tree_ADD_TC_OP_groupi_g6098__4319.B = (0)
ABSOLUTE PORT: mac_param_tb.dut.csa_tree_ADD_TC_OP_groupi_g6099__8428.A0N = (0)
ABSOLUTE PORT: mac_param_tb.dut.csa_tree_ADD_TC_OP_groupi_g6099__8428.A1N = (0)
ABSOLUTE PORT: mac_param_tb.dut.csa_tree_ADD_TC_OP_groupi_g6099__8428.B0 = (0)
ABSOLUTE PORT: mac_param_tb.dut.csa_tree_ADD_TC_OP_groupi_g6100__5526.A0N = (0)
ABSOLUTE PORT: mac_param_tb.dut.csa_tree_ADD_TC_OP_groupi_g6100__5526.A1N = (0)
ABSOLUTE PORT: mac_param_tb.dut.csa_tree_ADD_TC_OP_groupi_g6100__5526.B0 = (0)
ABSOLUTE PORT: mac_param_tb.dut.csa_tree_ADD_TC_OP_groupi_g6101__6783.A0N = (0)
ABSOLUTE PORT: mac_param_tb.dut.csa_tree_ADD_TC_OP_groupi_g6101__6783.A1N = (0)
ABSOLUTE PORT: mac_param_tb.dut.csa_tree_ADD_TC_OP_groupi_g6101__6783.B0 = (0)
ABSOLUTE PORT: mac_param_tb.dut.csa_tree_ADD_TC_OP_groupi_g6102__3680.A = (0)
ABSOLUTE PORT: mac_param_tb.dut.csa_tree_ADD_TC_OP_groupi_g6102__3680.B = (0)
ABSOLUTE PORT: mac_param_tb.dut.csa_tree_ADD_TC_OP_groupi_g6103__1617.A = (0)
ABSOLUTE PORT: mac_param_tb.dut.csa_tree_ADD_TC_OP_groupi_g6103__1617.B = (0)
ABSOLUTE PORT: mac_param_tb.dut.csa_tree_ADD_TC_OP_groupi_g6103__1617.S0 = (0)
ABSOLUTE PORT: mac_param_tb.dut.csa_tree_ADD_TC_OP_groupi_g6104__2802.A0N = (0)
ABSOLUTE PORT: mac_param_tb.dut.csa_tree_ADD_TC_OP_groupi_g6104__2802.A1N = (0)
ABSOLUTE PORT: mac_param_tb.dut.csa_tree_ADD_TC_OP_groupi_g6104__2802.B0 = (0)
ABSOLUTE PORT: mac_param_tb.dut.csa_tree_ADD_TC_OP_groupi_g6105__1705.A = (0)
ABSOLUTE PORT: mac_param_tb.dut.csa_tree_ADD_TC_OP_groupi_g6105__1705.B = (0)
ABSOLUTE PORT: mac_param_tb.dut.csa_tree_ADD_TC_OP_groupi_g6106__5122.A = (0)
ABSOLUTE PORT: mac_param_tb.dut.csa_tree_ADD_TC_OP_groupi_g6106__5122.B = (0)
ABSOLUTE PORT: mac_param_tb.dut.csa_tree_ADD_TC_OP_groupi_g6106__5122.S0 = (0)
ABSOLUTE PORT: mac_param_tb.dut.csa_tree_ADD_TC_OP_groupi_g6107__8246.A = (0)
ABSOLUTE PORT: mac_param_tb.dut.csa_tree_ADD_TC_OP_groupi_g6107__8246.B = (0)
ABSOLUTE PORT: mac_param_tb.dut.csa_tree_ADD_TC_OP_groupi_g6107__8246.S0 = (0)
ABSOLUTE PORT: mac_param_tb.dut.csa_tree_ADD_TC_OP_groupi_g6108__7098.A = (0)
ABSOLUTE PORT: mac_param_tb.dut.csa_tree_ADD_TC_OP_groupi_g6108__7098.B = (0)
ABSOLUTE PORT: mac_param_tb.dut.csa_tree_ADD_TC_OP_groupi_g6109__6131.A0N = (0)
ABSOLUTE PORT: mac_param_tb.dut.csa_tree_ADD_TC_OP_groupi_g6109__6131.A1N = (0)
ABSOLUTE PORT: mac_param_tb.dut.csa_tree_ADD_TC_OP_groupi_g6109__6131.B0 = (0)
ABSOLUTE PORT: mac_param_tb.dut.csa_tree_ADD_TC_OP_groupi_g6110__1881.A0N = (0)
ABSOLUTE PORT: mac_param_tb.dut.csa_tree_ADD_TC_OP_groupi_g6110__1881.A1N = (0)
ABSOLUTE PORT: mac_param_tb.dut.csa_tree_ADD_TC_OP_groupi_g6110__1881.B0 = (0)
ABSOLUTE PORT: mac_param_tb.dut.csa_tree_ADD_TC_OP_groupi_g6111__5115.A = (0)
ABSOLUTE PORT: mac_param_tb.dut.csa_tree_ADD_TC_OP_groupi_g6111__5115.B = (0)
ABSOLUTE PORT: mac_param_tb.dut.csa_tree_ADD_TC_OP_groupi_g6111__5115.S0 = (0)
ABSOLUTE PORT: mac_param_tb.dut.csa_tree_ADD_TC_OP_groupi_g6112__7482.A = (0)
ABSOLUTE PORT: mac_param_tb.dut.csa_tree_ADD_TC_OP_groupi_g6112__7482.B = (0)
ABSOLUTE PORT: mac_param_tb.dut.csa_tree_ADD_TC_OP_groupi_g6113__4733.A = (0)
ABSOLUTE PORT: mac_param_tb.dut.csa_tree_ADD_TC_OP_groupi_g6113__4733.B = (0)
ABSOLUTE PORT: mac_param_tb.dut.csa_tree_ADD_TC_OP_groupi_g6114__6161.A0N = (0)
ABSOLUTE PORT: mac_param_tb.dut.csa_tree_ADD_TC_OP_groupi_g6114__6161.A1N = (0)
ABSOLUTE PORT: mac_param_tb.dut.csa_tree_ADD_TC_OP_groupi_g6114__6161.B0 = (0)
ABSOLUTE PORT: mac_param_tb.dut.csa_tree_ADD_TC_OP_groupi_g6115__9315.A = (0)
ABSOLUTE PORT: mac_param_tb.dut.csa_tree_ADD_TC_OP_groupi_g6115__9315.B = (0)
ABSOLUTE PORT: mac_param_tb.dut.csa_tree_ADD_TC_OP_groupi_g6116__9945.A = (0)
ABSOLUTE PORT: mac_param_tb.dut.csa_tree_ADD_TC_OP_groupi_g6116__9945.B = (0)
ABSOLUTE PORT: mac_param_tb.dut.csa_tree_ADD_TC_OP_groupi_g6118.A = (0)
ABSOLUTE PORT: mac_param_tb.dut.csa_tree_ADD_TC_OP_groupi_g6119__2346.AN = (0)
ABSOLUTE PORT: mac_param_tb.dut.csa_tree_ADD_TC_OP_groupi_g6119__2346.B = (0)
ABSOLUTE PORT: mac_param_tb.dut.csa_tree_ADD_TC_OP_groupi_g6121.A = (0)
ABSOLUTE PORT: mac_param_tb.dut.csa_tree_ADD_TC_OP_groupi_g6122__7410.A = (0)
ABSOLUTE PORT: mac_param_tb.dut.csa_tree_ADD_TC_OP_groupi_g6122__7410.B = (0)
ABSOLUTE PORT: mac_param_tb.dut.csa_tree_ADD_TC_OP_groupi_g6123.A = (0)
ABSOLUTE PORT: mac_param_tb.dut.csa_tree_ADD_TC_OP_groupi_g6124__6417.A = (0)
ABSOLUTE PORT: mac_param_tb.dut.csa_tree_ADD_TC_OP_groupi_g6124__6417.B = (0)
ABSOLUTE PORT: mac_param_tb.dut.csa_tree_ADD_TC_OP_groupi_g6125__5477.A0 = (0)
ABSOLUTE PORT: mac_param_tb.dut.csa_tree_ADD_TC_OP_groupi_g6125__5477.A1 = (0)
ABSOLUTE PORT: mac_param_tb.dut.csa_tree_ADD_TC_OP_groupi_g6125__5477.B0 = (0)
ABSOLUTE PORT: mac_param_tb.dut.csa_tree_ADD_TC_OP_groupi_g6126__2398.A0N = (0)
ABSOLUTE PORT: mac_param_tb.dut.csa_tree_ADD_TC_OP_groupi_g6126__2398.A1N = (0)
ABSOLUTE PORT: mac_param_tb.dut.csa_tree_ADD_TC_OP_groupi_g6126__2398.B0 = (0)
ABSOLUTE PORT: mac_param_tb.dut.csa_tree_ADD_TC_OP_groupi_g6127__5107.A = (0)
ABSOLUTE PORT: mac_param_tb.dut.csa_tree_ADD_TC_OP_groupi_g6127__5107.B = (0)
ABSOLUTE PORT: mac_param_tb.dut.csa_tree_ADD_TC_OP_groupi_g6128__6260.A = (0)
ABSOLUTE PORT: mac_param_tb.dut.csa_tree_ADD_TC_OP_groupi_g6128__6260.B = (0)
ABSOLUTE PORT: mac_param_tb.dut.csa_tree_ADD_TC_OP_groupi_g6128__6260.S0 = (0)
ABSOLUTE PORT: mac_param_tb.dut.csa_tree_ADD_TC_OP_groupi_g6129__4319.A = (0)
ABSOLUTE PORT: mac_param_tb.dut.csa_tree_ADD_TC_OP_groupi_g6129__4319.B = (0)
ABSOLUTE PORT: mac_param_tb.dut.csa_tree_ADD_TC_OP_groupi_g6130.A = (0)
ABSOLUTE PORT: mac_param_tb.dut.csa_tree_ADD_TC_OP_groupi_g6131__8428.AN = (0)
ABSOLUTE PORT: mac_param_tb.dut.csa_tree_ADD_TC_OP_groupi_g6131__8428.B = (0)
ABSOLUTE PORT: mac_param_tb.dut.csa_tree_ADD_TC_OP_groupi_g6132__5526.A = (0)
ABSOLUTE PORT: mac_param_tb.dut.csa_tree_ADD_TC_OP_groupi_g6132__5526.B = (0)
ABSOLUTE PORT: mac_param_tb.dut.csa_tree_ADD_TC_OP_groupi_g6133__6783.AN = (0)
ABSOLUTE PORT: mac_param_tb.dut.csa_tree_ADD_TC_OP_groupi_g6133__6783.B = (0)
ABSOLUTE PORT: mac_param_tb.dut.csa_tree_ADD_TC_OP_groupi_g6134__3680.AN = (0)
ABSOLUTE PORT: mac_param_tb.dut.csa_tree_ADD_TC_OP_groupi_g6134__3680.B = (0)
ABSOLUTE PORT: mac_param_tb.dut.csa_tree_ADD_TC_OP_groupi_g6135.A = (0)
ABSOLUTE PORT: mac_param_tb.dut.csa_tree_ADD_TC_OP_groupi_g6136__1617.A = (0)
ABSOLUTE PORT: mac_param_tb.dut.csa_tree_ADD_TC_OP_groupi_g6136__1617.B = (0)
ABSOLUTE PORT: mac_param_tb.dut.csa_tree_ADD_TC_OP_groupi_g6137.A = (0)
ABSOLUTE PORT: mac_param_tb.dut.csa_tree_ADD_TC_OP_groupi_g6138__2802.A = (0)
ABSOLUTE PORT: mac_param_tb.dut.csa_tree_ADD_TC_OP_groupi_g6138__2802.B = (0)
ABSOLUTE PORT: mac_param_tb.dut.csa_tree_ADD_TC_OP_groupi_g6139__1705.A = (0)
ABSOLUTE PORT: mac_param_tb.dut.csa_tree_ADD_TC_OP_groupi_g6139__1705.B = (0)
ABSOLUTE PORT: mac_param_tb.dut.csa_tree_ADD_TC_OP_groupi_g6140__5122.AN = (0)
ABSOLUTE PORT: mac_param_tb.dut.csa_tree_ADD_TC_OP_groupi_g6140__5122.B = (0)
ABSOLUTE PORT: mac_param_tb.dut.csa_tree_ADD_TC_OP_groupi_g6141.A = (0)
ABSOLUTE PORT: mac_param_tb.dut.csa_tree_ADD_TC_OP_groupi_g6142.A = (0)
ABSOLUTE PORT: mac_param_tb.dut.csa_tree_ADD_TC_OP_groupi_g6143__8246.A = (0)
ABSOLUTE PORT: mac_param_tb.dut.csa_tree_ADD_TC_OP_groupi_g6143__8246.B = (0)
ABSOLUTE PORT: mac_param_tb.dut.csa_tree_ADD_TC_OP_groupi_g6144__7098.A = (0)
ABSOLUTE PORT: mac_param_tb.dut.csa_tree_ADD_TC_OP_groupi_g6144__7098.B = (0)
ABSOLUTE PORT: mac_param_tb.dut.csa_tree_ADD_TC_OP_groupi_g6145__6131.A = (0)
ABSOLUTE PORT: mac_param_tb.dut.csa_tree_ADD_TC_OP_groupi_g6145__6131.B = (0)
ABSOLUTE PORT: mac_param_tb.dut.csa_tree_ADD_TC_OP_groupi_g6146__1881.A = (0)
ABSOLUTE PORT: mac_param_tb.dut.csa_tree_ADD_TC_OP_groupi_g6146__1881.B = (0)
ABSOLUTE PORT: mac_param_tb.dut.csa_tree_ADD_TC_OP_groupi_g6147.A = (0)
ABSOLUTE PORT: mac_param_tb.dut.csa_tree_ADD_TC_OP_groupi_g6148__5115.A = (0)
ABSOLUTE PORT: mac_param_tb.dut.csa_tree_ADD_TC_OP_groupi_g6148__5115.B = (0)
ABSOLUTE PORT: mac_param_tb.dut.csa_tree_ADD_TC_OP_groupi_g6149__7482.A = (0)
ABSOLUTE PORT: mac_param_tb.dut.csa_tree_ADD_TC_OP_groupi_g6149__7482.B = (0)
ABSOLUTE PORT: mac_param_tb.dut.csa_tree_ADD_TC_OP_groupi_g6150__4733.A0 = (0)
ABSOLUTE PORT: mac_param_tb.dut.csa_tree_ADD_TC_OP_groupi_g6150__4733.A1 = (0)
ABSOLUTE PORT: mac_param_tb.dut.csa_tree_ADD_TC_OP_groupi_g6150__4733.B0 = (0)
ABSOLUTE PORT: mac_param_tb.dut.csa_tree_ADD_TC_OP_groupi_g6151__6161.A = (0)
ABSOLUTE PORT: mac_param_tb.dut.csa_tree_ADD_TC_OP_groupi_g6151__6161.B = (0)
ABSOLUTE PORT: mac_param_tb.dut.csa_tree_ADD_TC_OP_groupi_g6151__6161.CI = (0)
ABSOLUTE PORT: mac_param_tb.dut.csa_tree_ADD_TC_OP_groupi_g6152.A = (0)
ABSOLUTE PORT: mac_param_tb.dut.csa_tree_ADD_TC_OP_groupi_g6153__9315.A = (0)
ABSOLUTE PORT: mac_param_tb.dut.csa_tree_ADD_TC_OP_groupi_g6153__9315.B = (0)
ABSOLUTE PORT: mac_param_tb.dut.csa_tree_ADD_TC_OP_groupi_g6154__9945.A = (0)
ABSOLUTE PORT: mac_param_tb.dut.csa_tree_ADD_TC_OP_groupi_g6154__9945.B = (0)
ABSOLUTE PORT: mac_param_tb.dut.csa_tree_ADD_TC_OP_groupi_g6155.A = (0)
ABSOLUTE PORT: mac_param_tb.dut.csa_tree_ADD_TC_OP_groupi_g6156__2883.A = (0)
ABSOLUTE PORT: mac_param_tb.dut.csa_tree_ADD_TC_OP_groupi_g6156__2883.B = (0)
ABSOLUTE PORT: mac_param_tb.dut.csa_tree_ADD_TC_OP_groupi_g6157__2346.A = (0)
ABSOLUTE PORT: mac_param_tb.dut.csa_tree_ADD_TC_OP_groupi_g6157__2346.B = (0)
ABSOLUTE PORT: mac_param_tb.dut.csa_tree_ADD_TC_OP_groupi_g6158__1666.A = (0)
ABSOLUTE PORT: mac_param_tb.dut.csa_tree_ADD_TC_OP_groupi_g6158__1666.B = (0)
ABSOLUTE PORT: mac_param_tb.dut.csa_tree_ADD_TC_OP_groupi_g6159__7410.A = (0)
ABSOLUTE PORT: mac_param_tb.dut.csa_tree_ADD_TC_OP_groupi_g6159__7410.B = (0)
ABSOLUTE PORT: mac_param_tb.dut.csa_tree_ADD_TC_OP_groupi_g6159__7410.S0 = (0)
ABSOLUTE PORT: mac_param_tb.dut.csa_tree_ADD_TC_OP_groupi_g6160__6417.A = (0)
ABSOLUTE PORT: mac_param_tb.dut.csa_tree_ADD_TC_OP_groupi_g6160__6417.B = (0)
ABSOLUTE PORT: mac_param_tb.dut.csa_tree_ADD_TC_OP_groupi_g6163.A = (0)
ABSOLUTE PORT: mac_param_tb.dut.csa_tree_ADD_TC_OP_groupi_g6164__5477.A = (0)
ABSOLUTE PORT: mac_param_tb.dut.csa_tree_ADD_TC_OP_groupi_g6164__5477.B = (0)
ABSOLUTE PORT: mac_param_tb.dut.csa_tree_ADD_TC_OP_groupi_g6165__2398.A = (0)
ABSOLUTE PORT: mac_param_tb.dut.csa_tree_ADD_TC_OP_groupi_g6165__2398.B = (0)
ABSOLUTE PORT: mac_param_tb.dut.csa_tree_ADD_TC_OP_groupi_g6166__5107.A = (0)
ABSOLUTE PORT: mac_param_tb.dut.csa_tree_ADD_TC_OP_groupi_g6166__5107.B = (0)
ABSOLUTE PORT: mac_param_tb.dut.csa_tree_ADD_TC_OP_groupi_g6167__6260.A = (0)
ABSOLUTE PORT: mac_param_tb.dut.csa_tree_ADD_TC_OP_groupi_g6167__6260.B = (0)
ABSOLUTE PORT: mac_param_tb.dut.csa_tree_ADD_TC_OP_groupi_g6167__6260.CI = (0)
ABSOLUTE PORT: mac_param_tb.dut.csa_tree_ADD_TC_OP_groupi_g6168__4319.A = (0)
ABSOLUTE PORT: mac_param_tb.dut.csa_tree_ADD_TC_OP_groupi_g6168__4319.B = (0)
ABSOLUTE PORT: mac_param_tb.dut.csa_tree_ADD_TC_OP_groupi_g6171__8428.A0 = (0)
ABSOLUTE PORT: mac_param_tb.dut.csa_tree_ADD_TC_OP_groupi_g6171__8428.A1 = (0)
ABSOLUTE PORT: mac_param_tb.dut.csa_tree_ADD_TC_OP_groupi_g6171__8428.B0 = (0)
ABSOLUTE PORT: mac_param_tb.dut.csa_tree_ADD_TC_OP_groupi_g6172__5526.A0 = (0)
ABSOLUTE PORT: mac_param_tb.dut.csa_tree_ADD_TC_OP_groupi_g6172__5526.A1 = (0)
ABSOLUTE PORT: mac_param_tb.dut.csa_tree_ADD_TC_OP_groupi_g6172__5526.B0 = (0)
ABSOLUTE PORT: mac_param_tb.dut.csa_tree_ADD_TC_OP_groupi_g6174__6783.A = (0)
ABSOLUTE PORT: mac_param_tb.dut.csa_tree_ADD_TC_OP_groupi_g6174__6783.B = (0)
ABSOLUTE PORT: mac_param_tb.dut.csa_tree_ADD_TC_OP_groupi_g6175__3680.AN = (0)
ABSOLUTE PORT: mac_param_tb.dut.csa_tree_ADD_TC_OP_groupi_g6175__3680.B = (0)
ABSOLUTE PORT: mac_param_tb.dut.csa_tree_ADD_TC_OP_groupi_g6176.A = (0)
ABSOLUTE PORT: mac_param_tb.dut.csa_tree_ADD_TC_OP_groupi_g6177__1617.A = (0)
ABSOLUTE PORT: mac_param_tb.dut.csa_tree_ADD_TC_OP_groupi_g6177__1617.B = (0)
ABSOLUTE PORT: mac_param_tb.dut.csa_tree_ADD_TC_OP_groupi_g6178.A = (0)
ABSOLUTE PORT: mac_param_tb.dut.csa_tree_ADD_TC_OP_groupi_g6179__2802.AN = (0)
ABSOLUTE PORT: mac_param_tb.dut.csa_tree_ADD_TC_OP_groupi_g6179__2802.B = (0)
ABSOLUTE PORT: mac_param_tb.dut.csa_tree_ADD_TC_OP_groupi_g6180__1705.AN = (0)
ABSOLUTE PORT: mac_param_tb.dut.csa_tree_ADD_TC_OP_groupi_g6180__1705.B = (0)
ABSOLUTE PORT: mac_param_tb.dut.csa_tree_ADD_TC_OP_groupi_g6181__5122.A0N = (0)
ABSOLUTE PORT: mac_param_tb.dut.csa_tree_ADD_TC_OP_groupi_g6181__5122.A1N = (0)
ABSOLUTE PORT: mac_param_tb.dut.csa_tree_ADD_TC_OP_groupi_g6181__5122.B0 = (0)
ABSOLUTE PORT: mac_param_tb.dut.csa_tree_ADD_TC_OP_groupi_g6182__8246.A = (0)
ABSOLUTE PORT: mac_param_tb.dut.csa_tree_ADD_TC_OP_groupi_g6182__8246.B = (0)
ABSOLUTE PORT: mac_param_tb.dut.csa_tree_ADD_TC_OP_groupi_g6182__8246.CI = (0)
ABSOLUTE PORT: mac_param_tb.dut.csa_tree_ADD_TC_OP_groupi_g6183__7098.A = (0)
ABSOLUTE PORT: mac_param_tb.dut.csa_tree_ADD_TC_OP_groupi_g6183__7098.B = (0)
ABSOLUTE PORT: mac_param_tb.dut.csa_tree_ADD_TC_OP_groupi_g6184__6131.A = (0)
ABSOLUTE PORT: mac_param_tb.dut.csa_tree_ADD_TC_OP_groupi_g6184__6131.B = (0)
ABSOLUTE PORT: mac_param_tb.dut.csa_tree_ADD_TC_OP_groupi_g6186__1881.A = (0)
ABSOLUTE PORT: mac_param_tb.dut.csa_tree_ADD_TC_OP_groupi_g6186__1881.B = (0)
ABSOLUTE PORT: mac_param_tb.dut.csa_tree_ADD_TC_OP_groupi_g6188__5115.AN = (0)
ABSOLUTE PORT: mac_param_tb.dut.csa_tree_ADD_TC_OP_groupi_g6188__5115.B = (0)
ABSOLUTE PORT: mac_param_tb.dut.csa_tree_ADD_TC_OP_groupi_g6189__7482.A0 = (0)
ABSOLUTE PORT: mac_param_tb.dut.csa_tree_ADD_TC_OP_groupi_g6189__7482.A1 = (0)
ABSOLUTE PORT: mac_param_tb.dut.csa_tree_ADD_TC_OP_groupi_g6189__7482.B0 = (0)
ABSOLUTE PORT: mac_param_tb.dut.csa_tree_ADD_TC_OP_groupi_g6190__4733.A = (0)
ABSOLUTE PORT: mac_param_tb.dut.csa_tree_ADD_TC_OP_groupi_g6190__4733.B = (0)
ABSOLUTE PORT: mac_param_tb.dut.csa_tree_ADD_TC_OP_groupi_g6192__6161.A = (0)
ABSOLUTE PORT: mac_param_tb.dut.csa_tree_ADD_TC_OP_groupi_g6192__6161.B = (0)
ABSOLUTE PORT: mac_param_tb.dut.csa_tree_ADD_TC_OP_groupi_g6192__6161.C = (0)
ABSOLUTE PORT: mac_param_tb.dut.csa_tree_ADD_TC_OP_groupi_g6193__9315.A = (0)
ABSOLUTE PORT: mac_param_tb.dut.csa_tree_ADD_TC_OP_groupi_g6193__9315.B = (0)
ABSOLUTE PORT: mac_param_tb.dut.csa_tree_ADD_TC_OP_groupi_g6193__9315.CI = (0)
ABSOLUTE PORT: mac_param_tb.dut.csa_tree_ADD_TC_OP_groupi_g6195__9945.A = (0)
ABSOLUTE PORT: mac_param_tb.dut.csa_tree_ADD_TC_OP_groupi_g6195__9945.B = (0)
ABSOLUTE PORT: mac_param_tb.dut.csa_tree_ADD_TC_OP_groupi_g6195__9945.CI = (0)
ABSOLUTE PORT: mac_param_tb.dut.csa_tree_ADD_TC_OP_groupi_g6196__2883.A = (0)
ABSOLUTE PORT: mac_param_tb.dut.csa_tree_ADD_TC_OP_groupi_g6196__2883.B = (0)
ABSOLUTE PORT: mac_param_tb.dut.csa_tree_ADD_TC_OP_groupi_g6197__2346.A = (0)
ABSOLUTE PORT: mac_param_tb.dut.csa_tree_ADD_TC_OP_groupi_g6197__2346.B = (0)
ABSOLUTE PORT: mac_param_tb.dut.csa_tree_ADD_TC_OP_groupi_g6198__1666.A = (0)
ABSOLUTE PORT: mac_param_tb.dut.csa_tree_ADD_TC_OP_groupi_g6198__1666.B = (0)
ABSOLUTE PORT: mac_param_tb.dut.csa_tree_ADD_TC_OP_groupi_g6199__7410.A = (0)
ABSOLUTE PORT: mac_param_tb.dut.csa_tree_ADD_TC_OP_groupi_g6199__7410.B = (0)
ABSOLUTE PORT: mac_param_tb.dut.csa_tree_ADD_TC_OP_groupi_g6201__6417.A = (0)
ABSOLUTE PORT: mac_param_tb.dut.csa_tree_ADD_TC_OP_groupi_g6201__6417.B = (0)
ABSOLUTE PORT: mac_param_tb.dut.csa_tree_ADD_TC_OP_groupi_g6201__6417.CI = (0)
ABSOLUTE PORT: mac_param_tb.dut.csa_tree_ADD_TC_OP_groupi_g6202.A = (0)
ABSOLUTE PORT: mac_param_tb.dut.csa_tree_ADD_TC_OP_groupi_g6203.A = (0)
ABSOLUTE PORT: mac_param_tb.dut.csa_tree_ADD_TC_OP_groupi_g6204__5477.A = (0)
ABSOLUTE PORT: mac_param_tb.dut.csa_tree_ADD_TC_OP_groupi_g6204__5477.B = (0)
ABSOLUTE PORT: mac_param_tb.dut.csa_tree_ADD_TC_OP_groupi_g6205__2398.A = (0)
ABSOLUTE PORT: mac_param_tb.dut.csa_tree_ADD_TC_OP_groupi_g6205__2398.B = (0)
ABSOLUTE PORT: mac_param_tb.dut.csa_tree_ADD_TC_OP_groupi_g6205__2398.CI = (0)
ABSOLUTE PORT: mac_param_tb.dut.csa_tree_ADD_TC_OP_groupi_g6206__5107.AN = (0)
ABSOLUTE PORT: mac_param_tb.dut.csa_tree_ADD_TC_OP_groupi_g6206__5107.B = (0)
ABSOLUTE PORT: mac_param_tb.dut.csa_tree_ADD_TC_OP_groupi_g6207__6260.A = (0)
ABSOLUTE PORT: mac_param_tb.dut.csa_tree_ADD_TC_OP_groupi_g6207__6260.B = (0)
ABSOLUTE PORT: mac_param_tb.dut.csa_tree_ADD_TC_OP_groupi_g6208__4319.A = (0)
ABSOLUTE PORT: mac_param_tb.dut.csa_tree_ADD_TC_OP_groupi_g6208__4319.B = (0)
ABSOLUTE PORT: mac_param_tb.dut.csa_tree_ADD_TC_OP_groupi_g6210__8428.AN = (0)
ABSOLUTE PORT: mac_param_tb.dut.csa_tree_ADD_TC_OP_groupi_g6210__8428.B = (0)
ABSOLUTE PORT: mac_param_tb.dut.csa_tree_ADD_TC_OP_groupi_g6211__5526.A = (0)
ABSOLUTE PORT: mac_param_tb.dut.csa_tree_ADD_TC_OP_groupi_g6211__5526.B = (0)
ABSOLUTE PORT: mac_param_tb.dut.csa_tree_ADD_TC_OP_groupi_g6212__6783.A = (0)
ABSOLUTE PORT: mac_param_tb.dut.csa_tree_ADD_TC_OP_groupi_g6212__6783.B = (0)
ABSOLUTE PORT: mac_param_tb.dut.csa_tree_ADD_TC_OP_groupi_g6213__3680.A = (0)
ABSOLUTE PORT: mac_param_tb.dut.csa_tree_ADD_TC_OP_groupi_g6213__3680.B = (0)
ABSOLUTE PORT: mac_param_tb.dut.csa_tree_ADD_TC_OP_groupi_g6213__3680.S0 = (0)
ABSOLUTE PORT: mac_param_tb.dut.csa_tree_ADD_TC_OP_groupi_g6214__1617.A = (0)
ABSOLUTE PORT: mac_param_tb.dut.csa_tree_ADD_TC_OP_groupi_g6214__1617.B = (0)
ABSOLUTE PORT: mac_param_tb.dut.csa_tree_ADD_TC_OP_groupi_g6214__1617.CI = (0)
ABSOLUTE PORT: mac_param_tb.dut.csa_tree_ADD_TC_OP_groupi_g6215__2802.A = (0)
ABSOLUTE PORT: mac_param_tb.dut.csa_tree_ADD_TC_OP_groupi_g6215__2802.B = (0)
ABSOLUTE PORT: mac_param_tb.dut.csa_tree_ADD_TC_OP_groupi_g6215__2802.CI = (0)
ABSOLUTE PORT: mac_param_tb.dut.csa_tree_ADD_TC_OP_groupi_g6216__1705.A = (0)
ABSOLUTE PORT: mac_param_tb.dut.csa_tree_ADD_TC_OP_groupi_g6216__1705.B = (0)
ABSOLUTE PORT: mac_param_tb.dut.csa_tree_ADD_TC_OP_groupi_g6217__5122.A = (0)
ABSOLUTE PORT: mac_param_tb.dut.csa_tree_ADD_TC_OP_groupi_g6217__5122.B = (0)
ABSOLUTE PORT: mac_param_tb.dut.csa_tree_ADD_TC_OP_groupi_g6218__8246.A = (0)
ABSOLUTE PORT: mac_param_tb.dut.csa_tree_ADD_TC_OP_groupi_g6218__8246.B = (0)
ABSOLUTE PORT: mac_param_tb.dut.csa_tree_ADD_TC_OP_groupi_g6219__7098.AN = (0)
ABSOLUTE PORT: mac_param_tb.dut.csa_tree_ADD_TC_OP_groupi_g6219__7098.B = (0)
ABSOLUTE PORT: mac_param_tb.dut.csa_tree_ADD_TC_OP_groupi_g6220__6131.A0 = (0)
ABSOLUTE PORT: mac_param_tb.dut.csa_tree_ADD_TC_OP_groupi_g6220__6131.A1 = (0)
ABSOLUTE PORT: mac_param_tb.dut.csa_tree_ADD_TC_OP_groupi_g6220__6131.B0 = (0)
ABSOLUTE PORT: mac_param_tb.dut.csa_tree_ADD_TC_OP_groupi_g6221__1881.A = (0)
ABSOLUTE PORT: mac_param_tb.dut.csa_tree_ADD_TC_OP_groupi_g6221__1881.B = (0)
ABSOLUTE PORT: mac_param_tb.dut.csa_tree_ADD_TC_OP_groupi_g6222__5115.A = (0)
ABSOLUTE PORT: mac_param_tb.dut.csa_tree_ADD_TC_OP_groupi_g6222__5115.B = (0)
ABSOLUTE PORT: mac_param_tb.dut.csa_tree_ADD_TC_OP_groupi_g6223__7482.AN = (0)
ABSOLUTE PORT: mac_param_tb.dut.csa_tree_ADD_TC_OP_groupi_g6223__7482.B = (0)
ABSOLUTE PORT: mac_param_tb.dut.csa_tree_ADD_TC_OP_groupi_g6224__4733.AN = (0)
ABSOLUTE PORT: mac_param_tb.dut.csa_tree_ADD_TC_OP_groupi_g6224__4733.B = (0)
ABSOLUTE PORT: mac_param_tb.dut.csa_tree_ADD_TC_OP_groupi_g6225__6161.A = (0)
ABSOLUTE PORT: mac_param_tb.dut.csa_tree_ADD_TC_OP_groupi_g6225__6161.B = (0)
ABSOLUTE PORT: mac_param_tb.dut.csa_tree_ADD_TC_OP_groupi_g6226__9315.A0N = (0)
ABSOLUTE PORT: mac_param_tb.dut.csa_tree_ADD_TC_OP_groupi_g6226__9315.A1N = (0)
ABSOLUTE PORT: mac_param_tb.dut.csa_tree_ADD_TC_OP_groupi_g6226__9315.B0 = (0)
ABSOLUTE PORT: mac_param_tb.dut.csa_tree_ADD_TC_OP_groupi_g6227__9945.A = (0)
ABSOLUTE PORT: mac_param_tb.dut.csa_tree_ADD_TC_OP_groupi_g6227__9945.B = (0)
ABSOLUTE PORT: mac_param_tb.dut.csa_tree_ADD_TC_OP_groupi_g6228__2883.A = (0)
ABSOLUTE PORT: mac_param_tb.dut.csa_tree_ADD_TC_OP_groupi_g6228__2883.B = (0)
ABSOLUTE PORT: mac_param_tb.dut.csa_tree_ADD_TC_OP_groupi_g6229__2346.A = (0)
ABSOLUTE PORT: mac_param_tb.dut.csa_tree_ADD_TC_OP_groupi_g6229__2346.B = (0)
ABSOLUTE PORT: mac_param_tb.dut.csa_tree_ADD_TC_OP_groupi_g6229__2346.CI = (0)
ABSOLUTE PORT: mac_param_tb.dut.csa_tree_ADD_TC_OP_groupi_g6230__1666.A = (0)
ABSOLUTE PORT: mac_param_tb.dut.csa_tree_ADD_TC_OP_groupi_g6230__1666.B = (0)
ABSOLUTE PORT: mac_param_tb.dut.csa_tree_ADD_TC_OP_groupi_g6230__1666.CI = (0)
ABSOLUTE PORT: mac_param_tb.dut.csa_tree_ADD_TC_OP_groupi_g6231__7410.A = (0)
ABSOLUTE PORT: mac_param_tb.dut.csa_tree_ADD_TC_OP_groupi_g6231__7410.B = (0)
ABSOLUTE PORT: mac_param_tb.dut.csa_tree_ADD_TC_OP_groupi_g6232__6417.A = (0)
ABSOLUTE PORT: mac_param_tb.dut.csa_tree_ADD_TC_OP_groupi_g6232__6417.B = (0)
ABSOLUTE PORT: mac_param_tb.dut.csa_tree_ADD_TC_OP_groupi_g6233__5477.A = (0)
ABSOLUTE PORT: mac_param_tb.dut.csa_tree_ADD_TC_OP_groupi_g6233__5477.B = (0)
ABSOLUTE PORT: mac_param_tb.dut.csa_tree_ADD_TC_OP_groupi_g6234__2398.AN = (0)
ABSOLUTE PORT: mac_param_tb.dut.csa_tree_ADD_TC_OP_groupi_g6234__2398.B = (0)
ABSOLUTE PORT: mac_param_tb.dut.csa_tree_ADD_TC_OP_groupi_g6235__5107.A = (0)
ABSOLUTE PORT: mac_param_tb.dut.csa_tree_ADD_TC_OP_groupi_g6235__5107.B = (0)
ABSOLUTE PORT: mac_param_tb.dut.csa_tree_ADD_TC_OP_groupi_g6237__4319.A0N = (0)
ABSOLUTE PORT: mac_param_tb.dut.csa_tree_ADD_TC_OP_groupi_g6237__4319.A1N = (0)
ABSOLUTE PORT: mac_param_tb.dut.csa_tree_ADD_TC_OP_groupi_g6237__4319.B0 = (0)
ABSOLUTE PORT: mac_param_tb.dut.csa_tree_ADD_TC_OP_groupi_g6238.A = (0)
ABSOLUTE PORT: mac_param_tb.dut.csa_tree_ADD_TC_OP_groupi_g6240.A = (0)
ABSOLUTE PORT: mac_param_tb.dut.csa_tree_ADD_TC_OP_groupi_g6241.A = (0)
ABSOLUTE PORT: mac_param_tb.dut.csa_tree_ADD_TC_OP_groupi_g6242.A = (0)
ABSOLUTE PORT: mac_param_tb.dut.csa_tree_ADD_TC_OP_groupi_g6243__8428.A = (0)
ABSOLUTE PORT: mac_param_tb.dut.csa_tree_ADD_TC_OP_groupi_g6243__8428.B = (0)
ABSOLUTE PORT: mac_param_tb.dut.csa_tree_ADD_TC_OP_groupi_g6243__8428.CI = (0)
ABSOLUTE PORT: mac_param_tb.dut.csa_tree_ADD_TC_OP_groupi_g6244__5526.A = (0)
ABSOLUTE PORT: mac_param_tb.dut.csa_tree_ADD_TC_OP_groupi_g6244__5526.B = (0)
ABSOLUTE PORT: mac_param_tb.dut.csa_tree_ADD_TC_OP_groupi_g6244__5526.CI = (0)
ABSOLUTE PORT: mac_param_tb.dut.csa_tree_ADD_TC_OP_groupi_g6245__6783.A = (0)
ABSOLUTE PORT: mac_param_tb.dut.csa_tree_ADD_TC_OP_groupi_g6245__6783.B = (0)
ABSOLUTE PORT: mac_param_tb.dut.csa_tree_ADD_TC_OP_groupi_g6245__6783.CI = (0)
ABSOLUTE PORT: mac_param_tb.dut.csa_tree_ADD_TC_OP_groupi_g6246__3680.A = (0)
ABSOLUTE PORT: mac_param_tb.dut.csa_tree_ADD_TC_OP_groupi_g6246__3680.B = (0)
ABSOLUTE PORT: mac_param_tb.dut.csa_tree_ADD_TC_OP_groupi_g6246__3680.CI = (0)
ABSOLUTE PORT: mac_param_tb.dut.csa_tree_ADD_TC_OP_groupi_g6247__1617.A = (0)
ABSOLUTE PORT: mac_param_tb.dut.csa_tree_ADD_TC_OP_groupi_g6247__1617.B = (0)
ABSOLUTE PORT: mac_param_tb.dut.csa_tree_ADD_TC_OP_groupi_g6247__1617.CI = (0)
ABSOLUTE PORT: mac_param_tb.dut.csa_tree_ADD_TC_OP_groupi_g6248__2802.A = (0)
ABSOLUTE PORT: mac_param_tb.dut.csa_tree_ADD_TC_OP_groupi_g6248__2802.B = (0)
ABSOLUTE PORT: mac_param_tb.dut.csa_tree_ADD_TC_OP_groupi_g6249__1705.A0N = (0)
ABSOLUTE PORT: mac_param_tb.dut.csa_tree_ADD_TC_OP_groupi_g6249__1705.A1N = (0)
ABSOLUTE PORT: mac_param_tb.dut.csa_tree_ADD_TC_OP_groupi_g6249__1705.B0 = (0)
ABSOLUTE PORT: mac_param_tb.dut.csa_tree_ADD_TC_OP_groupi_g6252__5122.A = (0)
ABSOLUTE PORT: mac_param_tb.dut.csa_tree_ADD_TC_OP_groupi_g6252__5122.B = (0)
ABSOLUTE PORT: mac_param_tb.dut.csa_tree_ADD_TC_OP_groupi_g6254__8246.A = (0)
ABSOLUTE PORT: mac_param_tb.dut.csa_tree_ADD_TC_OP_groupi_g6254__8246.B = (0)
ABSOLUTE PORT: mac_param_tb.dut.csa_tree_ADD_TC_OP_groupi_g6254__8246.CI = (0)
ABSOLUTE PORT: mac_param_tb.dut.csa_tree_ADD_TC_OP_groupi_g6255__7098.A = (0)
ABSOLUTE PORT: mac_param_tb.dut.csa_tree_ADD_TC_OP_groupi_g6255__7098.B = (0)
ABSOLUTE PORT: mac_param_tb.dut.csa_tree_ADD_TC_OP_groupi_g6256__6131.A = (0)
ABSOLUTE PORT: mac_param_tb.dut.csa_tree_ADD_TC_OP_groupi_g6256__6131.B = (0)
ABSOLUTE PORT: mac_param_tb.dut.csa_tree_ADD_TC_OP_groupi_g6258__5115.A0 = (0)
ABSOLUTE PORT: mac_param_tb.dut.csa_tree_ADD_TC_OP_groupi_g6258__5115.A1 = (0)
ABSOLUTE PORT: mac_param_tb.dut.csa_tree_ADD_TC_OP_groupi_g6258__5115.B0 = (0)
ABSOLUTE PORT: mac_param_tb.dut.csa_tree_ADD_TC_OP_groupi_g6259__7482.A = (0)
ABSOLUTE PORT: mac_param_tb.dut.csa_tree_ADD_TC_OP_groupi_g6259__7482.B = (0)
ABSOLUTE PORT: mac_param_tb.dut.csa_tree_ADD_TC_OP_groupi_g6262.A = (0)
ABSOLUTE PORT: mac_param_tb.dut.csa_tree_ADD_TC_OP_groupi_g6263__4733.A = (0)
ABSOLUTE PORT: mac_param_tb.dut.csa_tree_ADD_TC_OP_groupi_g6263__4733.B = (0)
ABSOLUTE PORT: mac_param_tb.dut.csa_tree_ADD_TC_OP_groupi_g6263__4733.CI = (0)
ABSOLUTE PORT: mac_param_tb.dut.csa_tree_ADD_TC_OP_groupi_g6264__6161.A = (0)
ABSOLUTE PORT: mac_param_tb.dut.csa_tree_ADD_TC_OP_groupi_g6264__6161.B = (0)
ABSOLUTE PORT: mac_param_tb.dut.csa_tree_ADD_TC_OP_groupi_g6264__6161.CI = (0)
ABSOLUTE PORT: mac_param_tb.dut.csa_tree_ADD_TC_OP_groupi_g6265__9315.A = (0)
ABSOLUTE PORT: mac_param_tb.dut.csa_tree_ADD_TC_OP_groupi_g6265__9315.B = (0)
ABSOLUTE PORT: mac_param_tb.dut.csa_tree_ADD_TC_OP_groupi_g6266__9945.A = (0)
ABSOLUTE PORT: mac_param_tb.dut.csa_tree_ADD_TC_OP_groupi_g6266__9945.B = (0)
ABSOLUTE PORT: mac_param_tb.dut.csa_tree_ADD_TC_OP_groupi_g6266__9945.S0 = (0)
ABSOLUTE PORT: mac_param_tb.dut.csa_tree_ADD_TC_OP_groupi_g6268__2883.A = (0)
ABSOLUTE PORT: mac_param_tb.dut.csa_tree_ADD_TC_OP_groupi_g6268__2883.B = (0)
ABSOLUTE PORT: mac_param_tb.dut.csa_tree_ADD_TC_OP_groupi_g6269__2346.A0 = (0)
ABSOLUTE PORT: mac_param_tb.dut.csa_tree_ADD_TC_OP_groupi_g6269__2346.A1 = (0)
ABSOLUTE PORT: mac_param_tb.dut.csa_tree_ADD_TC_OP_groupi_g6269__2346.B0 = (0)
ABSOLUTE PORT: mac_param_tb.dut.csa_tree_ADD_TC_OP_groupi_g6270__1666.A = (0)
ABSOLUTE PORT: mac_param_tb.dut.csa_tree_ADD_TC_OP_groupi_g6270__1666.B = (0)
ABSOLUTE PORT: mac_param_tb.dut.csa_tree_ADD_TC_OP_groupi_g6272__7410.A = (0)
ABSOLUTE PORT: mac_param_tb.dut.csa_tree_ADD_TC_OP_groupi_g6272__7410.B = (0)
ABSOLUTE PORT: mac_param_tb.dut.csa_tree_ADD_TC_OP_groupi_g6273__6417.AN = (0)
ABSOLUTE PORT: mac_param_tb.dut.csa_tree_ADD_TC_OP_groupi_g6273__6417.B = (0)
ABSOLUTE PORT: mac_param_tb.dut.csa_tree_ADD_TC_OP_groupi_g6274__5477.AN = (0)
ABSOLUTE PORT: mac_param_tb.dut.csa_tree_ADD_TC_OP_groupi_g6274__5477.B = (0)
ABSOLUTE PORT: mac_param_tb.dut.csa_tree_ADD_TC_OP_groupi_g6275__2398.A = (0)
ABSOLUTE PORT: mac_param_tb.dut.csa_tree_ADD_TC_OP_groupi_g6275__2398.B = (0)
ABSOLUTE PORT: mac_param_tb.dut.csa_tree_ADD_TC_OP_groupi_g6276__5107.A = (0)
ABSOLUTE PORT: mac_param_tb.dut.csa_tree_ADD_TC_OP_groupi_g6276__5107.B = (0)
ABSOLUTE PORT: mac_param_tb.dut.csa_tree_ADD_TC_OP_groupi_g6278__6260.A0N = (0)
ABSOLUTE PORT: mac_param_tb.dut.csa_tree_ADD_TC_OP_groupi_g6278__6260.A1N = (0)
ABSOLUTE PORT: mac_param_tb.dut.csa_tree_ADD_TC_OP_groupi_g6278__6260.B0 = (0)
ABSOLUTE PORT: mac_param_tb.dut.csa_tree_ADD_TC_OP_groupi_g6279__4319.A = (0)
ABSOLUTE PORT: mac_param_tb.dut.csa_tree_ADD_TC_OP_groupi_g6279__4319.B = (0)
ABSOLUTE PORT: mac_param_tb.dut.csa_tree_ADD_TC_OP_groupi_g6281.A = (0)
ABSOLUTE PORT: mac_param_tb.dut.csa_tree_ADD_TC_OP_groupi_g6282__8428.A = (0)
ABSOLUTE PORT: mac_param_tb.dut.csa_tree_ADD_TC_OP_groupi_g6282__8428.B = (0)
ABSOLUTE PORT: mac_param_tb.dut.csa_tree_ADD_TC_OP_groupi_g6282__8428.CI = (0)
ABSOLUTE PORT: mac_param_tb.dut.csa_tree_ADD_TC_OP_groupi_g6283__5526.A = (0)
ABSOLUTE PORT: mac_param_tb.dut.csa_tree_ADD_TC_OP_groupi_g6283__5526.B = (0)
ABSOLUTE PORT: mac_param_tb.dut.csa_tree_ADD_TC_OP_groupi_g6283__5526.CI = (0)
ABSOLUTE PORT: mac_param_tb.dut.csa_tree_ADD_TC_OP_groupi_g6285__3680.A0 = (0)
ABSOLUTE PORT: mac_param_tb.dut.csa_tree_ADD_TC_OP_groupi_g6285__3680.A1 = (0)
ABSOLUTE PORT: mac_param_tb.dut.csa_tree_ADD_TC_OP_groupi_g6285__3680.B0 = (0)
ABSOLUTE PORT: mac_param_tb.dut.csa_tree_ADD_TC_OP_groupi_g6286__1617.A = (0)
ABSOLUTE PORT: mac_param_tb.dut.csa_tree_ADD_TC_OP_groupi_g6286__1617.B = (0)
ABSOLUTE PORT: mac_param_tb.dut.csa_tree_ADD_TC_OP_groupi_g6287__2802.A = (0)
ABSOLUTE PORT: mac_param_tb.dut.csa_tree_ADD_TC_OP_groupi_g6287__2802.B = (0)
ABSOLUTE PORT: mac_param_tb.dut.csa_tree_ADD_TC_OP_groupi_g6288__1705.A0 = (0)
ABSOLUTE PORT: mac_param_tb.dut.csa_tree_ADD_TC_OP_groupi_g6288__1705.A1 = (0)
ABSOLUTE PORT: mac_param_tb.dut.csa_tree_ADD_TC_OP_groupi_g6288__1705.B0 = (0)
ABSOLUTE PORT: mac_param_tb.dut.csa_tree_ADD_TC_OP_groupi_g6289__5122.A0 = (0)
ABSOLUTE PORT: mac_param_tb.dut.csa_tree_ADD_TC_OP_groupi_g6289__5122.A1 = (0)
ABSOLUTE PORT: mac_param_tb.dut.csa_tree_ADD_TC_OP_groupi_g6289__5122.B0 = (0)
ABSOLUTE PORT: mac_param_tb.dut.csa_tree_ADD_TC_OP_groupi_g6291.A = (0)
ABSOLUTE PORT: mac_param_tb.dut.csa_tree_ADD_TC_OP_groupi_g6292__8246.A = (0)
ABSOLUTE PORT: mac_param_tb.dut.csa_tree_ADD_TC_OP_groupi_g6292__8246.B = (0)
ABSOLUTE PORT: mac_param_tb.dut.csa_tree_ADD_TC_OP_groupi_g6292__8246.CI = (0)
ABSOLUTE PORT: mac_param_tb.dut.csa_tree_ADD_TC_OP_groupi_g6293__7098.A = (0)
ABSOLUTE PORT: mac_param_tb.dut.csa_tree_ADD_TC_OP_groupi_g6293__7098.B = (0)
ABSOLUTE PORT: mac_param_tb.dut.csa_tree_ADD_TC_OP_groupi_g6293__7098.CI = (0)
ABSOLUTE PORT: mac_param_tb.dut.csa_tree_ADD_TC_OP_groupi_g6294__6131.A = (0)
ABSOLUTE PORT: mac_param_tb.dut.csa_tree_ADD_TC_OP_groupi_g6294__6131.B = (0)
ABSOLUTE PORT: mac_param_tb.dut.csa_tree_ADD_TC_OP_groupi_g6294__6131.CI = (0)
ABSOLUTE PORT: mac_param_tb.dut.csa_tree_ADD_TC_OP_groupi_g6295__1881.A = (0)
ABSOLUTE PORT: mac_param_tb.dut.csa_tree_ADD_TC_OP_groupi_g6295__1881.B = (0)
ABSOLUTE PORT: mac_param_tb.dut.csa_tree_ADD_TC_OP_groupi_g6295__1881.CI = (0)
ABSOLUTE PORT: mac_param_tb.dut.csa_tree_ADD_TC_OP_groupi_g6296__5115.A = (0)
ABSOLUTE PORT: mac_param_tb.dut.csa_tree_ADD_TC_OP_groupi_g6296__5115.B = (0)
ABSOLUTE PORT: mac_param_tb.dut.csa_tree_ADD_TC_OP_groupi_g6296__5115.CI = (0)
ABSOLUTE PORT: mac_param_tb.dut.csa_tree_ADD_TC_OP_groupi_g6297__7482.A = (0)
ABSOLUTE PORT: mac_param_tb.dut.csa_tree_ADD_TC_OP_groupi_g6297__7482.B = (0)
ABSOLUTE PORT: mac_param_tb.dut.csa_tree_ADD_TC_OP_groupi_g6297__7482.CI = (0)
ABSOLUTE PORT: mac_param_tb.dut.csa_tree_ADD_TC_OP_groupi_g6298__4733.A = (0)
ABSOLUTE PORT: mac_param_tb.dut.csa_tree_ADD_TC_OP_groupi_g6298__4733.B = (0)
ABSOLUTE PORT: mac_param_tb.dut.csa_tree_ADD_TC_OP_groupi_g6298__4733.CI = (0)
ABSOLUTE PORT: mac_param_tb.dut.csa_tree_ADD_TC_OP_groupi_g6299__6161.A = (0)
ABSOLUTE PORT: mac_param_tb.dut.csa_tree_ADD_TC_OP_groupi_g6299__6161.B = (0)
ABSOLUTE PORT: mac_param_tb.dut.csa_tree_ADD_TC_OP_groupi_g6299__6161.CI = (0)
ABSOLUTE PORT: mac_param_tb.dut.csa_tree_ADD_TC_OP_groupi_g6300__9315.A = (0)
ABSOLUTE PORT: mac_param_tb.dut.csa_tree_ADD_TC_OP_groupi_g6300__9315.B = (0)
ABSOLUTE PORT: mac_param_tb.dut.csa_tree_ADD_TC_OP_groupi_g6300__9315.CI = (0)
ABSOLUTE PORT: mac_param_tb.dut.csa_tree_ADD_TC_OP_groupi_g6301__9945.A = (0)
ABSOLUTE PORT: mac_param_tb.dut.csa_tree_ADD_TC_OP_groupi_g6301__9945.B = (0)
ABSOLUTE PORT: mac_param_tb.dut.csa_tree_ADD_TC_OP_groupi_g6301__9945.CI = (0)
ABSOLUTE PORT: mac_param_tb.dut.csa_tree_ADD_TC_OP_groupi_g6302__2883.A = (0)
ABSOLUTE PORT: mac_param_tb.dut.csa_tree_ADD_TC_OP_groupi_g6302__2883.B = (0)
ABSOLUTE PORT: mac_param_tb.dut.csa_tree_ADD_TC_OP_groupi_g6302__2883.CI = (0)
ABSOLUTE PORT: mac_param_tb.dut.csa_tree_ADD_TC_OP_groupi_g6303__2346.A = (0)
ABSOLUTE PORT: mac_param_tb.dut.csa_tree_ADD_TC_OP_groupi_g6303__2346.B = (0)
ABSOLUTE PORT: mac_param_tb.dut.csa_tree_ADD_TC_OP_groupi_g6304__1666.A = (0)
ABSOLUTE PORT: mac_param_tb.dut.csa_tree_ADD_TC_OP_groupi_g6304__1666.B = (0)
ABSOLUTE PORT: mac_param_tb.dut.csa_tree_ADD_TC_OP_groupi_g6304__1666.C = (0)
ABSOLUTE PORT: mac_param_tb.dut.csa_tree_ADD_TC_OP_groupi_g6305__7410.A = (0)
ABSOLUTE PORT: mac_param_tb.dut.csa_tree_ADD_TC_OP_groupi_g6305__7410.B = (0)
ABSOLUTE PORT: mac_param_tb.dut.csa_tree_ADD_TC_OP_groupi_g6306__6417.A = (0)
ABSOLUTE PORT: mac_param_tb.dut.csa_tree_ADD_TC_OP_groupi_g6306__6417.B = (0)
ABSOLUTE PORT: mac_param_tb.dut.csa_tree_ADD_TC_OP_groupi_g6306__6417.C = (0)
ABSOLUTE PORT: mac_param_tb.dut.csa_tree_ADD_TC_OP_groupi_g6307__5477.A0 = (0)
ABSOLUTE PORT: mac_param_tb.dut.csa_tree_ADD_TC_OP_groupi_g6307__5477.A1 = (0)
ABSOLUTE PORT: mac_param_tb.dut.csa_tree_ADD_TC_OP_groupi_g6307__5477.B0 = (0)
ABSOLUTE PORT: mac_param_tb.dut.csa_tree_ADD_TC_OP_groupi_g6308__2398.A = (0)
ABSOLUTE PORT: mac_param_tb.dut.csa_tree_ADD_TC_OP_groupi_g6308__2398.B = (0)
ABSOLUTE PORT: mac_param_tb.dut.csa_tree_ADD_TC_OP_groupi_g6308__2398.C = (0)
ABSOLUTE PORT: mac_param_tb.dut.csa_tree_ADD_TC_OP_groupi_g6309__5107.A = (0)
ABSOLUTE PORT: mac_param_tb.dut.csa_tree_ADD_TC_OP_groupi_g6309__5107.B = (0)
ABSOLUTE PORT: mac_param_tb.dut.csa_tree_ADD_TC_OP_groupi_g6309__5107.C = (0)
ABSOLUTE PORT: mac_param_tb.dut.csa_tree_ADD_TC_OP_groupi_g6310__6260.A0 = (0)
ABSOLUTE PORT: mac_param_tb.dut.csa_tree_ADD_TC_OP_groupi_g6310__6260.A1 = (0)
ABSOLUTE PORT: mac_param_tb.dut.csa_tree_ADD_TC_OP_groupi_g6310__6260.B0 = (0)
ABSOLUTE PORT: mac_param_tb.dut.csa_tree_ADD_TC_OP_groupi_g6311__4319.A = (0)
ABSOLUTE PORT: mac_param_tb.dut.csa_tree_ADD_TC_OP_groupi_g6311__4319.B = (0)
ABSOLUTE PORT: mac_param_tb.dut.csa_tree_ADD_TC_OP_groupi_g6313__8428.AN = (0)
ABSOLUTE PORT: mac_param_tb.dut.csa_tree_ADD_TC_OP_groupi_g6313__8428.B = (0)
ABSOLUTE PORT: mac_param_tb.dut.csa_tree_ADD_TC_OP_groupi_g6314__5526.A = (0)
ABSOLUTE PORT: mac_param_tb.dut.csa_tree_ADD_TC_OP_groupi_g6314__5526.B = (0)
ABSOLUTE PORT: mac_param_tb.dut.csa_tree_ADD_TC_OP_groupi_g6315__6783.AN = (0)
ABSOLUTE PORT: mac_param_tb.dut.csa_tree_ADD_TC_OP_groupi_g6315__6783.B = (0)
ABSOLUTE PORT: mac_param_tb.dut.csa_tree_ADD_TC_OP_groupi_g6316__3680.A = (0)
ABSOLUTE PORT: mac_param_tb.dut.csa_tree_ADD_TC_OP_groupi_g6316__3680.B = (0)
ABSOLUTE PORT: mac_param_tb.dut.csa_tree_ADD_TC_OP_groupi_g6317__1617.A = (0)
ABSOLUTE PORT: mac_param_tb.dut.csa_tree_ADD_TC_OP_groupi_g6317__1617.B = (0)
ABSOLUTE PORT: mac_param_tb.dut.csa_tree_ADD_TC_OP_groupi_g6319__2802.A = (0)
ABSOLUTE PORT: mac_param_tb.dut.csa_tree_ADD_TC_OP_groupi_g6319__2802.B = (0)
ABSOLUTE PORT: mac_param_tb.dut.csa_tree_ADD_TC_OP_groupi_g6320__1705.AN = (0)
ABSOLUTE PORT: mac_param_tb.dut.csa_tree_ADD_TC_OP_groupi_g6320__1705.B = (0)
ABSOLUTE PORT: mac_param_tb.dut.csa_tree_ADD_TC_OP_groupi_g6322__8246.A = (0)
ABSOLUTE PORT: mac_param_tb.dut.csa_tree_ADD_TC_OP_groupi_g6322__8246.B = (0)
ABSOLUTE PORT: mac_param_tb.dut.csa_tree_ADD_TC_OP_groupi_g6323__7098.A = (0)
ABSOLUTE PORT: mac_param_tb.dut.csa_tree_ADD_TC_OP_groupi_g6323__7098.B = (0)
ABSOLUTE PORT: mac_param_tb.dut.csa_tree_ADD_TC_OP_groupi_g6324__6131.A = (0)
ABSOLUTE PORT: mac_param_tb.dut.csa_tree_ADD_TC_OP_groupi_g6324__6131.B = (0)
ABSOLUTE PORT: mac_param_tb.dut.csa_tree_ADD_TC_OP_groupi_g6326.A = (0)
ABSOLUTE PORT: mac_param_tb.dut.csa_tree_ADD_TC_OP_groupi_g6328__1881.A = (0)
ABSOLUTE PORT: mac_param_tb.dut.csa_tree_ADD_TC_OP_groupi_g6328__1881.B = (0)
ABSOLUTE PORT: mac_param_tb.dut.csa_tree_ADD_TC_OP_groupi_g6329__5115.A = (0)
ABSOLUTE PORT: mac_param_tb.dut.csa_tree_ADD_TC_OP_groupi_g6329__5115.B = (0)
ABSOLUTE PORT: mac_param_tb.dut.csa_tree_ADD_TC_OP_groupi_g6330__7482.A = (0)
ABSOLUTE PORT: mac_param_tb.dut.csa_tree_ADD_TC_OP_groupi_g6330__7482.B = (0)
ABSOLUTE PORT: mac_param_tb.dut.csa_tree_ADD_TC_OP_groupi_g6331__4733.A = (0)
ABSOLUTE PORT: mac_param_tb.dut.csa_tree_ADD_TC_OP_groupi_g6331__4733.B = (0)
ABSOLUTE PORT: mac_param_tb.dut.csa_tree_ADD_TC_OP_groupi_g6332__6161.A0 = (0)
ABSOLUTE PORT: mac_param_tb.dut.csa_tree_ADD_TC_OP_groupi_g6332__6161.A1 = (0)
ABSOLUTE PORT: mac_param_tb.dut.csa_tree_ADD_TC_OP_groupi_g6332__6161.B0 = (0)
ABSOLUTE PORT: mac_param_tb.dut.csa_tree_ADD_TC_OP_groupi_g6335__9315.A0N = (0)
ABSOLUTE PORT: mac_param_tb.dut.csa_tree_ADD_TC_OP_groupi_g6335__9315.A1N = (0)
ABSOLUTE PORT: mac_param_tb.dut.csa_tree_ADD_TC_OP_groupi_g6335__9315.B0 = (0)
ABSOLUTE PORT: mac_param_tb.dut.csa_tree_ADD_TC_OP_groupi_g6336__9945.A0 = (0)
ABSOLUTE PORT: mac_param_tb.dut.csa_tree_ADD_TC_OP_groupi_g6336__9945.A1 = (0)
ABSOLUTE PORT: mac_param_tb.dut.csa_tree_ADD_TC_OP_groupi_g6336__9945.B0 = (0)
ABSOLUTE PORT: mac_param_tb.dut.csa_tree_ADD_TC_OP_groupi_g6337__2883.A = (0)
ABSOLUTE PORT: mac_param_tb.dut.csa_tree_ADD_TC_OP_groupi_g6337__2883.B = (0)
ABSOLUTE PORT: mac_param_tb.dut.csa_tree_ADD_TC_OP_groupi_g6338__2346.A0N = (0)
ABSOLUTE PORT: mac_param_tb.dut.csa_tree_ADD_TC_OP_groupi_g6338__2346.A1N = (0)
ABSOLUTE PORT: mac_param_tb.dut.csa_tree_ADD_TC_OP_groupi_g6338__2346.B0 = (0)
ABSOLUTE PORT: mac_param_tb.dut.csa_tree_ADD_TC_OP_groupi_g6340__7410.A = (0)
ABSOLUTE PORT: mac_param_tb.dut.csa_tree_ADD_TC_OP_groupi_g6340__7410.B = (0)
ABSOLUTE PORT: mac_param_tb.dut.csa_tree_ADD_TC_OP_groupi_g6341__6417.A = (0)
ABSOLUTE PORT: mac_param_tb.dut.csa_tree_ADD_TC_OP_groupi_g6341__6417.B = (0)
ABSOLUTE PORT: mac_param_tb.dut.csa_tree_ADD_TC_OP_groupi_g6342__5477.A = (0)
ABSOLUTE PORT: mac_param_tb.dut.csa_tree_ADD_TC_OP_groupi_g6342__5477.B = (0)
ABSOLUTE PORT: mac_param_tb.dut.csa_tree_ADD_TC_OP_groupi_g6343__2398.A = (0)
ABSOLUTE PORT: mac_param_tb.dut.csa_tree_ADD_TC_OP_groupi_g6343__2398.B = (0)
ABSOLUTE PORT: mac_param_tb.dut.csa_tree_ADD_TC_OP_groupi_g6344__5107.A = (0)
ABSOLUTE PORT: mac_param_tb.dut.csa_tree_ADD_TC_OP_groupi_g6344__5107.B = (0)
ABSOLUTE PORT: mac_param_tb.dut.csa_tree_ADD_TC_OP_groupi_g6345__6260.A = (0)
ABSOLUTE PORT: mac_param_tb.dut.csa_tree_ADD_TC_OP_groupi_g6345__6260.B = (0)
ABSOLUTE PORT: mac_param_tb.dut.csa_tree_ADD_TC_OP_groupi_g6346__4319.A = (0)
ABSOLUTE PORT: mac_param_tb.dut.csa_tree_ADD_TC_OP_groupi_g6346__4319.B = (0)
ABSOLUTE PORT: mac_param_tb.dut.csa_tree_ADD_TC_OP_groupi_g6347__8428.A = (0)
ABSOLUTE PORT: mac_param_tb.dut.csa_tree_ADD_TC_OP_groupi_g6347__8428.B = (0)
ABSOLUTE PORT: mac_param_tb.dut.csa_tree_ADD_TC_OP_groupi_g6350__5526.AN = (0)
ABSOLUTE PORT: mac_param_tb.dut.csa_tree_ADD_TC_OP_groupi_g6350__5526.B = (0)
ABSOLUTE PORT: mac_param_tb.dut.csa_tree_ADD_TC_OP_groupi_g6351__6783.A = (0)
ABSOLUTE PORT: mac_param_tb.dut.csa_tree_ADD_TC_OP_groupi_g6351__6783.B = (0)
ABSOLUTE PORT: mac_param_tb.dut.csa_tree_ADD_TC_OP_groupi_g6352__3680.AN = (0)
ABSOLUTE PORT: mac_param_tb.dut.csa_tree_ADD_TC_OP_groupi_g6352__3680.B = (0)
ABSOLUTE PORT: mac_param_tb.dut.csa_tree_ADD_TC_OP_groupi_g6353__1617.AN = (0)
ABSOLUTE PORT: mac_param_tb.dut.csa_tree_ADD_TC_OP_groupi_g6353__1617.B = (0)
ABSOLUTE PORT: mac_param_tb.dut.csa_tree_ADD_TC_OP_groupi_g6354__2802.A = (0)
ABSOLUTE PORT: mac_param_tb.dut.csa_tree_ADD_TC_OP_groupi_g6354__2802.B = (0)
ABSOLUTE PORT: mac_param_tb.dut.csa_tree_ADD_TC_OP_groupi_g6355__1705.AN = (0)
ABSOLUTE PORT: mac_param_tb.dut.csa_tree_ADD_TC_OP_groupi_g6355__1705.B = (0)
ABSOLUTE PORT: mac_param_tb.dut.csa_tree_ADD_TC_OP_groupi_g6358__8246.AN = (0)
ABSOLUTE PORT: mac_param_tb.dut.csa_tree_ADD_TC_OP_groupi_g6358__8246.B = (0)
ABSOLUTE PORT: mac_param_tb.dut.csa_tree_ADD_TC_OP_groupi_g6359__7098.A = (0)
ABSOLUTE PORT: mac_param_tb.dut.csa_tree_ADD_TC_OP_groupi_g6359__7098.B = (0)
ABSOLUTE PORT: mac_param_tb.dut.csa_tree_ADD_TC_OP_groupi_g6361__6131.A = (0)
ABSOLUTE PORT: mac_param_tb.dut.csa_tree_ADD_TC_OP_groupi_g6361__6131.B = (0)
ABSOLUTE PORT: mac_param_tb.dut.csa_tree_ADD_TC_OP_groupi_g6363__1881.AN = (0)
ABSOLUTE PORT: mac_param_tb.dut.csa_tree_ADD_TC_OP_groupi_g6363__1881.B = (0)
ABSOLUTE PORT: mac_param_tb.dut.csa_tree_ADD_TC_OP_groupi_g6364__5115.AN = (0)
ABSOLUTE PORT: mac_param_tb.dut.csa_tree_ADD_TC_OP_groupi_g6364__5115.B = (0)
ABSOLUTE PORT: mac_param_tb.dut.csa_tree_ADD_TC_OP_groupi_g6365__7482.A = (0)
ABSOLUTE PORT: mac_param_tb.dut.csa_tree_ADD_TC_OP_groupi_g6365__7482.B = (0)
ABSOLUTE PORT: mac_param_tb.dut.csa_tree_ADD_TC_OP_groupi_g6366__4733.A = (0)
ABSOLUTE PORT: mac_param_tb.dut.csa_tree_ADD_TC_OP_groupi_g6366__4733.B = (0)
ABSOLUTE PORT: mac_param_tb.dut.csa_tree_ADD_TC_OP_groupi_g6367__6161.A = (0)
ABSOLUTE PORT: mac_param_tb.dut.csa_tree_ADD_TC_OP_groupi_g6367__6161.B = (0)
ABSOLUTE PORT: mac_param_tb.dut.csa_tree_ADD_TC_OP_groupi_g6368__9315.A = (0)
ABSOLUTE PORT: mac_param_tb.dut.csa_tree_ADD_TC_OP_groupi_g6368__9315.B = (0)
ABSOLUTE PORT: mac_param_tb.dut.csa_tree_ADD_TC_OP_groupi_g6369__9945.A = (0)
ABSOLUTE PORT: mac_param_tb.dut.csa_tree_ADD_TC_OP_groupi_g6369__9945.B = (0)
ABSOLUTE PORT: mac_param_tb.dut.csa_tree_ADD_TC_OP_groupi_g6370__2883.A = (0)
ABSOLUTE PORT: mac_param_tb.dut.csa_tree_ADD_TC_OP_groupi_g6370__2883.B = (0)
ABSOLUTE PORT: mac_param_tb.dut.csa_tree_ADD_TC_OP_groupi_g6371__2346.A = (0)
ABSOLUTE PORT: mac_param_tb.dut.csa_tree_ADD_TC_OP_groupi_g6371__2346.B = (0)
ABSOLUTE PORT: mac_param_tb.dut.csa_tree_ADD_TC_OP_groupi_g6372__1666.A = (0)
ABSOLUTE PORT: mac_param_tb.dut.csa_tree_ADD_TC_OP_groupi_g6372__1666.B = (0)
ABSOLUTE PORT: mac_param_tb.dut.csa_tree_ADD_TC_OP_groupi_g6373__7410.A = (0)
ABSOLUTE PORT: mac_param_tb.dut.csa_tree_ADD_TC_OP_groupi_g6373__7410.B = (0)
ABSOLUTE PORT: mac_param_tb.dut.csa_tree_ADD_TC_OP_groupi_g6374__6417.A = (0)
ABSOLUTE PORT: mac_param_tb.dut.csa_tree_ADD_TC_OP_groupi_g6374__6417.B = (0)
ABSOLUTE PORT: mac_param_tb.dut.csa_tree_ADD_TC_OP_groupi_g6375__5477.A = (0)
ABSOLUTE PORT: mac_param_tb.dut.csa_tree_ADD_TC_OP_groupi_g6375__5477.B = (0)
ABSOLUTE PORT: mac_param_tb.dut.csa_tree_ADD_TC_OP_groupi_g6376__2398.A = (0)
ABSOLUTE PORT: mac_param_tb.dut.csa_tree_ADD_TC_OP_groupi_g6376__2398.B = (0)
ABSOLUTE PORT: mac_param_tb.dut.csa_tree_ADD_TC_OP_groupi_g6377__5107.A = (0)
ABSOLUTE PORT: mac_param_tb.dut.csa_tree_ADD_TC_OP_groupi_g6377__5107.B = (0)
ABSOLUTE PORT: mac_param_tb.dut.csa_tree_ADD_TC_OP_groupi_g6378__6260.A = (0)
ABSOLUTE PORT: mac_param_tb.dut.csa_tree_ADD_TC_OP_groupi_g6378__6260.B = (0)
ABSOLUTE PORT: mac_param_tb.dut.csa_tree_ADD_TC_OP_groupi_g6379__4319.A = (0)
ABSOLUTE PORT: mac_param_tb.dut.csa_tree_ADD_TC_OP_groupi_g6379__4319.B = (0)
ABSOLUTE PORT: mac_param_tb.dut.csa_tree_ADD_TC_OP_groupi_g6380__8428.A = (0)
ABSOLUTE PORT: mac_param_tb.dut.csa_tree_ADD_TC_OP_groupi_g6380__8428.B = (0)
ABSOLUTE PORT: mac_param_tb.dut.csa_tree_ADD_TC_OP_groupi_g6381__5526.A = (0)
ABSOLUTE PORT: mac_param_tb.dut.csa_tree_ADD_TC_OP_groupi_g6381__5526.B = (0)
ABSOLUTE PORT: mac_param_tb.dut.csa_tree_ADD_TC_OP_groupi_g6382__6783.A = (0)
ABSOLUTE PORT: mac_param_tb.dut.csa_tree_ADD_TC_OP_groupi_g6382__6783.B = (0)
ABSOLUTE PORT: mac_param_tb.dut.csa_tree_ADD_TC_OP_groupi_g6383__3680.A = (0)
ABSOLUTE PORT: mac_param_tb.dut.csa_tree_ADD_TC_OP_groupi_g6383__3680.B = (0)
ABSOLUTE PORT: mac_param_tb.dut.csa_tree_ADD_TC_OP_groupi_g6384__1617.A = (0)
ABSOLUTE PORT: mac_param_tb.dut.csa_tree_ADD_TC_OP_groupi_g6384__1617.B = (0)
ABSOLUTE PORT: mac_param_tb.dut.csa_tree_ADD_TC_OP_groupi_g6385__2802.A = (0)
ABSOLUTE PORT: mac_param_tb.dut.csa_tree_ADD_TC_OP_groupi_g6385__2802.B = (0)
ABSOLUTE PORT: mac_param_tb.dut.csa_tree_ADD_TC_OP_groupi_g6386__1705.A = (0)
ABSOLUTE PORT: mac_param_tb.dut.csa_tree_ADD_TC_OP_groupi_g6386__1705.B = (0)
ABSOLUTE PORT: mac_param_tb.dut.csa_tree_ADD_TC_OP_groupi_g6387__5122.A = (0)
ABSOLUTE PORT: mac_param_tb.dut.csa_tree_ADD_TC_OP_groupi_g6387__5122.B = (0)
ABSOLUTE PORT: mac_param_tb.dut.csa_tree_ADD_TC_OP_groupi_g6388__8246.A = (0)
ABSOLUTE PORT: mac_param_tb.dut.csa_tree_ADD_TC_OP_groupi_g6388__8246.B = (0)
ABSOLUTE PORT: mac_param_tb.dut.csa_tree_ADD_TC_OP_groupi_g6389__7098.A = (0)
ABSOLUTE PORT: mac_param_tb.dut.csa_tree_ADD_TC_OP_groupi_g6389__7098.B = (0)
ABSOLUTE PORT: mac_param_tb.dut.csa_tree_ADD_TC_OP_groupi_g6390__6131.A = (0)
ABSOLUTE PORT: mac_param_tb.dut.csa_tree_ADD_TC_OP_groupi_g6390__6131.B = (0)
ABSOLUTE PORT: mac_param_tb.dut.csa_tree_ADD_TC_OP_groupi_g6391__1881.A = (0)
ABSOLUTE PORT: mac_param_tb.dut.csa_tree_ADD_TC_OP_groupi_g6391__1881.B = (0)
ABSOLUTE PORT: mac_param_tb.dut.csa_tree_ADD_TC_OP_groupi_g6392__5115.A = (0)
ABSOLUTE PORT: mac_param_tb.dut.csa_tree_ADD_TC_OP_groupi_g6392__5115.B = (0)
ABSOLUTE PORT: mac_param_tb.dut.csa_tree_ADD_TC_OP_groupi_g6393__7482.A = (0)
ABSOLUTE PORT: mac_param_tb.dut.csa_tree_ADD_TC_OP_groupi_g6393__7482.B = (0)
ABSOLUTE PORT: mac_param_tb.dut.csa_tree_ADD_TC_OP_groupi_g6394__4733.A = (0)
ABSOLUTE PORT: mac_param_tb.dut.csa_tree_ADD_TC_OP_groupi_g6394__4733.B = (0)
ABSOLUTE PORT: mac_param_tb.dut.csa_tree_ADD_TC_OP_groupi_g6395__6161.A = (0)
ABSOLUTE PORT: mac_param_tb.dut.csa_tree_ADD_TC_OP_groupi_g6395__6161.B = (0)
ABSOLUTE PORT: mac_param_tb.dut.csa_tree_ADD_TC_OP_groupi_g6396__9315.A = (0)
ABSOLUTE PORT: mac_param_tb.dut.csa_tree_ADD_TC_OP_groupi_g6396__9315.B = (0)
ABSOLUTE PORT: mac_param_tb.dut.csa_tree_ADD_TC_OP_groupi_g6399__9945.A = (0)
ABSOLUTE PORT: mac_param_tb.dut.csa_tree_ADD_TC_OP_groupi_g6399__9945.B = (0)
ABSOLUTE PORT: mac_param_tb.dut.csa_tree_ADD_TC_OP_groupi_g6400__2883.A = (0)
ABSOLUTE PORT: mac_param_tb.dut.csa_tree_ADD_TC_OP_groupi_g6400__2883.B = (0)
ABSOLUTE PORT: mac_param_tb.dut.csa_tree_ADD_TC_OP_groupi_g6401__2346.A = (0)
ABSOLUTE PORT: mac_param_tb.dut.csa_tree_ADD_TC_OP_groupi_g6401__2346.B = (0)
ABSOLUTE PORT: mac_param_tb.dut.csa_tree_ADD_TC_OP_groupi_g6402__1666.A = (0)
ABSOLUTE PORT: mac_param_tb.dut.csa_tree_ADD_TC_OP_groupi_g6402__1666.B = (0)
ABSOLUTE PORT: mac_param_tb.dut.csa_tree_ADD_TC_OP_groupi_g6403__7410.A = (0)
ABSOLUTE PORT: mac_param_tb.dut.csa_tree_ADD_TC_OP_groupi_g6403__7410.B = (0)
ABSOLUTE PORT: mac_param_tb.dut.csa_tree_ADD_TC_OP_groupi_g6404__6417.A = (0)
ABSOLUTE PORT: mac_param_tb.dut.csa_tree_ADD_TC_OP_groupi_g6404__6417.B = (0)
ABSOLUTE PORT: mac_param_tb.dut.csa_tree_ADD_TC_OP_groupi_g6405__5477.A = (0)
ABSOLUTE PORT: mac_param_tb.dut.csa_tree_ADD_TC_OP_groupi_g6405__5477.B = (0)
ABSOLUTE PORT: mac_param_tb.dut.csa_tree_ADD_TC_OP_groupi_g6406__2398.A = (0)
ABSOLUTE PORT: mac_param_tb.dut.csa_tree_ADD_TC_OP_groupi_g6406__2398.B = (0)
ABSOLUTE PORT: mac_param_tb.dut.csa_tree_ADD_TC_OP_groupi_g6407__5107.A = (0)
ABSOLUTE PORT: mac_param_tb.dut.csa_tree_ADD_TC_OP_groupi_g6407__5107.B = (0)
ABSOLUTE PORT: mac_param_tb.dut.csa_tree_ADD_TC_OP_groupi_g6408__6260.A = (0)
ABSOLUTE PORT: mac_param_tb.dut.csa_tree_ADD_TC_OP_groupi_g6408__6260.B = (0)
ABSOLUTE PORT: mac_param_tb.dut.csa_tree_ADD_TC_OP_groupi_g6409__4319.A = (0)
ABSOLUTE PORT: mac_param_tb.dut.csa_tree_ADD_TC_OP_groupi_g6409__4319.B = (0)
ABSOLUTE PORT: mac_param_tb.dut.csa_tree_ADD_TC_OP_groupi_g6410__8428.A = (0)
ABSOLUTE PORT: mac_param_tb.dut.csa_tree_ADD_TC_OP_groupi_g6410__8428.B = (0)
ABSOLUTE PORT: mac_param_tb.dut.csa_tree_ADD_TC_OP_groupi_g6411__5526.A = (0)
ABSOLUTE PORT: mac_param_tb.dut.csa_tree_ADD_TC_OP_groupi_g6411__5526.B = (0)
ABSOLUTE PORT: mac_param_tb.dut.csa_tree_ADD_TC_OP_groupi_g6412__6783.A = (0)
ABSOLUTE PORT: mac_param_tb.dut.csa_tree_ADD_TC_OP_groupi_g6412__6783.B = (0)
ABSOLUTE PORT: mac_param_tb.dut.csa_tree_ADD_TC_OP_groupi_g6413__3680.A = (0)
ABSOLUTE PORT: mac_param_tb.dut.csa_tree_ADD_TC_OP_groupi_g6413__3680.B = (0)
ABSOLUTE PORT: mac_param_tb.dut.csa_tree_ADD_TC_OP_groupi_g6414__1617.A = (0)
ABSOLUTE PORT: mac_param_tb.dut.csa_tree_ADD_TC_OP_groupi_g6414__1617.B = (0)
ABSOLUTE PORT: mac_param_tb.dut.csa_tree_ADD_TC_OP_groupi_g6415__2802.A = (0)
ABSOLUTE PORT: mac_param_tb.dut.csa_tree_ADD_TC_OP_groupi_g6415__2802.B = (0)
ABSOLUTE PORT: mac_param_tb.dut.csa_tree_ADD_TC_OP_groupi_g6416__1705.A = (0)
ABSOLUTE PORT: mac_param_tb.dut.csa_tree_ADD_TC_OP_groupi_g6416__1705.B = (0)
ABSOLUTE PORT: mac_param_tb.dut.csa_tree_ADD_TC_OP_groupi_g6417__5122.A = (0)
ABSOLUTE PORT: mac_param_tb.dut.csa_tree_ADD_TC_OP_groupi_g6417__5122.B = (0)
ABSOLUTE PORT: mac_param_tb.dut.csa_tree_ADD_TC_OP_groupi_g6418__8246.A = (0)
ABSOLUTE PORT: mac_param_tb.dut.csa_tree_ADD_TC_OP_groupi_g6418__8246.B = (0)
ABSOLUTE PORT: mac_param_tb.dut.csa_tree_ADD_TC_OP_groupi_g6419__7098.A = (0)
ABSOLUTE PORT: mac_param_tb.dut.csa_tree_ADD_TC_OP_groupi_g6419__7098.B = (0)
ABSOLUTE PORT: mac_param_tb.dut.csa_tree_ADD_TC_OP_groupi_g6420__6131.A = (0)
ABSOLUTE PORT: mac_param_tb.dut.csa_tree_ADD_TC_OP_groupi_g6420__6131.B = (0)
ABSOLUTE PORT: mac_param_tb.dut.csa_tree_ADD_TC_OP_groupi_g6421__1881.A = (0)
ABSOLUTE PORT: mac_param_tb.dut.csa_tree_ADD_TC_OP_groupi_g6421__1881.B = (0)
ABSOLUTE PORT: mac_param_tb.dut.csa_tree_ADD_TC_OP_groupi_g6422__5115.A = (0)
ABSOLUTE PORT: mac_param_tb.dut.csa_tree_ADD_TC_OP_groupi_g6422__5115.B = (0)
ABSOLUTE PORT: mac_param_tb.dut.csa_tree_ADD_TC_OP_groupi_g6423__7482.A = (0)
ABSOLUTE PORT: mac_param_tb.dut.csa_tree_ADD_TC_OP_groupi_g6423__7482.B = (0)
ABSOLUTE PORT: mac_param_tb.dut.csa_tree_ADD_TC_OP_groupi_g6424__4733.A = (0)
ABSOLUTE PORT: mac_param_tb.dut.csa_tree_ADD_TC_OP_groupi_g6424__4733.B = (0)
ABSOLUTE PORT: mac_param_tb.dut.csa_tree_ADD_TC_OP_groupi_g6425__6161.A = (0)
ABSOLUTE PORT: mac_param_tb.dut.csa_tree_ADD_TC_OP_groupi_g6425__6161.B = (0)
ABSOLUTE PORT: mac_param_tb.dut.csa_tree_ADD_TC_OP_groupi_g6426__9315.A = (0)
ABSOLUTE PORT: mac_param_tb.dut.csa_tree_ADD_TC_OP_groupi_g6426__9315.B = (0)
ABSOLUTE PORT: mac_param_tb.dut.csa_tree_ADD_TC_OP_groupi_g6427__9945.A = (0)
ABSOLUTE PORT: mac_param_tb.dut.csa_tree_ADD_TC_OP_groupi_g6427__9945.B = (0)
ABSOLUTE PORT: mac_param_tb.dut.csa_tree_ADD_TC_OP_groupi_g6428__2883.A = (0)
ABSOLUTE PORT: mac_param_tb.dut.csa_tree_ADD_TC_OP_groupi_g6428__2883.B = (0)
ABSOLUTE PORT: mac_param_tb.dut.csa_tree_ADD_TC_OP_groupi_g6429__2346.A = (0)
ABSOLUTE PORT: mac_param_tb.dut.csa_tree_ADD_TC_OP_groupi_g6429__2346.B = (0)
ABSOLUTE PORT: mac_param_tb.dut.csa_tree_ADD_TC_OP_groupi_g6430__1666.A = (0)
ABSOLUTE PORT: mac_param_tb.dut.csa_tree_ADD_TC_OP_groupi_g6430__1666.B = (0)
ABSOLUTE PORT: mac_param_tb.dut.csa_tree_ADD_TC_OP_groupi_g6431__7410.A = (0)
ABSOLUTE PORT: mac_param_tb.dut.csa_tree_ADD_TC_OP_groupi_g6431__7410.B = (0)
ABSOLUTE PORT: mac_param_tb.dut.csa_tree_ADD_TC_OP_groupi_g6446__5477.A = (0)
ABSOLUTE PORT: mac_param_tb.dut.csa_tree_ADD_TC_OP_groupi_g6446__5477.B = (0)
ABSOLUTE PORT: mac_param_tb.dut.csa_tree_ADD_TC_OP_groupi_g6448__5107.A = (0)
ABSOLUTE PORT: mac_param_tb.dut.csa_tree_ADD_TC_OP_groupi_g6448__5107.B = (0)
ABSOLUTE PORT: mac_param_tb.dut.csa_tree_ADD_TC_OP_groupi_g6449__6260.A = (0)
ABSOLUTE PORT: mac_param_tb.dut.csa_tree_ADD_TC_OP_groupi_g6449__6260.B = (0)
ABSOLUTE PORT: mac_param_tb.dut.csa_tree_ADD_TC_OP_groupi_g6450__4319.A = (0)
ABSOLUTE PORT: mac_param_tb.dut.csa_tree_ADD_TC_OP_groupi_g6450__4319.B = (0)
ABSOLUTE PORT: mac_param_tb.dut.csa_tree_ADD_TC_OP_groupi_g6451__8428.A = (0)
ABSOLUTE PORT: mac_param_tb.dut.csa_tree_ADD_TC_OP_groupi_g6451__8428.B = (0)
ABSOLUTE PORT: mac_param_tb.dut.csa_tree_ADD_TC_OP_groupi_g6452__5526.A = (0)
ABSOLUTE PORT: mac_param_tb.dut.csa_tree_ADD_TC_OP_groupi_g6452__5526.B = (0)
ABSOLUTE PORT: mac_param_tb.dut.csa_tree_ADD_TC_OP_groupi_g6453__6783.A = (0)
ABSOLUTE PORT: mac_param_tb.dut.csa_tree_ADD_TC_OP_groupi_g6453__6783.B = (0)
ABSOLUTE PORT: mac_param_tb.dut.csa_tree_ADD_TC_OP_groupi_g6454__3680.A = (0)
ABSOLUTE PORT: mac_param_tb.dut.csa_tree_ADD_TC_OP_groupi_g6454__3680.B = (0)
ABSOLUTE PORT: mac_param_tb.dut.csa_tree_ADD_TC_OP_groupi_g6455__1617.A = (0)
ABSOLUTE PORT: mac_param_tb.dut.csa_tree_ADD_TC_OP_groupi_g6455__1617.B = (0)
ABSOLUTE PORT: mac_param_tb.dut.csa_tree_ADD_TC_OP_groupi_g6456__2802.A = (0)
ABSOLUTE PORT: mac_param_tb.dut.csa_tree_ADD_TC_OP_groupi_g6456__2802.B = (0)
ABSOLUTE PORT: mac_param_tb.dut.csa_tree_ADD_TC_OP_groupi_g6457__1705.A = (0)
ABSOLUTE PORT: mac_param_tb.dut.csa_tree_ADD_TC_OP_groupi_g6457__1705.B = (0)
ABSOLUTE PORT: mac_param_tb.dut.csa_tree_ADD_TC_OP_groupi_g6458__5122.AN = (0)
ABSOLUTE PORT: mac_param_tb.dut.csa_tree_ADD_TC_OP_groupi_g6458__5122.B = (0)
ABSOLUTE PORT: mac_param_tb.dut.csa_tree_ADD_TC_OP_groupi_g6459__8246.AN = (0)
ABSOLUTE PORT: mac_param_tb.dut.csa_tree_ADD_TC_OP_groupi_g6459__8246.B = (0)
ABSOLUTE PORT: mac_param_tb.dut.csa_tree_ADD_TC_OP_groupi_g6460__7098.AN = (0)
ABSOLUTE PORT: mac_param_tb.dut.csa_tree_ADD_TC_OP_groupi_g6460__7098.B = (0)
ABSOLUTE PORT: mac_param_tb.dut.fopt6461.A = (0)
ABSOLUTE PORT: mac_param_tb.dut.fopt6462.A = (0)
ABSOLUTE PORT: mac_param_tb.dut.fopt2.A = (0)
ABSOLUTE PORT: mac_param_tb.dut.fopt6465.A = (0)
ABSOLUTE PORT: mac_param_tb.dut.fopt6468.A = (0)
ABSOLUTE PORT: mac_param_tb.dut.fopt6470.A = (0)
ABSOLUTE PORT: mac_param_tb.dut.fopt3.A = (0)
ABSOLUTE PORT: mac_param_tb.dut.fopt6472.A = (0)
ABSOLUTE PORT: mac_param_tb.dut.fopt6474.A = (0)
ABSOLUTE PORT: mac_param_tb.dut.csa_tree_ADD_TC_OP_groupi_g2_0__1881.A = (0)
ABSOLUTE PORT: mac_param_tb.dut.csa_tree_ADD_TC_OP_groupi_g2_0__1881.B = (0)
ABSOLUTE PORT: mac_param_tb.dut.csa_tree_ADD_TC_OP_groupi_g2_0__1881.S0 = (0)
ABSOLUTE PORT: mac_param_tb.dut.g2.A = (0)
ABSOLUTE PORT: mac_param_tb.dut.g2.B = (0)
ABSOLUTE PORT: mac_param_tb.dut.g2.S0 = (0)
ABSOLUTE PORT: mac_param_tb.dut.g3.A = (0)
ABSOLUTE PORT: mac_param_tb.dut.g3.B = (0)
ABSOLUTE PORT: mac_param_tb.dut.g6476.A = (0)
ABSOLUTE PORT: mac_param_tb.dut.g6476.B = (0)
ABSOLUTE PORT: mac_param_tb.dut.g6481.A = (0)
ABSOLUTE PORT: mac_param_tb.dut.g6481.B = (0)
ABSOLUTE PORT: mac_param_tb.dut.g6481.S0 = (0)
ABSOLUTE PORT: mac_param_tb.dut.fopt6485.A = (0)
ABSOLUTE PORT: mac_param_tb.dut.fopt6487.A = (0)
ABSOLUTE PORT: mac_param_tb.dut.g6489.A0N = (0)
ABSOLUTE PORT: mac_param_tb.dut.g6489.A1N = (0)
ABSOLUTE PORT: mac_param_tb.dut.g6489.B0 = (0)
ABSOLUTE PORT: mac_param_tb.dut.g6490.A = (0)
ABSOLUTE PORT: mac_param_tb.dut.g6490.B = (0)
ABSOLUTE PORT: mac_param_tb.dut.drc_bufs.A = (0)
ABSOLUTE PORT: mac_param_tb.dut.drc_bufs6494.A = (0)
ABSOLUTE PORT: mac_param_tb.dut.drc_bufs6497.A = (0)
ABSOLUTE PORT: mac_param_tb.dut.drc_bufs6500.A = (0)
ABSOLUTE PORT: mac_param_tb.dut.drc_bufs6503.A = (0)
ABSOLUTE PORT: mac_param_tb.dut.drc_bufs6506.A = (0)
ABSOLUTE PORT: mac_param_tb.dut.drc_bufs6509.A = (0)
ABSOLUTE PORT: mac_param_tb.dut.drc_bufs6512.A = (0)
ABSOLUTE PORT: mac_param_tb.dut.drc_bufs6518.A = (0)
ABSOLUTE PORT: mac_param_tb.dut.drc_bufs6521.A = (0)
ABSOLUTE PORT: mac_param_tb.dut.drc_bufs6524.A = (0)
ABSOLUTE PORT: mac_param_tb.dut.drc_bufs6527.A = (0)
ABSOLUTE PORT: mac_param_tb.dut.drc_bufs6536.A = (0)
ABSOLUTE PORT: mac_param_tb.dut.drc_bufs6539.A = (0)
ABSOLUTE PORT: mac_param_tb.dut.drc_bufs6542.A = (0)
ABSOLUTE PORT: mac_param_tb.dut.drc_bufs6545.A = (0)
ABSOLUTE PORT: mac_param_tb.dut.drc_bufs6548.A = (0)
ABSOLUTE PORT: mac_param_tb.dut.drc_bufs6551.A = (0)
ABSOLUTE PORT: mac_param_tb.dut.drc_bufs6554.A = (0)
ABSOLUTE PORT: mac_param_tb.dut.drc_bufs6557.A = (0)
ABSOLUTE PORT: mac_param_tb.dut.drc_bufs6560.A = (0)
ABSOLUTE PORT: mac_param_tb.dut.drc_bufs6563.A = (0)
ABSOLUTE PORT: mac_param_tb.dut.drc_bufs6566.A = (0)
ABSOLUTE PORT: mac_param_tb.dut.drc_bufs6569.A = (0)
ABSOLUTE PORT: mac_param_tb.dut.csa_tree_ADD_TC_OP_groupi_g6092__7410_1.AN = (0)
ABSOLUTE PORT: mac_param_tb.dut.csa_tree_ADD_TC_OP_groupi_g6092__7410_1.B = (0)
ABSOLUTE PORT: mac_param_tb.dut.csa_tree_ADD_TC_OP_groupi_g6339__6797.A = (0)
ABSOLUTE PORT: mac_param_tb.dut.csa_tree_ADD_TC_OP_groupi_g6339__6797.B = (0)
ABSOLUTE PORT: mac_param_tb.dut.\result_reg[25] .RN = (0)
ABSOLUTE PORT: mac_param_tb.dut.\result_reg[25] .CK = (0)
ABSOLUTE PORT: mac_param_tb.dut.\result_reg[25] .D = (0)
ABSOLUTE PORT: mac_param_tb.dut.\result_reg[17] .RN = (0)
ABSOLUTE PORT: mac_param_tb.dut.\result_reg[17] .CK = (0)
ABSOLUTE PORT: mac_param_tb.dut.\result_reg[17] .D = (0)
ABSOLUTE PORT: mac_param_tb.dut.g6802.AN = (0)
ABSOLUTE PORT: mac_param_tb.dut.g6802.B = (0)
ABSOLUTE PORT: mac_param_tb.dut.g6803.A = (0)
ABSOLUTE PORT: mac_param_tb.dut.g6803.B = (0)
ABSOLUTE PORT: mac_param_tb.dut.g6804.A0 = (0)
ABSOLUTE PORT: mac_param_tb.dut.g6804.A1 = (0)
ABSOLUTE PORT: mac_param_tb.dut.g6804.B0 = (0)
ABSOLUTE PORT: mac_param_tb.dut.g6805.A0 = (0)
ABSOLUTE PORT: mac_param_tb.dut.g6805.A1 = (0)
ABSOLUTE PORT: mac_param_tb.dut.g6805.B0 = (0)
ABSOLUTE PORT: mac_param_tb.dut.\result_reg[19] .RN = (0)
ABSOLUTE PORT: mac_param_tb.dut.\result_reg[19] .CK = (0)
ABSOLUTE PORT: mac_param_tb.dut.\result_reg[19] .D = (0)
ABSOLUTE PORT: mac_param_tb.dut.\result_reg[21] .RN = (0)
ABSOLUTE PORT: mac_param_tb.dut.\result_reg[21] .CK = (0)
ABSOLUTE PORT: mac_param_tb.dut.\result_reg[21] .D = (0)
ABSOLUTE PORT: mac_param_tb.dut.\result_reg[22] .RN = (0)
ABSOLUTE PORT: mac_param_tb.dut.\result_reg[22] .CK = (0)
ABSOLUTE PORT: mac_param_tb.dut.\result_reg[22] .D = (0)
ABSOLUTE PORT: mac_param_tb.dut.\result_reg[18] .RN = (0)
ABSOLUTE PORT: mac_param_tb.dut.\result_reg[18] .CK = (0)
ABSOLUTE PORT: mac_param_tb.dut.\result_reg[18] .D = (0)
ABSOLUTE PORT: mac_param_tb.dut.\result_reg[24] .RN = (0)
ABSOLUTE PORT: mac_param_tb.dut.\result_reg[24] .CK = (0)
ABSOLUTE PORT: mac_param_tb.dut.\result_reg[24] .D = (0)
ABSOLUTE PORT: mac_param_tb.dut.\result_reg[20] .RN = (0)
ABSOLUTE PORT: mac_param_tb.dut.\result_reg[20] .CK = (0)
ABSOLUTE PORT: mac_param_tb.dut.\result_reg[20] .D = (0)
ABSOLUTE PORT: mac_param_tb.dut.\result_reg[23] .RN = (0)
ABSOLUTE PORT: mac_param_tb.dut.\result_reg[23] .CK = (0)
ABSOLUTE PORT: mac_param_tb.dut.\result_reg[23] .D = (0)
ABSOLUTE PORT: mac_param_tb.dut.drc_bufs6820.A = (0)
ABSOLUTE PORT: mac_param_tb.dut.drc_bufs6823.A = (0)
ABSOLUTE PORT: mac_param_tb.dut.drc_bufs6826.A = (0)
ABSOLUTE PORT: mac_param_tb.dut.drc_bufs6829.A = (0)
ABSOLUTE PORT: mac_param_tb.dut.drc_bufs6832.A = (0)
